# map seed opt_first repeats opt_success con_success opt_deterministic con_deterministic opt_run_time con_run_time opt_wall_mean con_wall_mean opt_cpu_time con_cpu_time opt_cpu_mean con_cpu_mean opt_iterations con_iterations opt_nodes con_nodes opt_nn_checks con_nn_checks opt_connection_checks con_connection_checks opt_collision_checks con_collision_checks opt_tree_mem con_tree_mem opt_path_mem con_path_mem
map_0 42 1 5 5 5 1 1 0.001500291 0.001068625 0.0015036248 0.001068008 0.001501 0.001066 0.0015016 0.0010664 7848 2871 2158 1465 72178 1038790 345 536120 106997 2871 18.537109375 7.1533203125 0.1962890625 1.5
map_1 42 0 5 5 5 1 1 0.000966791 0.000401 0.0009819998 0.0004009084 0.000966 0.000401 0.0009804 0.0004004 5263 2138 1993 835 35408 366585 90 174282 70459 2138 17.7314453125 4.0771484375 0.193359375 1.39453125
map_2 42 1 5 5 5 1 1 0.001509208 0.006470541 0.0015346416 0.006470425 0.001509 0.006468 0.001534 0.0064676 8210 13780 3506 3762 65089 6423171 225 3538143 105813 13780 25.119140625 18.369140625 0.2138671875 1.9189453125
map_3 42 0 5 5 5 1 1 0.001831 0.000724 0.0018473748 0.0007234584 0.001829 0.000722 0.0018452 0.0007222 9954 1912 5181 1301 66581 643085 714 423009 127389 1912 33.2978515625 6.3525390625 0.2431640625 1.4619140625
map_4 42 1 5 5 5 1 1 0.00131675 0.001033042 0.001327058 0.0010333832 0.001316 0.001032 0.0013252 0.0010322 7103 2462 2361 1503 59063 969303 28 564183 98452 2462 19.5283203125 7.3388671875 0.193359375 1.330078125
map_5 42 0 5 5 5 1 1 0.001433125 0.001997666 0.0014396916 0.0019984914 0.001431 0.001997 0.001438 0.0019978 7629 3698 2038 2086 57850 1956603 44 1087260 103416 3698 17.951171875 10.185546875 0.1875 1.51171875
map_6 42 1 5 5 5 1 1 0.001177 0.000322792 0.0012011418 0.000323767 0.001177 0.000322 0.0011972 0.0003226 6210 1112 2155 896 46747 258232 25 200541 82481 1112 18.5224609375 4.375 0.2255859375 1.353515625
map_7 42 0 5 5 5 1 1 0.001813834 0.009443083 0.0018306834 0.0094407086 0.001812 0.00944 0.0018286 0.009438 9761 7876 4498 4736 79458 9383922 341 5606438 130008 7875 29.962890625 23.125 0.24609375 1.5263671875
map_8 42 1 5 5 5 1 1 0.001129875 0.001217917 0.0011383332 0.0012177502 0.001131 0.001217 0.0011372 0.0012168 5989 2647 1610 1622 69993 1171186 61 657355 80119 2647 15.861328125 7.919921875 0.2255859375 1.423828125
map_9 42 0 5 5 5 1 1 0.0019545 0.001831875 0.0019334662 0.0018319918 0.001955 0.001829 0.001932 0.0018298 10387 3170 5568 2116 71978 1682865 295 1119058 142850 3170 35.1875 10.33203125 0.2431640625 1.3916015625
map_0 43 0 5 5 5 1 1 0.002540417 0.000384709 0.0025635248 0.00038495 0.002539 0.000384 0.0025618 0.000384 13465 1412 5148 915 126549 335814 468 209253 183952 1412 33.13671875 4.4677734375 0.2490234375 1.40625
map_1 43 1 5 5 5 1 1 0.001401917 0.00147 0.0014113836 0.0014633832 0.001398 0.001467 0.0014096 0.0014604 7562 2772 2808 1832 47779 1357208 29 838667 101178 2772 21.7109375 8.9453125 0.1728515625 1.353515625
map_2 43 0 5 5 5 1 1 0.001579791 0.000788292 0.0016000916 0.0008359002 0.001576 0.000785 0.001597 0.000835 8619 2031 4257 1339 58880 682837 357 447888 110012 2031 28.7861328125 6.5380859375 0.251953125 1.40625
map_3 43 1 5 5 5 1 1 0.001130583 0.001495209 0.0011351666 0.0014996334 0.00113 0.001492 0.001132 0.0014976 5861 2832 2068 1869 36547 1395644 78 872781 79990 2832 18.09765625 9.1259765625 0.181640625 1.3037109375
map_4 43 0 5 5 5 1 1 0.001736208 0.00076125 0.0017500916 0.0007639834 0.001734 0.00076 0.001748 0.0007632 9439 2185 2918 1266 64507 704673 141 400423 118826 2185 22.248046875 6.181640625 0.228515625 1.4736328125
map_5 43 1 5 5 5 1 1 0.001329167 0.001581167 0.0013313668 0.0015814332 0.001325 0.00158 0.0013296 0.00158 7100 10454 2120 1590 47972 1518873 78 631619 93754 10454 18.3515625 7.763671875 0.2138671875 1.4970703125
map_6 43 0 5 5 5 1 1 0.001653667 0.000346042 0.0016552084 0.0003457418 0.001651 0.000346 0.001652 0.0003454 8804 1183 2560 903 61435 288598 54 203690 98386 1183 20.5 4.4091796875 0.240234375 1.3330078125
map_7 43 1 5 5 5 1 1 0.001588833 0.000813666 0.0016026166 0.0008139914 0.001586 0.000813 0.0016002 0.0008134 8562 2135 3143 1341 58266 747623 68 449166 108479 2135 23.3466796875 6.5478515625 0.1787109375 1.53515625
map_8 43 0 5 5 5 1 1 0.001640584 0.008026 0.0016566998 0.0080266252 0.001637 0.008024 0.0016542 0.0080234 8960 7342 3570 4323 72153 8051629 242 4670739 123396 7342 25.431640625 21.1083984375 0.2138671875 1.5732421875
map_9 43 1 5 5 5 1 1 0.001833292 0.000320708 0.0018461834 0.0003216998 0.001833 0.00032 0.0018448 0.0003212 9759 1332 4753 812 78238 278970 427 164762 129587 1332 31.2080078125 3.96484375 0.263671875 1.447265625
map_0 44 1 5 5 5 1 1 0.001420166 0.001021375 0.0014252666 0.0010220418 0.00142 0.001022 0.0014242 0.0010218 7592 2524 2761 1461 57260 981035 27 533198 102158 2524 21.4814453125 7.1337890625 0.2197265625 1.3857421875
map_1 44 0 5 5 5 1 1 0.00197625 0.001341583 0.0019561666 0.0013522582 0.001975 0.001333 0.0019544 0.0013442 10405 2751 5159 1734 72871 1217988 681 751059 136131 2751 33.1904296875 8.466796875 0.1875 1.470703125
map_2 44 1 5 5 5 1 1 0.001141 0.003768125 0.0011501502 0.0037689832 0.001139 0.003768 0.0011482 0.0037688 6082 38502 1896 1912 48621 3822872 15 913107 78034 38502 17.2578125 9.3359375 0.2373046875 1.3623046875
map_3 44 0 5 5 5 1 1 0.001100666 0.001154333 0.0011134916 0.001155275 0.0011 0.001154 0.001112 0.0011546 5947 2437 3021 1636 38989 1067961 25 668611 82078 2437 22.7509765625 7.98828125 0.228515625 1.39453125
map_4 44 1 5 5 5 1 1 0.001647458 0.003503166 0.0016599418 0.0035080246 0.001647 0.0035 0.0016592 0.003505 8710 5250 3364 2690 81809 3598866 36 1808150 120649 5250 24.42578125 13.134765625 0.2109375 1.51171875
map_5 44 0 5 5 5 1 1 0.001669042 0.003933208 0.0016835666 0.0039339416 0.001666 0.00393 0.0016806 0.0039314 8971 5384 3998 2888 56214 4022711 155 2083808 121016 5384 27.521484375 14.1015625 0.234375 1.3388671875
map_6 44 1 5 5 5 1 1 0.001923917 0.000578333 0.0019320918 0.0005777498 0.001922 0.000575 0.001929 0.000576 10237 1661 4967 1141 82922 514136 286 325075 133909 1661 32.2529296875 5.5712890625 0.2724609375 1.3359375
map_7 44 0 5 5 5 1 1 0.001489083 0.002008791 0.0015005084 0.0020175664 0.001486 0.002007 0.0014978 0.002016 8066 3900 3073 2003 55191 2034090 80 1002359 105667 3900 23.0048828125 9.7802734375 0.19921875 1.505859375
map_8 44 1 5 5 5 1 1 0.001503125 0.000804958 0.0015118414 0.000805383 0.0015 0.000803 0.00151 0.000804 8118 2271 3160 1324 55983 739725 35 437965 104326 2271 23.4296875 6.46484375 0.24609375 1.4560546875
map_9 44 0 5 5 5 1 1 0.001757083 0.000795584 0.0017820332 0.0007967172 0.001757 0.000795 0.0017804 0.0007958 9481 2382 4998 1309 69591 731610 388 427884 130379 2382 32.404296875 6.3916015625 0.24609375 1.3447265625
map_0 45 0 5 5 5 1 1 0.001851583 0.000787541 0.001859725 0.0007893332 0.001849 0.000787 0.0018578 0.0007892 9850 2017 4556 1304 73964 740201 390 424831 136294 2017 30.24609375 6.3671875 0.2783203125 1.4267578125
map_1 45 1 5 5 5 1 1 0.001742291 0.000836333 0.0017362666 0.0008362664 0.00174 0.000833 0.0017346 0.0008348 9081 3875 4673 1330 67360 739784 491 442223 122234 3875 30.8173828125 6.494140625 0.24609375 1.5703125
map_2 45 0 5 5 5 1 1 0.001674917 0.005201 0.0016630168 0.0052082416 0.001674 0.0052 0.00166 0.0052074 8731 9923 4203 3446 59039 5070704 31 2968691 119333 9923 28.5224609375 16.826171875 0.2607421875 1.79296875
map_3 45 1 5 5 5 1 1 0.001921792 0.000742792 0.0019329082 0.0007430502 0.001921 0.000741 0.0019314 0.0007414 10309 1904 4089 1313 67852 657939 102 430955 140266 1904 27.9658203125 6.4111328125 0.2607421875 1.51171875
map_4 45 0 5 5 5 1 1 0.00203675 0.00161125 0.0020423586 0.0016116166 0.002034 0.001608 0.0020402 0.0016092 10887 2912 5417 1910 81097 1538431 258 911410 148813 2912 34.4501953125 9.326171875 0.2197265625 1.4150390625
map_5 45 1 5 5 5 1 1 0.001771375 0.0004185 0.001786817 0.0004189166 0.001771 0.000418 0.0017854 0.0004188 9543 1423 4072 961 72256 362085 110 230799 128221 1423 27.8828125 4.6923828125 0.2138671875 1.4765625
map_6 45 0 5 5 5 1 1 0.002304625 0.001393125 0.0023118832 0.0013917834 0.002298 0.001389 0.0023088 0.0013896 12176 3111 7124 1677 91204 1372089 1617 703078 168171 3111 42.78515625 8.1884765625 0.24609375 1.4970703125
map_7 45 1 5 5 5 1 1 0.001637833 0.001096667 0.0016564166 0.001097242 0.001637 0.001093 0.0016546 0.0010952 8856 2722 4564 1466 56845 1074683 67 537165 126701 2722 30.28515625 7.158203125 0.24609375 1.4970703125
map_8 45 0 5 5 5 1 1 0.001785542 0.000523333 0.001804325 0.0005236916 0.001784 0.000524 0.0018022 0.0005236 9567 1670 4594 1109 71640 450008 295 307229 126286 1670 30.431640625 5.4150390625 0.205078125 1.4736328125
map_9 45 1 5 5 5 1 1 0.001955333 0.001085417 0.0019650832 0.0010865668 0.001956 0.001083 0.001964 0.0010846 10387 2771 4791 1482 75415 1036998 161 549004 145772 2771 31.3935546875 7.236328125 0.26953125 1.48828125
map_0 46 1 5 5 5 1 1 0.002155709 0.001596333 0.0021918586 0.001596475 0.002155 0.001594 0.0021866 0.0015946 10725 2947 3343 1938 93798 1487030 181 938869 149534 2947 24.3232421875 9.462890625 0.2783203125 1.7373046875
map_1 46 0 5 5 5 1 1 0.001282458 0.000294417 0.0012964252 0.0002955334 0.001283 0.000294 0.0012948 0.0002948 6994 1085 2545 839 48194 239361 63 175950 88678 1085 20.4267578125 4.0966796875 0.169921875 1.3916015625
map_2 46 1 5 5 5 1 1 0.00153275 0.00504 0.0015362832 0.0050394498 0.001532 0.005038 0.0015358 0.0050368 8098 30152 3286 2800 63238 5083350 41 1958736 104238 30150 24.044921875 13.671875 0.2431640625 1.37109375
map_3 46 0 5 5 5 1 1 0.00124275 0.000452167 0.0012581 0.0004525334 0.001243 0.000452 0.0012564 0.0004526 6676 1570 2565 984 51000 402832 10 241855 92198 1570 20.5244140625 4.8046875 0.2314453125 1.3681640625
map_4 46 1 5 5 5 1 1 0.001889583 0.000295459 0.0019112248 0.0002966918 0.00189 0.000296 0.00191 0.0002958 10121 1259 3969 819 82427 242610 362 167599 135419 1259 27.3798828125 3.9990234375 0.2080078125 1.40625
map_5 46 0 5 5 5 1 1 0.00189525 0.00352175 0.0018967586 0.0035215166 0.001895 0.003519 0.001895 0.0035198 9979 4524 4906 2887 64327 3405371 325 2083186 134011 4523 31.955078125 14.0966796875 0.1845703125 1.3359375
map_6 46 1 5 5 5 1 1 0.001847542 0.001217084 0.001855825 0.00121915 0.001846 0.001214 0.0018542 0.0012174 9859 2475 3899 1730 80979 1088180 276 747508 128821 2475 27.0380859375 8.447265625 0.2080078125 1.3447265625
map_7 46 0 5 5 5 1 1 0.001743167 0.000513417 0.0017579918 0.0005139084 0.00174 0.000513 0.0017562 0.0005126 9319 1726 4653 1022 56845 470991 381 261049 124279 1726 30.7197265625 4.990234375 0.2373046875 1.4736328125
map_8 46 1 5 5 5 1 1 0.001591041 0.000634875 0.0016066082 0.0006343168 0.00159 0.000632 0.0016054 0.000633 8577 1756 3794 1245 74225 543478 236 387211 115800 1756 26.525390625 6.0791015625 0.2431640625 1.4560546875
map_9 46 0 5 5 5 1 1 0.001629333 0.000383916 0.001637525 0.0003837082 0.001626 0.000383 0.0016354 0.0003828 8577 1251 3261 944 77931 327552 24 222673 119262 1251 23.9228515625 4.609375 0.2255859375 1.3388671875
map_0 47 0 5 5 5 1 1 0.001759958 0.000741041 0.0017474832 0.0007413082 0.001756 0.00074 0.0017442 0.0007406 9164 2151 3161 1237 73013 697653 167 382510 135174 2151 23.4345703125 6.0400390625 0.2373046875 1.46484375
map_1 47 1 5 5 5 1 1 0.001493542 0.00033775 0.001510267 0.0003372832 0.001493 0.000337 0.0015094 0.0003364 8141 1318 3109 849 48179 272254 66 180161 111148 1318 23.1806640625 4.1455078125 0.228515625 1.4326171875
map_2 47 0 5 5 5 1 1 0.00211875 0.000764708 0.002089 0.0007667248 0.002116 0.000764 0.0020856 0.0007652 10799 1917 4695 1340 72050 682095 328 448424 148191 1917 30.9248046875 6.54296875 0.2490234375 1.34765625
map_3 47 1 5 5 5 1 1 0.001606292 0.002513958 0.0016241752 0.002519775 0.001605 0.002514 0.001623 0.0025182 8500 3723 2614 2484 71199 2349187 9 1541702 111459 3723 20.763671875 12.12890625 0.2314453125 1.4736328125
map_4 47 0 5 5 5 1 1 0.001687917 0.002404208 0.0017013334 0.0024094248 0.001687 0.002404 0.0017006 0.002408 8976 4031 3093 2309 68373 2347778 101 1332618 126183 4031 23.1025390625 11.2744140625 0.22265625 1.8369140625
map_5 47 1 5 5 5 1 1 0.001572291 0.0012425 0.001590225 0.0012451498 0.001571 0.001242 0.0015896 0.001245 8377 2690 3031 1694 58216 1154986 99 716731 118601 2690 22.7998046875 8.271484375 0.22265625 1.41796875
map_6 47 0 5 5 5 1 1 0.001375167 0.000320917 0.0013864082 0.0003241082 0.001375 0.000322 0.0013864 0.0003238 7506 1183 3195 868 49026 254727 123 188269 90402 1183 23.6005859375 4.23828125 0.205078125 1.359375
map_7 47 1 5 5 5 1 1 0.001729375 0.001044333 0.0017583334 0.0010440168 0.00173 0.001042 0.0017574 0.0010428 9191 2408 3754 1550 65666 952304 266 600317 129052 2408 26.330078125 7.568359375 0.216796875 1.5
map_8 47 0 5 5 5 1 1 0.00180425 0.000268209 0.0018184416 0.0002686834 0.001803 0.000268 0.0018172 0.0002678 9802 1117 3549 771 73765 220638 175 148565 128187 1117 25.3291015625 3.7646484375 0.2373046875 1.41796875
map_9 47 1 5 5 5 1 1 0.001950791 0.00075475 0.0019648582 0.0007564252 0.001947 0.000754 0.0019618 0.000755 10373 2117 4014 1282 78971 681324 224 410500 143467 2117 27.599609375 6.259765625 0.2578125 1.44140625
map_0 48 1 5 5 5 1 1 0.001798125 0.000780417 0.0018563918 0.000780225 0.001797 0.00078 0.0018528 0.00078 9309 2247 3170 1167 71891 756941 202 340374 115975 2247 23.478515625 5.6982421875 0.228515625 1.458984375
map_1 48 0 5 5 5 1 1 0.001648416 0.003118792 0.0016631666 0.0031160416 0.001645 0.003113 0.0016618 0.003112 8892 4630 3629 2623 53161 3048884 293 1719123 119211 4630 25.7197265625 12.8076171875 0.1904296875 1.3828125
map_2 48 1 5 5 5 1 1 0.001775916 0.00627325 0.001797133 0.0062304832 0.001775 0.006263 0.0017922 0.0062242 9306 52957 3099 2155 69021 6793270 87 1160918 115964 52956 23.1318359375 10.5224609375 0.2373046875 1.7548828125
map_3 48 0 5 5 5 1 1 0.001962125 0.000178334 0.00197905 0.0001787918 0.001959 0.000178 0.0019766 0.000178 10200 809 3548 658 90542 133466 20 108236 139864 809 25.32421875 3.212890625 0.2490234375 1.3037109375
map_4 48 1 5 5 5 1 1 0.0013945 0.00622025 0.0013907916 0.0062199918 0.001395 0.006218 0.0013904 0.0062178 7194 6619 1728 3838 48993 6114594 6 3682318 92065 6617 16.4375 18.740234375 0.1640625 1.8662109375
map_5 48 0 5 5 5 1 1 0.001606166 0.002693667 0.0016206498 0.0027130668 0.001603 0.002691 0.0016184 0.002711 8650 13810 3000 1992 59045 2805458 119 991301 113932 13810 22.6484375 9.7265625 0.2255859375 1.5205078125
map_6 48 1 5 5 5 1 1 0.001683541 0.000324667 0.00168245 0.000327125 0.001682 0.000325 0.001682 0.0003266 8930 1193 3275 863 62305 272575 123 186097 118216 1193 23.9912109375 4.2138671875 0.2080078125 1.388671875
map_7 48 0 5 5 5 1 1 0.00135825 0.000363209 0.0013596748 0.000363625 0.001358 0.000363 0.0013596 0.0003636 7102 1309 2412 944 39533 294493 53 222610 93092 1309 19.77734375 4.609375 0.1611328125 1.3798828125
map_8 48 1 5 5 5 1 1 0.00189975 0.003103667 0.001922875 0.0031028582 0.001899 0.0031 0.0019214 0.0031002 10172 13521 3837 2442 85118 3017195 120 1490178 137409 13521 26.7353515625 11.923828125 0.2255859375 1.51171875
map_9 48 0 5 5 5 1 1 0.001667958 0.000493 0.0016784584 0.0004931746 0.001665 0.000492 0.001676 0.0004924 8804 1479 3427 1097 78571 413890 66 300537 121525 1479 24.7333984375 5.3564453125 0.240234375 1.365234375
map_0 49 0 5 5 5 1 1 0.001570417 0.000486917 0.0015798998 0.000486875 0.001568 0.000487 0.0015772 0.0004868 8410 1622 2991 1054 68061 423784 112 277609 107265 1622 22.6044921875 5.146484375 0.251953125 1.4736328125
map_1 49 1 5 5 5 1 1 0.001786208 0.001536458 0.0018181084 0.0015368582 0.001783 0.001534 0.0018162 0.0015348 9345 4368 4195 1748 73730 1505143 110 763431 123420 4368 28.4833984375 8.53515625 0.22265625 1.6259765625
map_2 49 0 5 5 5 1 1 0.001692916 0.001772125 0.0017054412 0.001770825 0.00169 0.00177 0.0017032 0.00177 9109 3224 3343 2027 81214 1673895 58 1027122 116498 3224 24.3232421875 9.8974609375 0.234375 1.86328125
map_3 49 1 5 5 5 1 1 0.001110583 0.00052325 0.0011387584 0.0005235334 0.001111 0.000523 0.001138 0.0005218 5893 1728 2121 1031 47833 464897 82 265673 79523 1728 18.3564453125 5.0341796875 0.15234375 1.51171875
map_4 49 0 5 5 5 1 1 0.002130625 0.003612166 0.0021388 0.0036179082 0.002131 0.003611 0.0021366 0.0036158 11292 4761 4438 2940 72975 3472588 184 2160638 154367 4761 29.669921875 14.35546875 0.2255859375 1.8427734375
map_5 49 1 5 5 5 1 1 0.001551209 0.002032416 0.0015691918 0.0020338828 0.00155 0.002029 0.0015686 0.0020312 8437 3531 3321 2184 61132 1918751 24 1191500 112300 3531 24.2158203125 10.6640625 0.216796875 1.4560546875
map_6 49 0 5 5 5 1 1 0.001447291 0.00094375 0.0014638166 0.0009476832 0.001447 0.000941 0.001462 0.0009466 7934 2292 3183 1379 52791 869957 308 474970 102597 2292 23.5419921875 6.7333984375 0.1845703125 1.4033203125
map_7 49 1 5 5 5 1 1 0.002103375 0.00064725 0.0021067584 0.0006468168 0.002103 0.000644 0.0021036 0.0006448 10786 1863 5278 1210 71816 573896 566 365717 143887 1863 33.771484375 5.908203125 0.228515625 1.44140625
map_8 49 0 5 5 5 1 1 0.001596875 0.000740125 0.0016075414 0.000740925 0.001595 0.00074 0.0016052 0.000741 8557 2003 3564 1265 68916 688031 45 399713 118031 2003 25.40234375 6.1767578125 0.234375 1.388671875
map_9 49 1 5 5 5 1 1 0.001610666 0.007069834 0.0016292082 0.0070764168 0.00161 0.007067 0.001628 0.0070722 8648 6706 4104 4112 73342 6967612 130 4226959 114754 6705 28.0390625 20.078125 0.228515625 1.93359375
map_0 50 1 5 5 5 1 1 0.001808541 0.004939875 0.001844225 0.0049533666 0.001808 0.004928 0.0018408 0.0049434 9413 6011 3226 3203 80683 4875120 230 2563968 129297 6011 23.751953125 15.6396484375 0.2724609375 1.728515625
map_1 50 0 5 5 5 1 1 0.001536083 0.00109625 0.0015537502 0.0010764166 0.001537 0.001093 0.0015532 0.0010724 8332 4930 3952 1179 52442 1102475 164 347340 111178 4930 27.296875 5.7568359375 0.19921875 1.5908203125
map_2 50 1 5 5 5 1 1 0.002179417 0.000295542 0.002216775 0.0002956752 0.002177 0.000295 0.0022146 0.0002952 11063 1110 6254 839 79102 240419 1367 175870 144449 1110 38.537109375 4.0966796875 0.2490234375 1.3681640625
map_3 50 0 5 5 5 1 1 0.0018765 0.000293458 0.001891675 0.000295467 0.001874 0.000293 0.0018898 0.0002942 9954 1091 4200 850 75061 232904 579 180488 127363 1091 28.5078125 4.150390625 0.2138671875 1.37109375
map_4 50 1 5 5 5 1 1 0.001581959 0.002102125 0.0015923668 0.0021025416 0.001579 0.002101 0.0015906 0.0021018 8613 3685 1991 2106 56491 2104247 140 1108577 111704 3685 17.7216796875 10.283203125 0.169921875 1.7783203125
map_5 50 0 5 5 5 1 1 0.001611583 0.00322675 0.0016307832 0.0032355916 0.001608 0.003224 0.0016284 0.0032324 8648 4686 3204 2730 60939 3124471 55 1863191 114143 4686 23.64453125 13.330078125 0.2021484375 1.8134765625
map_6 50 1 5 5 5 1 1 0.001181875 0.001269875 0.0011874664 0.0012709504 0.001179 0.001267 0.0011854 0.0012686 6477 7268 1607 1504 41546 1196017 8 565277 74121 7268 15.8466796875 7.34375 0.193359375 1.4208984375
map_7 50 0 5 5 5 1 1 0.001499458 0.007991208 0.0015121166 0.0079939918 0.001499 0.007989 0.00151 0.0079904 8123 7779 3311 4371 46267 7878521 100 4774502 107735 7777 24.1669921875 21.3427734375 0.169921875 1.6611328125
map_8 50 1 5 5 5 1 1 0.001461334 0.000549541 0.0014651752 0.0005496164 0.00146 0.000548 0.0014632 0.0005488 7434 2651 2738 1049 64523 489158 68 274894 98074 2651 21.369140625 5.1220703125 0.216796875 1.4736328125
map_9 50 0 5 5 5 1 1 0.002244125 0.00048825 0.0022452998 0.0004857498 0.002241 0.000488 0.0022434 0.0004858 11937 1584 6312 1044 85825 424965 1385 272437 159922 1584 38.8203125 5.09765625 0.2373046875 1.4736328125
map_0 51 0 5 5 5 1 1 0.001489125 0.000521625 0.0014920334 0.0005210334 0.001489 0.00052 0.0014902 0.0005198 7804 1751 2697 1066 64202 463523 115 283963 103747 1751 21.1689453125 5.205078125 0.2080078125 1.3740234375
map_1 51 1 5 5 5 1 1 0.001652875 0.000986041 0.0016630416 0.0009868834 0.001653 0.000983 0.0016622 0.0009852 8805 2362 3353 1486 69769 915381 298 551915 118512 2362 24.3720703125 7.255859375 0.1904296875 1.376953125
map_2 51 0 5 5 5 1 1 0.001364625 0.000617125 0.0013740168 0.0006194166 0.001362 0.000617 0.0013732 0.0006184 7419 5301 2670 1028 54802 546282 23 264135 93127 5301 21.037109375 5.01953125 0.234375 1.4853515625
map_3 51 1 5 5 5 1 1 0.00201625 0.001940917 0.0020090998 0.0019418084 0.00201 0.001938 0.0020068 0.0019392 10081 3335 3825 2113 99098 1853160 119 1115740 138346 3335 26.6767578125 10.3173828125 0.2666015625 1.6318359375
map_4 51 0 5 5 5 1 1 0.0022405 0.003280292 0.0022599584 0.0032761502 0.002238 0.003278 0.002258 0.0032742 11957 4411 4442 2762 84519 3162970 202 1906852 160876 4411 29.689453125 13.486328125 0.240234375 1.7958984375
map_5 51 1 5 5 5 1 1 0.001816792 0.005178458 0.0018308252 0.0051782664 0.001817 0.005178 0.0018298 0.0051762 9689 6093 3493 3428 80024 5181578 328 2936394 127854 6093 25.0556640625 16.73828125 0.2431640625 1.5908203125
map_6 51 0 5 5 5 1 1 0.001771041 0.017396833 0.0017873416 0.0173966332 0.001768 0.017394 0.0017848 0.017395 9671 10708 4381 6495 67709 17412413 282 10543113 124951 10707 29.3916015625 31.7138671875 0.2548828125 1.5087890625
map_7 51 1 5 5 5 1 1 0.001982333 0.001872041 0.0019831998 0.0018762496 0.001979 0.00187 0.0019794 0.0018742 9941 3581 4849 2050 74885 1791270 162 1049803 138033 3581 31.6767578125 10.009765625 0.240234375 1.447265625
map_8 51 0 5 5 5 1 1 0.002050958 0.002598083 0.0020698582 0.0026290332 0.002047 0.00259 0.002067 0.0026244 10916 4006 5007 2429 85963 2507588 342 1473981 153423 4006 32.4482421875 11.8603515625 0.263671875 1.40625
map_9 51 1 5 5 5 1 1 0.001766125 0.000382916 0.0017762 0.0003830664 0.001763 0.000382 0.001774 0.0003826 9464 1383 5077 903 60740 334095 271 203819 131404 1383 32.7900390625 4.4091796875 0.22265625 1.41796875
map_0 52 1 5 5 5 1 1 0.002096083 0.005935584 0.0021099664 0.0059351418 0.002092 0.005933 0.0021078 0.005933 11087 6050 4077 3773 88638 5815664 209 3558170 151550 6049 27.9072265625 18.4228515625 0.2666015625 1.7255859375
map_1 52 0 5 5 5 1 1 0.001608417 0.001395083 0.0016193504 0.0014006668 0.001606 0.001394 0.0016166 0.0013994 8642 2791 3014 1801 63817 1300800 102 810120 112222 2791 22.716796875 8.7939453125 0.22265625 1.318359375
map_2 52 1 5 5 5 1 1 0.001805459 0.002802417 0.001817117 0.0027996416 0.001806 0.0028 0.0018164 0.0027974 9686 31676 4145 1112 74248 3042415 245 309066 124435 31675 28.2392578125 5.4296875 0.2314453125 1.5556640625
map_3 52 0 5 5 5 1 1 0.001478167 0.000246584 0.0014959334 0.0002466418 0.001475 0.000246 0.0014938 0.0002464 7899 995 3094 757 53635 198527 36 143213 110118 995 23.107421875 3.6962890625 0.216796875 1.3798828125
map_4 52 1 5 5 5 1 1 0.001858459 0.000377958 0.001869717 0.0003776832 0.001859 0.000376 0.001869 0.0003768 9816 1511 2924 878 83061 328908 268 192663 130838 1511 22.27734375 4.287109375 0.1611328125 1.447265625
map_5 52 0 5 5 5 1 1 0.001224958 0.00093575 0.0012496416 0.0009411168 0.001225 0.000932 0.001248 0.000937 6655 2334 1904 1394 42305 868634 198 485606 89986 2334 17.296875 6.806640625 0.193359375 1.4912109375
map_6 52 1 5 5 5 1 1 0.001472792 0.001212917 0.001483292 0.0012139752 0.001469 0.001211 0.0014814 0.0012124 7959 2589 3121 1646 60730 1146347 128 677152 98504 2589 23.2392578125 8.037109375 0.216796875 1.5263671875
map_7 52 0 5 5 5 1 1 0.002008959 0.001010125 0.002019425 0.0010110914 0.002007 0.001009 0.0020168 0.0010094 10693 2555 3977 1446 87893 971119 352 522528 141337 2555 27.4189453125 7.060546875 0.2548828125 1.4267578125
map_8 52 1 5 5 5 1 1 0.001696375 0.002484542 0.0016955082 0.0024866834 0.001696 0.002482 0.001694 0.0024838 8991 4043 3414 2396 70643 2386405 75 1434324 118505 4042 24.669921875 11.69921875 0.234375 1.4384765625
map_9 52 0 5 5 5 1 1 0.001800917 0.000355625 0.0018140666 0.0003547 0.001798 0.000353 0.0018122 0.0003534 9619 1231 4029 917 74993 300604 208 210026 133887 1231 27.6728515625 4.4775390625 0.234375 1.3828125
map_0 53 0 5 5 5 1 1 0.002149667 0.009805375 0.0021633752 0.0098097164 0.002147 0.009806 0.0021608 0.0098072 11278 8677 4929 4694 112109 10061104 295 5507697 158827 8676 32.0673828125 22.919921875 0.29296875 1.447265625
map_1 53 1 5 5 5 1 1 0.001929583 0.000987542 0.0019337334 0.000987725 0.001926 0.000987 0.0019316 0.0009864 10163 2382 4275 1481 82155 916863 216 547845 138546 2382 28.8740234375 7.2314453125 0.240234375 1.41796875
map_2 53 0 5 5 5 1 1 0.001755208 0.004321334 0.0017524084 0.0043210252 0.001752 0.004318 0.0017484 0.0043174 9038 57171 3908 1058 66148 4657189 33 279633 121490 57171 27.08203125 5.166015625 0.234375 1.447265625
map_3 53 1 5 5 5 1 1 0.001656416 0.00024125 0.0016796248 0.0002414584 0.001653 0.00024 0.0016764 0.0002408 8816 965 4211 746 63362 195534 362 139111 120714 965 28.5615234375 3.642578125 0.2373046875 1.32421875
map_4 53 0 5 5 5 1 1 0.0020025 0.00120475 0.0020206832 0.0012046668 0.001999 0.001202 0.002018 0.0012024 10692 2893 3624 1585 93796 1163758 126 627412 148538 2893 25.6953125 7.7392578125 0.1904296875 1.3857421875
map_5 53 1 5 5 5 1 1 0.002057458 0.000753667 0.002062375 0.0007538084 0.002054 0.000754 0.0020606 0.0007536 10782 1958 5211 1319 79046 677445 566 434877 148074 1958 33.4443359375 6.4404296875 0.2021484375 1.5556640625
map_6 53 0 5 5 5 1 1 0.0017325 0.002246958 0.00174165 0.0022522836 0.001729 0.002246 0.0017394 0.0022518 9212 3677 4061 2235 62344 2173315 486 1248615 120728 3677 27.8291015625 10.9130859375 0.1728515625 1.5263671875
map_7 53 1 5 5 5 1 1 0.002098084 0.008904 0.0021266002 0.0092940166 0.002097 0.008886 0.002122 0.0091528 10588 7909 4766 4411 77136 8589715 322 4863964 146057 7909 31.271484375 21.5380859375 0.2607421875 1.5556640625
map_8 53 0 5 5 5 1 1 0.001413541 0.00165775 0.0014233834 0.0018220082 0.00141 0.001622 0.001422 0.0017822 7599 3098 3282 1870 55129 1385139 85 873558 105329 3098 24.025390625 9.130859375 0.2021484375 1.3857421875
map_9 53 1 5 5 5 1 1 0.00165025 0.001233833 0.0016548334 0.0012345332 0.001647 0.001232 0.0016542 0.0012332 8618 2831 3657 1646 80157 1164606 322 676662 123413 2831 25.8564453125 8.037109375 0.2080078125 1.3212890625
map_0 54 1 5 5 5 1 1 0.001779041 0.0004365 0.0017971416 0.0004449414 0.001779 0.000437 0.0017966 0.0004448 9291 1557 2877 968 91635 394613 43 234200 119617 1557 22.0478515625 4.7265625 0.2080078125 1.3681640625
map_1 54 0 5 5 5 1 1 0.002008958 0.001297667 0.0020438918 0.0013123082 0.002002 0.001298 0.0020328 0.0013088 10131 2668 4836 1690 73061 1197142 301 713341 138348 2668 31.61328125 8.251953125 0.240234375 1.3857421875
map_2 54 1 5 5 5 1 1 0.001651208 0.001819958 0.0016924248 0.0018192666 0.00165 0.001818 0.001687 0.0018168 8362 7455 4067 1902 57842 1735244 92 903735 111266 7455 27.8583984375 9.287109375 0.240234375 1.5703125
map_3 54 0 5 5 5 1 1 0.001967833 0.000372042 0.001967825 0.0003723002 0.001964 0.000369 0.001964 0.0003714 10385 1254 4052 939 65347 308092 382 220204 139147 1254 27.78515625 4.5849609375 0.2431640625 1.3037109375
map_4 54 1 5 5 5 1 1 0.00163175 0.002465292 0.0016318584 0.0024679084 0.001629 0.002462 0.00163 0.0024644 8542 3858 2120 2409 72368 2350841 9 1449778 111187 3858 18.3515625 11.7626953125 0.2314453125 1.3681640625
map_5 54 0 5 5 5 1 1 0.001677417 0.001660417 0.0016870334 0.0016612418 0.001675 0.00166 0.0016846 0.0016604 8948 3132 3198 1942 73557 1583445 228 942033 117071 3132 23.615234375 9.482421875 0.22265625 1.3447265625
map_6 54 1 5 5 5 1 1 0.001208291 0.000419416 0.0012118998 0.0004194916 0.001205 0.000418 0.001208 0.0004188 6156 1407 2309 949 47377 373790 2 225091 81621 1407 19.2744140625 4.6337890625 0.1962890625 1.40625
map_7 54 0 5 5 5 1 1 0.001327667 0.005774 0.0013323754 0.0057683 0.001327 0.005771 0.0013308 0.0057668 7080 6128 2395 3648 57870 5685391 12 3326843 93780 6128 19.6943359375 17.8125 0.2021484375 1.7255859375
map_8 54 1 5 5 5 1 1 0.001517542 0.002785375 0.0015306502 0.0027863086 0.001518 0.002784 0.0015298 0.0027846 8201 4198 3297 2508 53249 2733443 66 1572052 108875 4198 24.0986328125 12.24609375 0.2080078125 1.318359375
map_9 54 0 5 5 5 1 1 0.001510083 0.001630375 0.0015216998 0.0016313664 0.001507 0.00163 0.0015188 0.0016298 8030 3006 2956 1954 68324 1532856 147 953736 113959 3006 22.43359375 9.541015625 0.1875 1.37109375
map_0 55 0 5 5 5 1 1 0.001850375 0.0006555 0.0018709918 0.0006455582 0.001847 0.000645 0.0018686 0.0006372 9733 1866 2663 1091 96825 535979 207 297290 128508 1866 21.0029296875 5.3271484375 0.2080078125 1.4267578125
map_1 55 1 5 5 5 1 1 0.001770416 0.003108 0.0017760998 0.0031043168 0.001768 0.003107 0.0017742 0.003102 9366 4777 3841 2496 65609 3163835 57 1556864 125955 4777 26.7548828125 12.1875 0.24609375 1.6669921875
map_2 55 0 5 5 5 1 1 0.001780792 0.004483541 0.0017997416 0.0044854998 0.00178 0.004482 0.0017978 0.0044832 9641 31726 4524 2516 66389 4521896 358 1581595 128557 31726 30.08984375 12.28515625 0.2255859375 1.5263671875
map_3 55 1 5 5 5 1 1 0.002014333 0.000632125 0.0020455332 0.0006750916 0.002011 0.000631 0.0020442 0.000674 10738 1742 4720 1197 87670 547588 235 357811 146276 1742 31.046875 5.8447265625 0.2607421875 1.318359375
map_4 55 0 5 5 5 1 1 0.002407833 0.00253925 0.0024291166 0.0025595418 0.002407 0.00253 0.0024264 0.0025556 13018 3820 4727 2403 93040 2430877 433 1442898 176310 3820 31.0810546875 11.7333984375 0.2607421875 1.34765625
map_5 55 1 5 5 5 1 1 0.001943875 0.000757959 0.0019523252 0.0007584168 0.001941 0.000759 0.0019486 0.0007584 9815 1941 2572 1330 76560 679139 220 441963 127251 1941 20.55859375 6.494140625 0.2109375 1.4208984375
map_6 55 0 5 5 5 1 1 0.001886917 0.000672958 0.0018968668 0.0006737748 0.001883 0.00067 0.0018942 0.0006724 9979 1859 4457 1218 66861 609827 160 370556 129055 1859 29.7626953125 5.947265625 0.2314453125 1.41796875
map_7 55 1 5 5 5 1 1 0.001768792 0.000514666 0.001781875 0.0005151746 0.001769 0.000514 0.001781 0.0005138 9585 1524 4485 1125 60987 430139 177 316091 128208 1524 29.8994140625 5.4931640625 0.2431640625 1.3857421875
map_8 55 0 5 5 5 1 1 0.001843459 0.000323125 0.00185975 0.0003232582 0.00184 0.000322 0.0018566 0.0003224 9948 1309 4883 837 75856 282106 656 175096 132362 1309 31.8427734375 4.0869140625 0.234375 1.412109375
map_9 55 1 5 5 5 1 1 0.002133333 0.000531292 0.0021458164 0.0005301002 0.002133 0.000528 0.0021442 0.0005286 11384 1543 5087 1111 85498 463852 438 308285 155395 1543 32.8388671875 5.4248046875 0.2607421875 1.4150390625
map_0 56 1 5 5 5 1 1 0.001721208 0.002757583 0.00171385 0.0027594418 0.001718 0.002757 0.0017106 0.002758 8856 4463 3067 2335 75338 2878311 210 1362115 117686 4463 22.9755859375 11.4013671875 0.2314453125 1.388671875
map_1 56 0 5 5 5 1 1 0.001495916 0.000861667 0.001511125 0.0008621334 0.001493 0.000861 0.0015046 0.0008614 8137 2140 3728 1422 51879 772909 160 505251 106882 2140 26.203125 6.943359375 0.240234375 1.44140625
map_2 56 1 5 5 5 1 1 0.0013385 0.002737959 0.0013722248 0.0027383666 0.001338 0.002735 0.0013676 0.002736 6854 4330 2882 2509 48344 2647869 37 1573167 89850 4330 22.072265625 12.2509765625 0.1845703125 1.44140625
map_3 56 0 5 5 5 1 1 0.001860875 0.001115958 0.0018729832 0.0011196418 0.001858 0.001114 0.0018708 0.0011176 10091 2483 4531 1595 79034 1033359 168 635865 137854 2483 30.1240234375 7.7880859375 0.2255859375 1.6259765625
map_4 56 1 5 5 5 1 1 0.001618666 0.000641375 0.0016272414 0.000642925 0.001619 0.000639 0.0016252 0.0006408 8755 2082 3874 1132 63672 597932 252 320166 122598 2082 26.916015625 5.52734375 0.251953125 1.4296875
map_5 56 0 5 5 5 1 1 0.001718834 0.001512167 0.0017220584 0.0015121502 0.001717 0.001509 0.0017194 0.0015102 9071 3102 3984 1794 67955 1472839 196 803931 121485 3102 27.453125 8.759765625 0.19921875 1.44140625
map_6 56 1 5 5 5 1 1 0.001397583 0.001983291 0.0014088334 0.0019829416 0.001397 0.00198 0.0014088 0.00198 7615 3372 2631 2156 61430 1873376 130 1161474 98059 3372 20.8466796875 10.52734375 0.1875 1.3564453125
map_7 56 0 5 5 5 1 1 0.001605458 0.000580625 0.00158215 0.0005814582 0.001605 0.000581 0.0015784 0.000581 8272 1985 3556 1092 51716 534124 57 298058 109534 1985 25.36328125 5.33203125 0.2255859375 1.5322265625
map_8 56 1 5 5 5 1 1 0.001773542 0.001741709 0.0017806168 0.0017420668 0.001773 0.001738 0.0017786 0.0017388 9215 3507 5054 1902 80172 1728459 271 903944 131470 3505 32.677734375 9.287109375 0.22265625 1.5703125
map_9 56 0 5 5 5 1 1 0.001835416 0.003607 0.001835725 0.0036076334 0.001831 0.003604 0.0018328 0.0036058 9555 4684 4340 2897 91798 3532029 88 2097681 137021 4684 29.19140625 14.1455078125 0.2314453125 1.365234375
map_0 57 0 5 5 5 1 1 0.002104875 0.000307875 0.0021099668 0.0003078 0.002102 0.000307 0.0021082 0.0003074 10968 1281 2678 803 91504 262363 78 161145 148639 1281 21.076171875 3.9208984375 0.263671875 1.4150390625
map_1 57 1 5 5 5 1 1 0.001750084 0.001334625 0.0017996418 0.0013350752 0.001747 0.001334 0.001796 0.0013324 9082 2882 4016 1698 63345 1281300 163 720554 120005 2882 27.609375 8.291015625 0.2080078125 1.5908203125
map_2 57 0 5 5 5 1 1 0.002038958 0.002192208 0.0020515498 0.002228558 0.002037 0.00219 0.0020496 0.002227 10961 15275 4972 1854 83093 2119987 882 858513 143364 15275 32.27734375 9.052734375 0.2255859375 1.34765625
map_3 57 1 5 5 5 1 1 0.001319917 0.000834792 0.0013162916 0.0008367418 0.001319 0.000834 0.0013158 0.000835 7014 2135 2611 1380 46137 758834 51 475628 94502 2135 20.7490234375 6.73828125 0.234375 1.39453125
map_4 57 0 5 5 5 1 1 0.001704167 0.000898834 0.001708525 0.0009001002 0.001704 0.000896 0.001705 0.0008982 8800 2299 3076 1382 69262 807024 28 476998 121163 2299 23.01953125 6.748046875 0.228515625 1.40625
map_5 57 1 5 5 5 1 1 0.00214225 0.001479208 0.0021507918 0.001474675 0.002142 0.001475 0.002147 0.0014722 10826 2923 4258 1820 88536 1383099 282 827708 141435 2923 28.791015625 8.88671875 0.193359375 1.46484375
map_6 57 0 5 5 5 1 1 0.001652667 0.000318417 0.0016748084 0.0003185668 0.00165 0.000318 0.001672 0.0003184 9040 1222 4191 852 66342 258902 448 181439 124263 1222 28.4638671875 4.16015625 0.2138671875 1.3505859375
map_7 57 1 5 5 5 1 1 0.001401 0.006077458 0.0014088084 0.0060727334 0.001398 0.006074 0.001408 0.0060692 7626 6675 2790 3644 46347 6197558 66 3319170 100244 6674 21.623046875 17.79296875 0.1787109375 1.5234375
map_8 57 0 5 5 5 1 1 0.001697083 0.00381425 0.0016999832 0.0038265086 0.001694 0.003811 0.0016976 0.0038248 9182 14553 3334 2676 69576 3823200 252 1789512 114911 14552 24.279296875 13.06640625 0.2138671875 1.51171875
map_9 57 1 5 5 5 1 1 0.001856667 0.004562625 0.0018700502 0.0045683586 0.001857 0.00456 0.001869 0.0045652 9751 5414 3575 3204 78027 4537344 359 2566239 131059 5414 25.4560546875 15.64453125 0.251953125 1.9306640625
map_0 58 1 5 5 5 1 1 0.001563583 0.002503708 0.0016062662 0.002505675 0.001563 0.0025 0.0016032 0.0025022 8140 4116 2769 2364 60394 2449319 144 1396310 111930 4116 21.5205078125 11.54296875 0.2021484375 1.4443359375
map_1 58 0 5 5 5 1 1 0.0019335 0.000404792 0.0020080416 0.0004055666 0.001934 0.000404 0.0019984 0.0004048 9739 2047 4721 852 71221 365695 130 181454 132009 2047 31.0517578125 4.16015625 0.228515625 1.4267578125
map_2 58 1 5 5 5 1 1 0.001445875 0.001963334 0.0014615168 0.0019767 0.001445 0.001941 0.0014596 0.001951 7790 8986 2282 1888 69276 1784614 143 890648 99210 8986 19.142578125 9.21875 0.2197265625 1.423828125
map_3 58 0 5 5 5 1 1 0.001629292 0.000318125 0.0016300504 0.0003180668 0.001626 0.000318 0.0016266 0.000318 8414 1176 3117 856 85108 264908 164 182999 110938 1176 23.2197265625 4.1796875 0.19921875 1.3359375
map_4 58 1 5 5 5 1 1 0.00182825 0.004944 0.001831875 0.0049630834 0.001828 0.004936 0.0018312 0.0049512 9613 5529 3249 3419 82285 4711955 241 2922307 132876 5529 23.8642578125 16.6943359375 0.1787109375 1.986328125
map_5 58 0 5 5 5 1 1 0.001682958 0.001516166 0.0016931 0.0015328334 0.00168 0.001513 0.0016924 0.0015306 8998 3056 3415 1847 68147 1418547 297 852065 115957 3056 24.6748046875 9.0185546875 0.2109375 1.353515625
map_6 58 1 5 5 5 1 1 0.001716583 0.001082208 0.0017302166 0.0010817332 0.001714 0.00108 0.0017274 0.0010808 9169 2753 3245 1468 80285 1063861 203 538153 117294 2753 23.8447265625 7.16796875 0.2314453125 1.3125
map_7 58 0 5 5 5 1 1 0.001638125 0.002838333 0.00165125 0.0028396916 0.001639 0.002836 0.0016512 0.0028378 8771 4550 4069 2518 62539 2781004 145 1584289 123861 4550 27.8681640625 12.294921875 0.228515625 1.4296875
map_8 58 1 5 5 5 1 1 0.001604791 0.00053775 0.0016037832 0.0005376002 0.001604 0.000537 0.0016026 0.000537 8559 1697 3496 1092 56803 480267 353 297785 108138 1697 25.0703125 5.33203125 0.2373046875 1.3271484375
map_9 58 0 5 5 5 1 1 0.001496666 0.000824125 0.001498875 0.0008266668 0.001495 0.000821 0.001497 0.0008252 7860 2232 2760 1315 63306 771741 56 431993 112899 2232 21.4765625 6.4208984375 0.2021484375 1.4794921875
map_0 59 0 5 5 5 1 1 0.002127208 0.000512708 0.0021347416 0.0005129084 0.002126 0.000512 0.0021326 0.0005122 11178 1827 5205 1017 106218 465614 433 258431 153507 1827 33.4150390625 4.9658203125 0.2607421875 1.4501953125
map_1 59 1 5 5 5 1 1 0.0015275 0.004403625 0.001546475 0.0044025168 0.001527 0.0044 0.0015442 0.0043992 8271 13562 3775 2755 56885 4671192 110 1897436 109018 13561 26.4326171875 13.4521484375 0.240234375 1.7431640625
map_2 59 0 5 5 5 1 1 0.001595625 0.0012735 0.00158315 0.0012847332 0.001592 0.001273 0.001579 0.0012804 8233 13018 3904 1188 55649 1222136 174 352700 110062 13018 27.0625 5.80078125 0.2021484375 1.5
map_3 59 1 5 5 5 1 1 0.002114458 0.00401075 0.0021345416 0.0040151164 0.002114 0.00401 0.002133 0.0040126 11204 4971 4296 3062 109434 3924502 193 2343915 144172 4971 28.9765625 14.951171875 0.228515625 1.48828125
map_4 59 0 5 5 5 1 1 0.001754 0.001876708 0.0017670166 0.0018927584 0.001753 0.001875 0.0017652 0.0018906 9366 3517 2611 2008 83075 1847205 55 1007752 119949 3517 20.7490234375 9.8046875 0.2109375 1.5322265625
map_5 59 1 5 5 5 1 1 0.0013635 0.000579042 0.0013731498 0.0005821586 0.001363 0.000579 0.0013724 0.0005816 7220 1696 1771 1187 54636 494140 109 351923 95840 1696 16.6474609375 5.7958984375 0.22265625 1.3828125
map_6 59 0 5 5 5 1 1 0.001602959 0.0013805 0.0016232502 0.0013831666 0.0016 0.001378 0.0016214 0.0013824 8897 2788 3428 1791 53123 1280694 74 801205 113534 2788 24.73828125 8.7451171875 0.228515625 1.3359375
map_7 59 1 5 5 5 1 1 0.001578667 0.003401834 0.0015910086 0.0034065582 0.001576 0.003399 0.0015896 0.0034038 8557 4582 4144 2846 54985 3268063 621 2023871 116400 4582 28.234375 13.896484375 0.1845703125 1.4794921875
map_8 59 0 5 5 5 1 1 0.002131917 0.000812917 0.0021500002 0.0008138832 0.002128 0.00081 0.0021476 0.000812 11487 2086 5709 1361 77849 738799 360 462798 162367 2086 35.8759765625 6.6455078125 0.228515625 1.46484375
map_9 59 1 5 5 5 1 1 0.001776625 0.001631417 0.0017944502 0.0016315752 0.001776 0.001628 0.0017944 0.00163 9487 3258 4403 1917 72689 1552834 58 917931 128419 3258 29.4990234375 9.3603515625 0.228515625 1.3857421875
map_0 60 1 5 5 5 1 1 0.001570584 0.003206375 0.0015837 0.0032236082 0.001568 0.003205 0.0015824 0.0032192 8416 4589 3173 2747 69038 3080652 48 1886405 116669 4589 23.4931640625 13.4130859375 0.2431640625 1.7490234375
map_1 60 0 5 5 5 1 1 0.0023305 0.001385166 0.0023349918 0.0013857248 0.002327 0.001384 0.0023326 0.0013842 12414 4215 5329 1657 93729 1349359 363 685888 164091 4215 34.0205078125 8.0908203125 0.2666015625 1.53515625
map_2 60 1 5 5 5 1 1 0.002054875 0.003349042 0.0020892 0.0033505086 0.00205 0.003347 0.0020852 0.0033476 10351 27255 4484 2099 75417 3334814 236 1100712 135442 27255 29.89453125 10.2490234375 0.240234375 1.51171875
map_3 60 0 5 5 5 1 1 0.00193 0.000200625 0.0019495248 0.000201242 0.00193 0.0002 0.0019468 0.0002006 10284 867 4195 703 74152 157183 161 123551 138363 867 28.4833984375 3.4326171875 0.2197265625 1.3447265625
map_4 60 1 5 5 5 1 1 0.001956875 0.002715125 0.0019781914 0.0027270418 0.001954 0.002712 0.0019752 0.002723 10524 4220 4126 2495 68104 2617852 368 1555499 145599 4220 28.146484375 12.1826171875 0.2666015625 1.4501953125
map_5 60 0 5 5 5 1 1 0.001846375 0.001129458 0.0018586 0.0011693252 0.001847 0.001127 0.0018584 0.0011668 9860 2596 3783 1597 71311 1070458 199 637573 130760 2596 26.4716796875 7.7978515625 0.216796875 1.6142578125
map_6 60 1 5 5 5 1 1 0.002001 0.000497209 0.0020293166 0.0004972168 0.002001 0.000496 0.0020256 0.000496 10533 1586 3738 1001 80955 463811 130 250461 134353 1586 26.251953125 4.8876953125 0.2431640625 1.4443359375
map_7 60 0 5 5 5 1 1 0.002000625 0.000312666 0.0020010416 0.0003128166 0.001998 0.000312 0.0019968 0.0003126 10351 1274 4012 844 75317 256763 324 178083 141761 1274 27.58984375 4.12109375 0.19921875 1.48828125
map_8 60 1 5 5 5 1 1 0.001733417 0.001476666 0.001741575 0.0014766998 0.001732 0.001474 0.0017406 0.0014746 9101 3155 3292 1738 80797 1462800 84 755072 121887 3155 24.07421875 8.486328125 0.2578125 1.5556640625
map_9 60 0 5 5 5 1 1 0.001886875 0.004171417 0.0019074668 0.0041706084 0.001886 0.004171 0.0019062 0.0041684 10147 4967 3689 3178 87376 3987423 72 2523437 135310 4967 26.0126953125 15.517578125 0.2138671875 1.4091796875
map_0 61 0 5 5 5 1 1 0.002286792 0.001649417 0.0022753168 0.001651725 0.002272 0.001649 0.0022658 0.0016504 11608 3555 4800 1789 98378 1682564 533 799445 151568 3555 31.4375 8.7353515625 0.2548828125 1.541015625
map_1 61 1 5 5 5 1 1 0.00120975 0.000943166 0.0012122252 0.000943058 0.001209 0.000943 0.001211 0.0009426 6471 2491 2176 1364 35778 923551 8 465113 89480 2491 18.625 6.66015625 0.1904296875 1.5556640625
map_2 61 0 5 5 5 1 1 0.001535583 0.00471825 0.0015532916 0.0047196332 0.001532 0.004718 0.0015508 0.0047196 8055 36940 3351 2344 66799 4917051 60 1373168 112018 36940 24.3623046875 11.4453125 0.216796875 1.458984375
map_3 61 1 5 5 5 1 1 0.001655334 0.001239666 0.0016670416 0.0012401332 0.001655 0.001237 0.0016648 0.001238 8775 2694 2717 1665 66046 1165788 43 692803 115499 2694 21.2666015625 8.1298828125 0.228515625 1.5908203125
map_4 61 0 5 5 5 1 1 0.001945042 0.002701167 0.0019616836 0.0027027336 0.001941 0.0027 0.0019592 0.0027022 10468 4115 3816 2488 65044 2620529 32 1546880 137772 4114 26.6328125 12.1484375 0.216796875 1.6259765625
map_5 61 1 5 5 5 1 1 0.001211834 0.001239916 0.0012221086 0.0012401918 0.001212 0.00124 0.0012204 0.0012388 6419 12389 2306 1128 51267 1218308 37 317880 85702 12389 19.259765625 5.5078125 0.1728515625 1.5234375
map_6 61 0 5 5 5 1 1 0.001896125 0.001528833 0.0019100752 0.0015295836 0.001892 0.001528 0.0019078 0.0015286 10104 3080 4739 1886 71080 1429345 421 888412 134014 3080 31.1396484375 9.208984375 0.24609375 1.2890625
map_7 61 1 5 5 5 1 1 0.001213875 0.000397167 0.001223525 0.000397375 0.001213 0.000396 0.0012222 0.0003964 6538 1448 3066 924 37314 344797 35 213416 87942 1448 22.970703125 4.51171875 0.2021484375 1.5146484375
map_8 61 0 5 5 5 1 1 0.001815375 0.000388667 0.0018162918 0.0003981584 0.001815 0.000384 0.0018146 0.0003934 9805 1262 4862 931 62172 304222 170 216592 134358 1262 31.740234375 4.5458984375 0.2490234375 1.40625
map_9 61 1 5 5 5 1 1 0.001325958 0.001582583 0.0013370664 0.0015819916 0.001325 0.001579 0.001336 0.001579 7129 3308 2101 1859 48925 1518687 25 863360 97356 3308 18.2587890625 9.0771484375 0.1904296875 1.46484375
map_0 62 1 5 5 5 1 1 0.001646834 0.000781625 0.0016558336 0.0007803334 0.001644 0.000778 0.001654 0.0007788 8647 2184 3056 1323 70535 704222 53 437275 116843 2184 22.921875 6.4599609375 0.2109375 1.5263671875
map_1 62 0 5 5 5 1 1 0.001577917 0.002298916 0.001583075 0.0023270998 0.001577 0.002298 0.0015816 0.0023262 8367 8888 3026 2041 68875 2308849 36 1041167 110209 8888 22.775390625 9.9658203125 0.1962890625 1.6875
map_2 62 1 5 5 5 1 1 0.001302208 0.000711458 0.0013235996 0.0007167746 0.001302 0.000709 0.0013184 0.0007144 6780 2235 2607 1152 46776 697861 45 331697 88871 2235 20.7294921875 5.625 0.19921875 1.353515625
map_3 62 0 5 5 5 1 1 0.001799708 0.000294417 0.00181815 0.0002947916 0.001799 0.000294 0.001816 0.000294 9472 1058 3748 862 91826 233638 203 185604 123180 1058 26.30078125 4.208984375 0.234375 1.39453125
map_4 62 1 5 5 5 1 1 0.001874708 0.000292625 0.0018771414 0.0002943498 0.001872 0.000293 0.001876 0.0002944 10067 1206 4054 812 82497 240291 148 164832 140101 1206 27.794921875 3.96484375 0.2373046875 1.453125
map_5 62 0 5 5 5 1 1 0.001773208 0.000660583 0.001784025 0.0006658082 0.00177 0.00066 0.0017828 0.0006642 9561 1825 4261 1208 77792 571217 145 364447 125055 1825 28.8056640625 5.8984375 0.216796875 1.39453125
map_6 62 1 5 5 5 1 1 0.001641375 0.001545625 0.0016866748 0.0015464832 0.001627 0.001545 0.0016808 0.0015452 8673 2903 2781 1931 61879 1420091 91 931367 106471 2903 21.5791015625 9.4287109375 0.1875 1.318359375
map_7 62 0 5 5 5 1 1 0.001653917 0.001568625 0.00165735 0.0015703336 0.001653 0.001568 0.0016554 0.0015672 8817 3083 4168 1884 56519 1481987 65 886627 123590 3083 28.3515625 9.19921875 0.2138671875 1.4033203125
map_8 62 1 5 5 5 1 1 0.00239325 0.006338625 0.0024011252 0.0063436336 0.002393 0.006335 0.0023996 0.0063394 12924 12925 6105 3647 87810 6435554 542 3323690 180639 12925 37.8095703125 17.8076171875 0.2841796875 1.587890625
map_9 62 0 5 5 5 1 1 0.001823042 0.00089425 0.0018263834 0.0008951332 0.00182 0.000894 0.0018234 0.0008944 9598 2180 3776 1448 73363 805217 187 523628 135306 2180 26.4375 7.0703125 0.2109375 1.4150390625
map_0 63 0 5 5 5 1 1 0.0015295 0.00148175 0.0015489834 0.001473525 0.001528 0.001469 0.0015468 0.0014682 8298 3184 2940 1737 59364 1379695 134 753872 109164 3184 22.35546875 8.4814453125 0.2021484375 1.4677734375
map_1 63 1 5 5 5 1 1 0.001500875 0.000502917 0.0014922168 0.0005039166 0.0015 0.000503 0.001487 0.0005032 7565 1547 3253 1108 52505 422838 19 306573 98414 1547 23.8837890625 5.41015625 0.2255859375 1.423828125
map_2 63 0 5 5 5 1 1 0.001664292 0.004686875 0.0016777332 0.00468755 0.001661 0.004684 0.0016756 0.004685 8927 5178 3490 3365 66209 4540996 272 2830581 111690 5178 25.041015625 16.4306640625 0.2431640625 1.7490234375
map_3 63 1 5 5 5 1 1 0.001524542 0.000957667 0.001532967 0.0010120332 0.001525 0.000957 0.0015324 0.001011 8099 2254 3224 1413 50763 864943 11 498760 106644 2254 23.7421875 6.8994140625 0.1904296875 1.46484375
map_4 63 0 5 5 5 1 1 0.001599375 0.000862167 0.0016081418 0.0008630584 0.001596 0.000862 0.0016058 0.000862 8430 2070 2316 1424 75573 777528 155 506603 114340 2070 19.30859375 6.953125 0.158203125 1.34765625
map_5 63 1 5 5 5 1 1 0.001375166 0.002755208 0.001389833 0.0027555916 0.001376 0.002752 0.0013884 0.0027526 7457 4221 2519 2502 51567 2688144 42 1563863 98240 4221 20.2998046875 12.216796875 0.2080078125 1.4091796875
map_6 63 0 5 5 5 1 1 0.002185167 0.000307917 0.00220435 0.0003105668 0.002182 0.000306 0.0022026 0.000309 11914 1191 5721 830 91096 255674 1267 172113 149729 1191 35.9345703125 4.052734375 0.2578125 1.3564453125
map_7 63 1 5 5 5 1 1 0.001843583 0.000940375 0.0018509498 0.0009405248 0.001841 0.00094 0.0018496 0.0009398 9646 2312 4080 1462 65670 864220 247 533845 138208 2312 27.921875 7.138671875 0.2431640625 1.4208984375
map_8 63 0 5 5 5 1 1 0.001673084 0.000340584 0.001679817 0.0003416836 0.001672 0.00034 0.0016782 0.0003404 8863 1321 4157 834 67473 302175 324 173777 127301 1321 28.2978515625 4.072265625 0.2255859375 1.3388671875
map_9 63 1 5 5 5 1 1 0.001579458 0.000217167 0.0015937166 0.0002173334 0.001579 0.000217 0.001592 0.000217 8285 923 3212 722 73874 168913 51 130315 111334 923 23.68359375 3.525390625 0.2431640625 1.3681640625
map_0 64 1 5 5 5 1 1 0.001642 0.002770916 0.0016542416 0.0027731248 0.001642 0.002771 0.001653 0.0027702 8789 4527 3241 2438 63775 2761565 77 1485188 119492 4527 23.8251953125 11.904296875 0.228515625 1.576171875
map_1 64 0 5 5 5 1 1 0.00163775 0.000933584 0.0016507418 0.0009335252 0.001634 0.000931 0.001648 0.0009328 8902 4290 3885 1342 52161 869618 178 449838 121045 4290 26.9697265625 6.552734375 0.181640625 1.505859375
map_2 64 1 5 5 5 1 1 0.001809625 0.005270208 0.0018156832 0.005267492 0.001809 0.005267 0.001815 0.0052648 9686 71318 4789 1186 65691 5612111 355 351459 131942 71318 31.3837890625 5.791015625 0.240234375 1.564453125
map_3 64 0 5 5 5 1 1 0.001452375 0.001135333 0.0014609332 0.0011346748 0.001451 0.001132 0.0014594 0.0011328 7820 2641 2877 1560 56770 1083416 71 607862 103902 2641 22.0478515625 7.6171875 0.22265625 1.4384765625
map_4 64 1 5 5 5 1 1 0.001581709 0.000664333 0.0015918168 0.0006652084 0.001579 0.000664 0.0015894 0.0006644 8338 2080 2675 1175 68222 611096 2 344850 113539 2080 21.0615234375 5.7373046875 0.193359375 1.4560546875
map_5 64 0 5 5 5 1 1 0.002169584 0.000477417 0.0021847834 0.0004778752 0.002167 0.000477 0.0021816 0.000477 11558 1632 5816 1027 81013 417188 789 263532 154508 1632 36.3984375 5.0146484375 0.310546875 1.4384765625
map_6 64 1 5 5 5 1 1 0.001408958 0.004336791 0.0014195336 0.0043386746 0.001409 0.004337 0.0014188 0.0043366 7554 5180 3069 3210 54831 4212866 13 2574826 103345 5180 22.9853515625 15.673828125 0.2080078125 1.3212890625
map_7 64 0 5 5 5 1 1 0.001832167 0.0003935 0.0018467336 0.0003937998 0.001832 0.000393 0.0018464 0.0003938 9755 1407 4236 955 62925 330437 182 227822 131071 1407 28.68359375 4.6630859375 0.216796875 1.3916015625
map_8 64 1 5 5 5 1 1 0.001714333 0.002333667 0.0017322584 0.0023413084 0.001711 0.002332 0.0017304 0.0023398 9116 7074 4131 2214 76729 2218429 258 1224519 123859 7074 28.1708984375 10.810546875 0.240234375 1.4033203125
map_9 64 0 5 5 5 1 1 0.002190625 0.0042805 0.0021963998 0.0042955916 0.00219 0.004277 0.0021948 0.0042928 11563 5202 5804 3185 82149 4168825 541 2534537 158716 5202 36.33984375 15.5517578125 0.2431640625 1.3798828125
map_0 65 0 5 5 5 1 1 0.001484417 0.00157425 0.0014990416 0.0016044168 0.001485 0.001572 0.0014966 0.0016008 7838 3000 2255 1903 73376 1512502 54 905023 108763 3000 19.0107421875 9.2919921875 0.193359375 1.541015625
map_1 65 1 5 5 5 1 1 0.001325792 0.001471083 0.0013387584 0.0014757582 0.001323 0.00147 0.0013368 0.0014716 7080 2952 2366 1810 53837 1402807 74 818660 95232 2952 19.552734375 8.837890625 0.234375 1.58203125
map_2 65 0 5 5 5 1 1 0.001764167 0.000635959 0.0017852168 0.0006361832 0.001764 0.000635 0.0017834 0.0006348 9586 7229 3880 849 73903 579996 129 180095 127007 7229 26.9453125 4.1455078125 0.193359375 1.359375
map_3 65 1 5 5 5 1 1 0.00166625 0.00138575 0.0016776082 0.0013883918 0.001663 0.001379 0.001674 0.0013858 8840 2764 4732 1721 55782 1303371 281 739939 117524 2764 31.10546875 8.4033203125 0.2431640625 1.4296875
map_4 65 0 5 5 5 1 1 0.002044041 0.014018792 0.0020591082 0.0141834334 0.002043 0.014004 0.0020562 0.014176 10733 9874 3848 5789 84483 13863997 9 8375473 152399 9873 26.7890625 28.2666015625 0.2548828125 1.51171875
map_5 65 1 5 5 5 1 1 0.001899166 0.002546584 0.0019367998 0.0025492418 0.001898 0.002543 0.0019268 0.0025452 9125 4004 3590 2410 65426 2471056 67 1451547 120206 4004 25.529296875 11.767578125 0.2255859375 1.3828125
map_6 65 0 5 5 5 1 1 0.001677083 0.002480458 0.0016862082 0.0024853918 0.001675 0.00248 0.0016848 0.0024818 8861 3892 3752 2311 62129 2410089 370 1334166 108782 3892 26.3203125 11.2841796875 0.2431640625 1.3681640625
map_7 65 1 5 5 5 1 1 0.0009585 0.000829209 0.0009622918 0.0008297086 0.000958 0.000829 0.000962 0.0008298 5069 2413 1479 1212 33920 845565 8 366973 67052 2413 15.2216796875 5.91796875 0.1904296875 1.4501953125
map_8 65 0 5 5 5 1 1 0.001807625 0.000438 0.0018211166 0.0004406082 0.001804 0.000437 0.0018186 0.00044 9700 1594 3666 979 72770 382479 283 239484 130929 1594 25.900390625 4.7802734375 0.228515625 1.4326171875
map_9 65 1 5 5 5 1 1 0.001925583 0.001798792 0.0019341666 0.001798067 0.001925 0.001796 0.001933 0.0017966 10153 3488 5180 1936 73437 1788431 332 936898 141294 3488 33.29296875 9.453125 0.1904296875 1.763671875
map_0 66 1 5 5 5 1 1 0.00146425 0.000789833 0.0015019916 0.0007907 0.001464 0.000789 0.001497 0.0007892 7776 1957 2776 1341 74380 718554 141 449116 105717 1957 21.5546875 6.5478515625 0.2109375 1.3447265625
map_1 66 0 5 5 5 1 1 0.001673542 0.002086292 0.0016877586 0.0020912918 0.001672 0.002083 0.0016856 0.0020884 9136 3802 4209 2215 57250 1962551 652 1225847 118353 3802 28.5517578125 10.8154296875 0.205078125 1.4033203125
map_2 66 1 5 5 5 1 1 0.001664333 0.000805542 0.0016651082 0.00084445 0.001662 0.000805 0.001663 0.000841 8816 8771 4425 945 61956 710863 159 223206 121473 8771 29.6064453125 4.6142578125 0.205078125 1.4560546875
map_3 66 0 5 5 5 1 1 0.001593709 0.000395875 0.0016035084 0.0003992748 0.001592 0.000396 0.0016018 0.0003992 8472 1325 3370 945 92007 336058 248 223067 105436 1325 24.455078125 4.6142578125 0.24609375 1.3359375
map_4 66 1 5 5 5 1 1 0.001871 0.003068125 0.001862675 0.0030714584 0.001868 0.003065 0.0018612 0.003069 9960 4572 3736 2630 68100 3001069 186 1729127 133523 4572 26.2421875 12.841796875 0.2255859375 1.8427734375
map_5 66 0 5 5 5 1 1 0.001768791 0.000762625 0.0017773332 0.0007632666 0.001766 0.000763 0.0017754 0.0007626 9459 2253 3664 1257 74225 716328 289 394607 128040 2253 25.890625 6.1376953125 0.1962890625 1.388671875
map_6 66 1 5 5 5 1 1 0.001008375 0.000252167 0.0010195916 0.000252575 0.001007 0.000252 0.0010184 0.0002524 5477 968 1469 786 37715 199711 166 154384 65413 968 15.1728515625 3.837890625 0.17578125 1.3857421875
map_7 66 0 5 5 5 1 1 0.001955084 0.000427041 0.0019599168 0.0004289502 0.001954 0.000427 0.001959 0.0004284 10407 1548 4817 964 86854 383710 425 232153 137913 1547 31.5205078125 4.70703125 0.234375 1.3974609375
map_8 66 1 5 5 5 1 1 0.001801583 0.002281209 0.0018085664 0.0022768416 0.001799 0.002274 0.0018066 0.0022742 9774 3552 4706 2326 65747 2131524 177 1352189 128842 3552 30.978515625 11.357421875 0.234375 1.587890625
map_9 66 0 5 5 5 1 1 0.001406 0.001978459 0.0014224586 0.0019793918 0.001404 0.001976 0.0014216 0.0019774 7543 3194 2734 2223 60502 1803140 19 1234549 99925 3194 21.349609375 10.8544921875 0.2373046875 1.3974609375
map_0 67 0 5 5 5 1 1 0.001544125 0.006481917 0.001553192 0.0064816916 0.001541 0.006479 0.0015508 0.0064792 8065 6757 2351 3880 83182 6459364 29 3763241 101300 6756 19.4794921875 18.9453125 0.2109375 1.4033203125
map_1 67 1 5 5 5 1 1 0.00203575 0.002251792 0.0020515166 0.0022633166 0.002032 0.002249 0.002049 0.0022616 10909 4569 4908 2157 80060 2244760 194 1162446 137597 4569 31.96484375 10.5322265625 0.1875 1.4912109375
map_2 67 0 5 5 5 1 1 0.001590167 0.006423917 0.0016002668 0.0064241836 0.001589 0.006421 0.001598 0.006421 8658 68807 3403 1628 66022 7220216 90 662072 109785 68807 24.6162109375 7.94921875 0.228515625 1.4765625
map_3 67 1 5 5 5 1 1 0.002130833 0.003282375 0.0021297668 0.0032826916 0.00213 0.003279 0.0021258 0.00328 10766 4416 4698 2801 105284 3143188 401 1961056 146927 4416 30.939453125 13.6767578125 0.2314453125 1.7197265625
map_4 67 0 5 5 5 1 1 0.002106 0.001026042 0.0021266666 0.001026625 0.002102 0.001027 0.0021236 0.0010262 11309 2644 4895 1497 79777 959836 348 559894 155060 2644 31.9013671875 7.3095703125 0.263671875 1.5
map_5 67 1 5 5 5 1 1 0.002197208 0.001569541 0.0021697834 0.001569908 0.002196 0.001567 0.0021686 0.0015676 11460 2976 5406 1908 81308 1475257 556 909311 158175 2976 34.396484375 9.31640625 0.19921875 1.3974609375
map_6 67 0 5 5 5 1 1 0.001598834 0.004488375 0.0016048584 0.0044874918 0.001595 0.004485 0.0016024 0.0044856 8636 5520 3116 3121 66166 4577422 55 2435028 107302 5519 23.21484375 15.2392578125 0.193359375 1.9013671875
map_7 67 1 5 5 5 1 1 0.001406417 0.001489125 0.00143055 0.0015099418 0.001405 0.001488 0.0014238 0.001505 7157 3389 2269 1767 42689 1424599 31 779933 95069 3389 19.0791015625 8.6279296875 0.2109375 1.5322265625
map_8 67 0 5 5 5 1 1 0.00166325 0.001871708 0.0016753332 0.001872725 0.001662 0.001872 0.0016744 0.0018722 8959 3544 2958 1988 69619 1858875 92 987766 119823 3544 22.443359375 9.70703125 0.2197265625 1.6494140625
map_9 67 1 5 5 5 1 1 0.001329584 0.000279083 0.0013588418 0.00027935 0.001329 0.000279 0.0013556 0.000279 6833 1091 2669 814 49584 224385 13 165641 94159 1091 21.0322265625 3.974609375 0.234375 1.400390625
map_0 68 1 5 5 5 1 1 0.001944292 0.003515083 0.001952325 0.0035180332 0.001945 0.003511 0.0019518 0.0035148 10230 4824 3138 2833 104757 3454581 93 2005131 138401 4824 23.322265625 13.8330078125 0.2138671875 1.4443359375
map_1 68 0 5 5 5 1 1 0.001586209 0.000455084 0.0015992334 0.000455117 0.001583 0.000455 0.0015974 0.0004554 8597 1489 3985 1034 58756 386461 317 267154 119026 1489 27.4580078125 5.048828125 0.17578125 1.4091796875
map_2 68 1 5 5 5 1 1 0.001651583 0.00416225 0.0016670748 0.004165267 0.001651 0.00416 0.001666 0.0041622 8922 29200 3839 2391 69512 4243881 260 1429212 117000 29200 26.7451171875 11.6748046875 0.22265625 1.4912109375
map_3 68 0 5 5 5 1 1 0.001925208 0.000369292 0.0019420332 0.0003697918 0.001922 0.000369 0.0019358 0.0003698 10220 1385 5343 900 73411 318462 522 202446 140457 1385 34.0888671875 4.39453125 0.234375 1.412109375
map_4 68 1 5 5 5 1 1 0.001881542 0.000241709 0.001897775 0.0002433084 0.001881 0.000241 0.0018958 0.0002424 9932 1128 3202 713 80826 197708 110 127090 130848 1128 23.634765625 3.4814453125 0.216796875 1.4384765625
map_5 68 0 5 5 5 1 1 0.00122425 0.002723875 0.0012342834 0.00272575 0.001223 0.002722 0.0012324 0.0027242 6456 4248 1699 2482 45875 2658383 3 1538947 85549 4247 16.2958984375 12.119140625 0.1787109375 1.44140625
map_6 68 1 5 5 5 1 1 0.001645958 0.000318958 0.0016654748 0.0003196582 0.001647 0.00032 0.001665 0.0003196 8841 1192 3425 864 66756 260456 261 186543 117822 1192 24.7236328125 4.21875 0.2314453125 1.4267578125
map_7 68 0 5 5 5 1 1 0.001641208 0.000728083 0.0016604666 0.0007306998 0.001638 0.000728 0.0016582 0.0007304 8849 2079 3596 1254 65912 662351 126 392872 125202 2079 25.55859375 6.123046875 0.1904296875 1.4765625
map_8 68 1 5 5 5 1 1 0.00145625 0.004145541 0.0014690166 0.0041462998 0.001455 0.004143 0.0014672 0.0041436 7864 5172 3205 3037 57299 4166081 37 2305518 108376 5172 23.6494140625 14.8291015625 0.1962890625 1.857421875
map_9 68 0 5 5 5 1 1 0.001785917 0.000579708 0.0018040416 0.0005808914 0.001783 0.00058 0.0018016 0.00058 9608 1771 3831 1137 85878 518575 310 322898 132334 1771 26.7060546875 5.5517578125 0.2197265625 1.3916015625
map_0 69 0 5 5 5 1 1 0.001546791 0.002895542 0.0015586998 0.0028963 0.001547 0.002892 0.001558 0.0028936 8342 4470 3174 2548 66148 2847471 69 1622040 109913 4470 23.498046875 12.44140625 0.234375 1.4853515625
map_1 69 1 5 5 5 1 1 0.001741709 0.001320042 0.0017558748 0.0013215586 0.001742 0.001317 0.0017542 0.0013196 9201 2815 3927 1681 63716 1273222 140 706087 124452 2815 27.1748046875 8.2080078125 0.2197265625 1.2744140625
map_2 69 0 5 5 5 1 1 0.001036334 0.002933167 0.0010435418 0.0029351168 0.001034 0.00293 0.0010418 0.002931 5608 34227 1662 1546 39427 2939784 4 597079 71929 34226 16.115234375 7.548828125 0.216796875 1.5439453125
map_3 69 1 5 5 5 1 1 0.001511083 0.000754125 0.0015340916 0.0007703582 0.00151 0.000753 0.0015332 0.0007652 8103 1936 3231 1272 56202 690127 148 404226 106238 1936 23.7763671875 6.2109375 0.205078125 1.3828125
map_4 69 0 5 5 5 1 1 0.001779417 0.000789625 0.0017936334 0.00079205 0.001779 0.000787 0.0017926 0.0007894 9589 2222 4461 1315 71526 711869 273 432041 132783 2222 29.7822265625 6.4208984375 0.251953125 1.4912109375
map_5 69 1 5 5 5 1 1 0.00173325 0.001889916 0.0017483082 0.0018910082 0.001733 0.001888 0.0017462 0.0018886 9301 3481 3390 2079 64565 1800278 146 1079934 120986 3481 24.552734375 10.1513671875 0.2607421875 1.5029296875
map_6 69 0 5 5 5 1 1 0.001688291 0.000205541 0.0016980416 0.0002052496 0.001688 0.000205 0.0016956 0.000205 9099 902 2665 704 67771 154397 228 123901 114664 902 21.0126953125 3.4375 0.2197265625 1.37109375
map_7 69 1 5 5 5 1 1 0.001387292 0.000346 0.0013991418 0.0003461916 0.001387 0.000346 0.0013988 0.0003456 7392 1276 3250 887 42141 290736 40 196675 99541 1276 23.869140625 4.3310546875 0.2021484375 1.4091796875
map_8 69 0 5 5 5 1 1 0.002328792 0.000748667 0.0023546334 0.0007503836 0.002326 0.000748 0.0023524 0.0007494 12446 2159 5249 1303 118365 671514 633 424234 166182 2159 33.6298828125 6.3623046875 0.2607421875 1.5439453125
map_9 69 1 5 5 5 1 1 0.001844 0.000653459 0.0018414332 0.0006546334 0.001843 0.000651 0.0018392 0.0006526 9792 1932 3899 1201 78305 589005 53 360212 132435 1932 27.0380859375 5.8642578125 0.2490234375 1.3857421875
map_0 70 1 5 5 5 1 1 0.002061709 0.000525916 0.0020787004 0.0005271832 0.002058 0.000526 0.0020762 0.0005262 11111 1695 4359 1092 91410 460465 402 297977 147966 1695 29.2841796875 5.33203125 0.216796875 1.458984375
map_1 70 0 5 5 5 1 1 0.001924958 0.005199667 0.0019334332 0.0052644834 0.001924 0.005197 0.001933 0.0052622 10546 5941 4668 3454 70697 5168423 847 2980904 139943 5941 30.79296875 16.865234375 0.193359375 1.423828125
map_2 70 1 5 5 5 1 1 0.001577292 0.004223833 0.0015540584 0.0042229918 0.001576 0.00422 0.0015508 0.0042204 7965 46897 3101 1328 55773 4684493 111 440522 101764 46896 23.1416015625 6.484375 0.216796875 1.4560546875
map_3 70 0 5 5 5 1 1 0.001711583 0.001376375 0.0017214664 0.0013803416 0.001711 0.001376 0.001719 0.0013794 9042 2657 3907 1790 86919 1287906 352 800314 124561 2657 27.0771484375 8.740234375 0.193359375 1.376953125
map_4 70 1 5 5 5 1 1 0.001925042 0.000565458 0.0019530332 0.0005663832 0.001922 0.000566 0.0019494 0.000566 10124 1750 3177 1131 72252 498293 189 319706 129531 1750 23.5126953125 5.5224609375 0.2197265625 1.470703125
map_5 70 0 5 5 5 1 1 0.001934083 0.008464625 0.0019536082 0.0084761748 0.001931 0.008461 0.0019512 0.0084734 10389 7443 3920 4432 73281 8501851 284 4910498 137641 7443 27.140625 21.640625 0.234375 1.8603515625
map_6 70 1 5 5 5 1 1 0.00187575 0.000570833 0.0018821416 0.0005731666 0.001872 0.00057 0.0018804 0.0005724 10098 1723 4066 1132 79256 504142 584 320077 128789 1723 27.853515625 5.52734375 0.193359375 1.4208984375
map_7 70 0 5 5 5 1 1 0.001538375 0.002567 0.0015470666 0.0025663084 0.001535 0.002564 0.0015446 0.0025634 8258 4184 2971 2404 56883 2492935 103 1444538 105539 4184 22.5068359375 11.73828125 0.1962890625 1.7138671875
map_8 70 1 5 5 5 1 1 0.001716917 0.003732958 0.0017190666 0.003736358 0.001716 0.003731 0.0017168 0.0037344 9079 6543 3691 2932 79687 3627190 339 2147772 117754 6542 26.0224609375 14.31640625 0.1904296875 1.4267578125
map_9 70 0 5 5 5 1 1 0.001636375 0.000660875 0.0016496416 0.0006626582 0.001635 0.00066 0.0016476 0.0006612 8843 1952 3649 1166 70620 623160 174 339586 119202 1952 25.8173828125 5.693359375 0.2109375 1.458984375
map_0 71 0 5 5 5 1 1 0.001472667 0.001807959 0.0014746 0.0018281586 0.00147 0.001808 0.0014716 0.0018254 7850 3419 2742 1980 64054 1773272 195 979419 105633 3419 21.388671875 9.66796875 0.2490234375 1.51171875
map_1 71 1 5 5 5 1 1 0.001577375 0.005482958 0.0015974418 0.0054834746 0.001576 0.005483 0.0015966 0.005482 8317 6840 3322 3338 55311 5769226 105 2785421 110293 6840 24.220703125 16.298828125 0.2197265625 1.8369140625
map_2 71 0 5 5 5 1 1 0.0012125 0.004965958 0.0012186082 0.0049713834 0.001209 0.004967 0.0012164 0.004971 6501 6066 2009 3275 50179 5088796 150 2679916 83450 6066 17.8095703125 15.9912109375 0.216796875 1.576171875
map_3 71 1 5 5 5 1 1 0.001488375 0.000944208 0.0015038668 0.00094525 0.001486 0.000941 0.0015022 0.000944 8022 2202 3324 1469 73643 863391 162 538949 103194 2202 24.23046875 7.1728515625 0.234375 1.3974609375
map_4 71 0 5 5 5 1 1 0.0018255 0.002617583 0.001841475 0.0026199916 0.001822 0.002617 0.0018388 0.0026156 9767 4189 3985 2387 70274 2536853 267 1423743 138478 4189 27.4580078125 11.6552734375 0.2666015625 1.4384765625
map_5 71 1 5 5 5 1 1 0.002101292 0.000971416 0.0020961084 0.0009782582 0.0021 0.000969 0.002094 0.0009764 11026 2672 4310 1400 85501 933089 937 489772 148800 2672 29.044921875 6.8359375 0.2080078125 1.5673828125
map_6 71 0 5 5 5 1 1 0.001725083 0.000519833 0.0017374332 0.0005249082 0.001725 0.000519 0.0017368 0.000524 9299 1474 3581 1124 69613 446461 434 315564 113391 1474 25.4853515625 5.48828125 0.240234375 1.39453125
map_7 71 1 5 5 5 1 1 0.001595875 0.000597542 0.0016905582 0.0005979916 0.001592 0.000596 0.001689 0.0005962 8651 1709 3828 1202 54433 511340 238 360893 113861 1709 26.69140625 5.869140625 0.2255859375 1.4619140625
map_8 71 0 5 5 5 1 1 0.001378292 0.002133125 0.001383467 0.0021396834 0.001378 0.002131 0.0013808 0.0021386 7364 3858 1711 2168 52977 2066812 110 1174991 100008 3858 16.3544921875 10.5859375 0.216796875 1.8193359375
map_9 71 1 5 5 5 1 1 0.001366083 0.00026825 0.0013759418 0.0002699834 0.001363 0.000269 0.0013748 0.0002692 7181 1081 2890 772 57164 224383 100 148980 96663 1081 22.111328125 3.76953125 0.1962890625 1.412109375
map_0 72 1 5 5 5 1 1 0.001927875 0.00087025 0.0019532166 0.0008687334 0.001924 0.000866 0.0019514 0.000867 10356 2141 3863 1380 81943 801618 515 475907 145250 2141 26.8623046875 6.73828125 0.240234375 1.458984375
map_1 72 0 5 5 5 1 1 0.001831917 0.00145175 0.0018450916 0.0014523918 0.001829 0.001449 0.0018422 0.0014514 9911 6041 4901 1259 73509 1678916 597 395965 132199 6041 31.9306640625 6.1474609375 0.2138671875 1.5791015625
map_2 72 1 5 5 5 1 1 0.001505833 0.001422833 0.0015111832 0.0014209082 0.001503 0.001419 0.0015098 0.0014186 8139 18480 3178 900 63889 1347059 250 202407 99853 18480 23.517578125 4.39453125 0.2138671875 1.41796875
map_3 72 0 5 5 5 1 1 0.001739083 0.00224125 0.0017448666 0.0022424584 0.001739 0.00224 0.0017446 0.002241 9084 4084 3557 2222 96476 2193006 301 1234249 118675 4084 25.3681640625 10.849609375 0.2578125 1.7080078125
map_4 72 1 5 5 5 1 1 0.001496875 0.000835834 0.001510075 0.0008342002 0.001496 0.000833 0.001509 0.0008334 8001 2200 2902 1317 69678 761393 121 433247 109914 2200 22.169921875 6.4306640625 0.240234375 1.423828125
map_5 72 0 5 5 5 1 1 0.001388584 0.001860417 0.0013949252 0.0018584 0.001386 0.001857 0.0013928 0.001856 7394 3566 2505 2002 57325 1817032 27 1001212 96970 3566 20.2314453125 9.775390625 0.2138671875 1.4208984375
map_6 72 1 5 5 5 1 1 0.001101417 0.000515542 0.0011114666 0.0005162086 0.001099 0.000515 0.0011108 0.0005154 5973 1764 2143 1062 38716 453180 78 281791 77669 1764 18.4638671875 5.185546875 0.2021484375 1.44140625
map_7 72 0 5 5 5 1 1 0.001818083 0.000939 0.0018359752 0.000938375 0.001815 0.000937 0.0018332 0.000937 9893 2536 5001 1381 70547 886675 297 476362 133869 2536 32.4189453125 6.7431640625 0.228515625 1.39453125
map_8 72 1 5 5 5 1 1 0.001666959 0.00195025 0.001676017 0.0019536832 0.001664 0.001949 0.0016752 0.0019534 8920 3966 3201 1981 79386 1965999 65 980506 118747 3966 23.6298828125 9.6728515625 0.24609375 1.44140625
map_9 72 0 5 5 5 1 1 0.001716584 0.000593667 0.0017311248 0.000595375 0.001713 0.000593 0.0017292 0.000595 9268 1688 4684 1169 69935 521925 225 341375 126244 1688 30.87109375 5.7080078125 0.2373046875 1.39453125
map_0 73 0 5 5 5 1 1 0.001575916 0.001706125 0.0015946166 0.0017067498 0.001575 0.001703 0.0015932 0.0017048 8286 2849 2387 2067 81220 1552443 17 1067765 109990 2849 19.6552734375 10.0927734375 0.1875 1.6611328125
map_1 73 1 5 5 5 1 1 0.001823709 0.000821375 0.0018361254 0.0008205164 0.00182 0.000819 0.001834 0.000819 9713 3877 4348 1168 75108 801182 132 340941 129489 3877 29.23046875 5.703125 0.234375 1.5263671875
map_2 73 0 5 5 5 1 1 0.002008042 0.007577541 0.0020292084 0.0075776834 0.002005 0.007577 0.002027 0.0075764 10769 31879 4367 3662 97794 7772310 338 3350968 138873 31879 29.3232421875 17.880859375 0.24609375 1.505859375
map_3 73 1 5 5 5 1 1 0.001860792 0.003981541 0.0018752334 0.003982575 0.001858 0.003979 0.0018726 0.0039806 9742 4650 4031 3139 103965 3791226 242 2462110 133214 4649 27.6826171875 15.3271484375 0.158203125 1.412109375
map_4 73 0 5 5 5 1 1 0.002116834 0.000997083 0.0021224084 0.0009994914 0.002114 0.000996 0.0021198 0.0009982 11397 2495 3647 1512 88816 905594 174 571008 151733 2495 25.8076171875 7.3828125 0.2197265625 1.41796875
map_5 73 1 5 5 5 1 1 0.001655959 0.000215292 0.00166585 0.0002153582 0.001653 0.000215 0.001664 0.0002154 8855 949 2770 709 57888 169236 111 125667 114464 949 21.525390625 3.4619140625 0.205078125 1.3388671875
map_6 73 0 5 5 5 1 1 0.001222541 0.000251958 0.0012376332 0.0002525998 0.001222 0.000251 0.0012356 0.0002512 6686 1012 2246 772 51257 200681 6 148946 85994 1012 18.966796875 3.76953125 0.205078125 1.3623046875
map_7 73 1 5 5 5 1 1 0.00165125 0.001456541 0.0016555164 0.0014569334 0.001651 0.001455 0.0016542 0.0014552 8928 2826 3705 1831 53277 1351372 118 837853 116710 2826 26.0908203125 8.9404296875 0.2548828125 1.6142578125
map_8 73 0 5 5 5 1 1 0.001937084 0.004042167 0.001950267 0.0040424 0.001935 0.004038 0.0019478 0.004041 10381 25925 3964 2486 77936 4038779 210 1544407 142453 25925 27.35546875 12.138671875 0.2841796875 1.5732421875
map_9 73 1 5 5 5 1 1 0.001992416 0.001119291 0.0020057332 0.0011240998 0.00199 0.001118 0.002004 0.0011228 10610 2402 4845 1636 86083 1011327 344 668490 149635 2402 31.6572265625 7.98828125 0.2783203125 1.3359375
map_0 74 1 5 5 5 1 1 0.001837292 0.001236084 0.0018546834 0.0012358086 0.001837 0.001233 0.0018542 0.0012342 9775 2636 3101 1698 104872 1141795 213 720076 120104 2636 23.1416015625 8.291015625 0.2373046875 1.283203125
map_1 74 0 5 5 5 1 1 0.001815334 0.002150917 0.0018275584 0.0021620752 0.001812 0.002148 0.0018254 0.0021584 9760 3622 5038 2189 59974 2093422 201 1196993 130429 3622 32.599609375 10.6884765625 0.228515625 1.3505859375
map_2 74 1 5 5 5 1 1 0.001274875 0.000423708 0.0012881078 0.000422975 0.001274 0.00042 0.001287 0.0004208 6894 1478 2312 986 52431 356850 45 243015 86310 1477 19.2890625 4.814453125 0.22265625 1.546875
map_3 74 0 5 5 5 1 1 0.001733584 0.002448959 0.0017531584 0.0024439086 0.001733 0.002448 0.0017494 0.0024428 9145 3613 4309 2457 61061 2243248 61 1508097 124534 3613 29.0400390625 11.9970703125 0.240234375 1.3681640625
map_4 74 1 5 5 5 1 1 0.001495875 0.003332709 0.001502175 0.0033332084 0.001493 0.00333 0.0015006 0.0033308 7953 4363 2192 2828 56845 3197882 64 1999384 105300 4363 18.703125 13.80859375 0.1962890625 1.810546875
map_5 74 0 5 5 5 1 1 0.001487625 0.000370334 0.0014786584 0.0003744166 0.001485 0.000371 0.0014772 0.0003744 7957 1328 2687 946 49790 305171 213 223532 104185 1328 21.1201171875 4.619140625 0.234375 1.4091796875
map_6 74 1 5 5 5 1 1 0.001562125 0.002722041 0.0015816666 0.0027228332 0.001559 0.002719 0.0015802 0.002721 8512 4327 2849 2409 68010 2738809 68 1449707 102582 4326 21.9111328125 11.7626953125 0.240234375 1.2978515625
map_7 74 0 5 5 5 1 1 0.001743167 0.000443291 0.0017589918 0.0004430748 0.00174 0.000443 0.0017568 0.0004426 9312 1511 5199 994 63860 386592 181 246920 128616 1511 33.3857421875 4.853515625 0.2490234375 1.435546875
map_8 74 1 5 5 5 1 1 0.001866791 0.001679834 0.0018826416 0.001681975 0.001867 0.001677 0.001882 0.0016796 9775 3396 4409 1876 81736 1659406 221 879591 138924 3396 29.5283203125 9.16015625 0.2548828125 1.7255859375
map_9 74 0 5 5 5 1 1 0.001758458 0.000677791 0.0017782082 0.0006853248 0.001758 0.000677 0.001777 0.0006822 9441 1844 4466 1206 70979 602370 198 363367 129153 1844 29.806640625 5.888671875 0.263671875 1.40625
map_0 75 0 5 5 5 1 1 0.0013305 0.000347833 0.0013420748 0.0003473834 0.001331 0.000348 0.0013402 0.0003472 7142 1376 2130 874 48615 293714 40 190856 94452 1376 18.400390625 4.267578125 0.1962890625 1.4091796875
map_1 75 1 5 5 5 1 1 0.001528041 0.001138375 0.0015253412 0.0011369332 0.001528 0.001136 0.0015248 0.0011352 8136 3531 3214 1482 55368 1095913 173 548925 105679 3531 23.693359375 7.236328125 0.1787109375 1.5908203125
map_2 75 0 5 5 5 1 1 0.001296916 0.000906292 0.0013062414 0.000907075 0.001297 0.000906 0.001305 0.0009064 6949 5720 2678 1300 45383 815567 3 422047 93501 5720 21.076171875 6.34765625 0.19921875 1.3271484375
map_3 75 1 5 5 5 1 1 0.002064125 0.000656583 0.0020732416 0.0006563164 0.00206 0.000654 0.002072 0.0006544 10978 1937 4552 1204 77783 591884 187 362091 150346 1937 30.2265625 5.87890625 0.2197265625 1.412109375
map_4 75 0 5 5 5 1 1 0.001927375 0.000363375 0.0019373914 0.000372425 0.001924 0.000364 0.0019348 0.00037 10202 1352 2793 861 85796 299241 77 185210 139380 1352 21.6376953125 4.2041015625 0.1904296875 1.3828125
map_5 75 1 5 5 5 1 1 0.001590875 0.000430625 0.0015940502 0.00042855 0.001588 0.000429 0.0015928 0.0004274 8451 1456 3069 977 57375 359460 56 238413 114436 1456 22.9853515625 4.7705078125 0.19921875 1.376953125
map_6 75 0 5 5 5 1 1 0.001754 0.001206459 0.0017689504 0.0012079584 0.001751 0.001206 0.0017666 0.0012074 9486 2796 4109 1615 70978 1146818 176 651423 118274 2796 28.0634765625 7.8857421875 0.1962890625 1.3681640625
map_7 75 1 5 5 5 1 1 0.001926375 0.001443625 0.001928475 0.0014451168 0.001927 0.00144 0.0019266 0.0014428 10314 2876 3642 1810 80921 1362910 156 818608 132804 2876 25.783203125 8.837890625 0.158203125 1.5146484375
map_8 75 0 5 5 5 1 1 0.00193275 0.000819875 0.0019278914 0.0008196834 0.001931 0.000819 0.0019236 0.0008192 9793 2284 3430 1327 87779 741743 110 439989 128506 2284 24.748046875 6.4794921875 0.2138671875 1.5380859375
map_9 75 1 5 5 5 1 1 0.001873208 0.000957541 0.0018891752 0.0009588666 0.001873 0.000957 0.0018874 0.0009582 10047 2235 4605 1482 77404 881851 248 548609 136417 2234 30.4853515625 7.236328125 0.298828125 1.4560546875
map_0 76 1 5 5 5 1 1 0.001669708 0.000956125 0.001680775 0.000956275 0.001669 0.000955 0.0016794 0.000956 8794 2900 2700 1322 81744 954512 57 436644 115699 2900 21.18359375 6.455078125 0.2138671875 1.51171875
map_1 76 0 5 5 5 1 1 0.001989083 0.000782666 0.0020038914 0.000783425 0.001985 0.000782 0.0020008 0.0007824 10257 1926 4822 1360 77120 699623 170 462006 144485 1926 31.544921875 6.640625 0.234375 1.4208984375
map_2 76 1 5 5 5 1 1 0.001767125 0.000240208 0.0017799084 0.0002408084 0.001766 0.000239 0.0017798 0.0002396 9305 1042 4497 733 69476 194884 471 134321 125834 1042 29.9580078125 3.5791015625 0.2109375 1.40625
map_3 76 0 5 5 5 1 1 0.00196475 0.000340458 0.0019848 0.000340825 0.001962 0.00034 0.0019826 0.0003402 10515 1243 5699 873 87617 289744 938 190457 144909 1242 35.8271484375 4.2626953125 0.24609375 1.46484375
map_4 76 1 5 5 5 1 1 0.001942708 0.000519333 0.001952925 0.000520175 0.001942 0.000519 0.0019522 0.0005192 10329 1684 3072 1040 79789 472618 531 270271 136094 1684 23 5.078125 0.2109375 1.5205078125
map_5 76 0 5 5 5 1 1 0.001878625 0.001489084 0.0018989664 0.0014887168 0.001878 0.001487 0.0018968 0.0014874 10105 3059 4466 1819 72697 1422097 248 826496 137524 3059 29.806640625 8.8818359375 0.2490234375 1.5263671875
map_6 76 1 5 5 5 1 1 0.001728458 0.001192708 0.0017401084 0.001205225 0.001729 0.001192 0.001738 0.001204 9172 2596 3079 1651 70626 1099134 189 680911 119337 2596 23.0341796875 8.0615234375 0.1962890625 1.3623046875
map_7 76 0 5 5 5 1 1 0.0017865 0.001496459 0.0018000916 0.0015122586 0.001783 0.001492 0.0017978 0.0015076 9587 2942 4056 1896 59938 1393875 148 898522 131785 2942 27.8046875 9.2578125 0.19921875 1.6171875
map_8 76 1 5 5 5 1 1 0.001706125 0.000958042 0.00171205 0.0009625084 0.001703 0.000958 0.0017104 0.0009606 9119 2356 3032 1434 73163 906992 45 513715 125795 2356 22.8046875 7.001953125 0.24609375 1.4033203125
map_9 76 0 5 5 5 1 1 0.001417166 0.000450542 0.0014305834 0.0004504666 0.001416 0.000449 0.0014282 0.000449 7467 1512 2527 995 58151 393443 97 247246 104007 1512 20.3388671875 4.8583984375 0.2080078125 1.3505859375
map_0 77 0 5 5 5 1 1 0.001873541 0.002027083 0.0018910246 0.0020274082 0.001872 0.002026 0.0018886 0.0020264 9958 3671 3544 2126 87693 1963139 148 1129732 136913 3671 25.3046875 10.380859375 0.2109375 1.7666015625
map_1 77 1 5 5 5 1 1 0.002122083 0.000790334 0.0021315332 0.0007903252 0.002123 0.00079 0.0021302 0.0007892 11259 4113 5646 1281 85522 692067 712 409917 153496 4113 35.568359375 6.2548828125 0.29296875 1.435546875
map_2 77 0 5 5 5 1 1 0.001304208 0.000315792 0.0013129582 0.0003163082 0.001304 0.000316 0.001312 0.0003162 6863 1201 2186 866 51867 257349 23 187372 93515 1201 18.673828125 4.228515625 0.2080078125 1.40625
map_3 77 1 5 5 5 1 1 0.00165575 0.002344042 0.0016696002 0.0023473166 0.001654 0.002341 0.0016684 0.0023456 8851 3798 3198 2262 69175 2317863 13 1278483 109861 3798 23.615234375 11.044921875 0.216796875 1.51171875
map_4 77 0 5 5 5 1 1 0.002184333 0.000695125 0.0021977334 0.0006972082 0.002181 0.000694 0.0021942 0.0006962 11597 1876 4296 1274 79631 609872 237 405665 162177 1876 28.9765625 6.220703125 0.26953125 1.4384765625
map_5 77 1 5 5 5 1 1 0.001319917 0.000399291 0.0013299 0.0004000664 0.001319 0.000399 0.0013292 0.0003992 7079 1609 1387 882 53696 361154 12 194388 86087 1609 14.7724609375 4.306640625 0.2197265625 1.48828125
map_6 77 0 5 5 5 1 1 0.001727459 0.000478875 0.0017375752 0.0004794916 0.001724 0.000479 0.0017352 0.0004788 9283 3072 3441 937 69448 415589 35 219341 120551 3072 24.8017578125 4.5751953125 0.1962890625 1.4677734375
map_7 77 1 5 5 5 1 1 0.001262709 0.000697833 0.0012855836 0.000699 0.001262 0.000696 0.0012798 0.0006978 6660 1837 2096 1276 43269 619477 4 406643 90406 1837 18.234375 6.23046875 0.2373046875 1.4267578125
map_8 77 0 5 5 5 1 1 0.001724333 0.002418708 0.0017319828 0.002419117 0.001721 0.002417 0.0017298 0.002417 9250 4151 2894 2278 71879 2406179 46 1296547 120289 4151 22.130859375 11.123046875 0.2373046875 1.4296875
map_9 77 1 5 5 5 1 1 0.002188291 0.0002605 0.0022236834 0.0002607834 0.002184 0.000261 0.0022188 0.0002604 11102 1113 4467 766 88690 211049 582 146668 151792 1113 29.8115234375 3.740234375 0.216796875 1.4296875
map_0 78 1 5 5 5 1 1 0.002126541 0.000751833 0.0021438162 0.0007522 0.002125 0.00075 0.0021412 0.0007506 11215 1912 3258 1304 100991 684934 427 424679 154216 1912 23.908203125 6.3671875 0.2314453125 1.3623046875
map_1 78 0 5 5 5 1 1 0.001422333 0.000361 0.0014317166 0.0003613836 0.001422 0.000361 0.0014304 0.000361 7662 1263 2855 911 56078 306671 147 207425 100403 1263 21.9404296875 4.4482421875 0.1552734375 1.412109375
map_2 78 1 5 5 5 1 1 0.002207917 0.001585625 0.0022028834 0.0015903586 0.002205 0.001583 0.002199 0.0015884 11153 13362 5284 1478 86179 1523292 667 545945 156863 13362 33.80078125 7.216796875 0.205078125 1.60546875
map_3 78 0 5 5 5 1 1 0.002092667 0.001261334 0.0021097336 0.0012684252 0.00209 0.001252 0.0021066 0.001258 11260 2565 4999 1670 78419 1109400 400 697031 151107 2565 32.4091796875 8.154296875 0.2666015625 1.3916015625
map_4 78 1 5 5 5 1 1 0.002397625 0.000259125 0.0024095834 0.0002582082 0.002397 0.000256 0.0024096 0.0002566 12586 1086 5484 758 102982 210896 394 143622 175465 1086 34.77734375 3.701171875 0.234375 1.4296875
map_5 78 0 5 5 5 1 1 0.001334083 0.002428625 0.0013450582 0.0024287084 0.001331 0.002428 0.0013424 0.0024272 7252 3967 2688 2332 50296 2332350 77 1359151 94548 3967 21.125 11.38671875 0.251953125 1.44140625
map_6 78 1 5 5 5 1 1 0.00166625 0.012890417 0.0017077416 0.0128862416 0.001666 0.012887 0.0017036 0.0128842 8566 9098 4263 5566 58998 12843029 252 7744928 112285 9097 28.8154296875 27.177734375 0.1904296875 1.4736328125
map_7 78 0 5 5 5 1 1 0.001966834 0.000336208 0.0019909418 0.0003357582 0.001965 0.000334 0.0019902 0.000335 10607 1227 4493 896 83081 271989 400 200581 144024 1227 29.9384765625 4.375 0.26953125 1.365234375
map_8 78 1 5 5 5 1 1 0.001668709 0.000750625 0.001679475 0.0007512334 0.001666 0.000749 0.0016772 0.0007498 9016 1976 4086 1298 56419 685016 181 420873 121001 1976 27.951171875 6.337890625 0.2138671875 1.4765625
map_9 78 0 5 5 5 1 1 0.001841916 0.000462917 0.0018495332 0.0004624584 0.001838 0.00046 0.001847 0.000461 9853 1461 4764 1031 71196 401076 452 265680 139165 1461 31.26171875 5.0341796875 0.2255859375 1.359375
map_0 79 0 5 5 5 1 1 0.001726208 0.000519125 0.001734125 0.0005202166 0.001726 0.000519 0.0017328 0.0005192 9204 1620 3318 1076 74897 445644 327 289140 123881 1619 24.201171875 5.25390625 0.251953125 1.3857421875
map_1 79 1 5 5 5 1 1 0.001208834 0.001325959 0.0012100002 0.001328567 0.001208 0.001323 0.001209 0.0013262 6405 2917 2396 1736 38821 1237698 51 752753 81322 2917 19.69921875 8.4765625 0.1640625 1.458984375
map_2 79 0 5 5 5 1 1 0.001647792 0.000795584 0.0016607084 0.0007974 0.001647 0.000795 0.0016604 0.0007964 8836 10542 3194 835 72996 739321 64 174235 115185 10542 23.595703125 4.0771484375 0.24609375 1.40625
map_3 79 1 5 5 5 1 1 0.001333042 0.000294958 0.0013349836 0.0002954498 0.001333 0.000294 0.0013344 0.0002944 7075 1086 2483 845 58688 237666 51 178387 93163 1086 20.1240234375 4.1259765625 0.2314453125 1.400390625
map_4 79 0 5 5 5 1 1 0.002149458 0.000378375 0.002163875 0.0003786082 0.002146 0.000378 0.002161 0.0003778 11556 1439 5361 892 79375 330305 491 198785 157626 1439 34.1767578125 4.35546875 0.2255859375 1.4150390625
map_5 79 1 5 5 5 1 1 0.001812042 0.001985167 0.001828075 0.0019844752 0.001812 0.001981 0.0018264 0.0019808 9578 3742 4123 2034 68184 1956203 281 1033504 126147 3742 28.1318359375 9.931640625 0.205078125 1.505859375
map_6 79 0 5 5 5 1 1 0.001401792 0.00433325 0.0014098586 0.0043243832 0.001401 0.00433 0.0014084 0.0043224 7584 5120 2766 3199 58651 4171441 18 2557233 95666 5120 21.505859375 15.6201171875 0.2548828125 1.447265625
map_7 79 1 5 5 5 1 1 0.001554917 0.002795958 0.0015955082 0.0028010164 0.001553 0.002792 0.001593 0.0027988 8105 4133 3179 2560 50366 2691127 96 1638006 105045 4133 23.5224609375 12.5 0.1962890625 1.705078125
map_8 79 0 5 5 5 1 1 0.001813125 0.000413333 0.0018189664 0.0004138418 0.001813 0.000413 0.001817 0.0004136 9778 3268 3943 889 71726 338709 397 197484 130020 3268 27.2529296875 4.3408203125 0.2138671875 1.4501953125
map_9 79 1 5 5 5 1 1 0.002089125 0.000883166 0.0021072752 0.0008832832 0.002086 0.000882 0.0021046 0.0008824 10960 2129 4756 1431 86793 802620 429 511566 152786 2129 31.22265625 6.9873046875 0.2431640625 1.4736328125
map_0 80 1 5 5 5 1 1 0.001712625 0.000496125 0.0017087584 0.000494525 0.001709 0.000493 0.0017066 0.0004936 8940 1620 3212 1031 86467 440208 25 265581 127815 1620 23.68359375 5.0341796875 0.251953125 1.4443359375
map_1 80 0 5 5 5 1 1 0.00130325 0.000498417 0.0013196582 0.0004980166 0.001303 0.000498 0.0013184 0.0004978 7076 1649 2401 1048 49628 436744 47 274411 95773 1649 19.7236328125 5.1171875 0.240234375 1.4443359375
map_2 80 1 5 5 5 1 1 0.001469709 0.00149225 0.0014837586 0.00149495 0.001467 0.001491 0.0014822 0.0014932 7821 13524 3172 1355 60155 1457655 25 458620 102836 13524 23.48828125 6.6162109375 0.2666015625 1.517578125
map_3 80 0 5 5 5 1 1 0.001494334 0.003457167 0.0015063086 0.0034612584 0.001491 0.003454 0.0015038 0.0034584 8036 5205 3174 2690 52777 3540778 21 1808537 103360 5204 23.498046875 13.134765625 0.2431640625 1.8251953125
map_4 80 1 5 5 5 1 1 0.002108875 0.000364167 0.0021271918 0.0003641248 0.002104 0.000364 0.0021238 0.0003636 10578 1376 3231 909 108030 306025 146 206558 141455 1376 23.7763671875 4.4384765625 0.2578125 1.482421875
map_5 80 0 5 5 5 1 1 0.001252667 0.000272583 0.0012602916 0.0002726664 0.001253 0.000272 0.0012584 0.0002718 6731 1126 2394 805 48635 216394 24 161985 91297 1126 19.689453125 3.9306640625 0.2138671875 1.4033203125
map_6 80 1 5 5 5 1 1 0.001413875 0.000405 0.001432075 0.000405217 0.001414 0.000404 0.0014306 0.000404 7673 1417 2633 960 61320 341272 47 230389 97353 1417 20.8564453125 4.6875 0.1904296875 1.48828125
map_7 80 0 5 5 5 1 1 0.001055792 0.000806166 0.0010661498 0.0008061664 0.00105 0.000805 0.0010638 0.0008052 5676 2007 2309 1404 31809 704883 14 492293 78935 2007 19.2744140625 6.85546875 0.2197265625 1.3330078125
map_8 80 1 5 5 5 1 1 0.001100417 0.001004291 0.0011171002 0.001004758 0.001101 0.001001 0.001115 0.0010024 5876 2425 1871 1509 46670 922719 9 568703 81056 2424 17.1357421875 7.3681640625 0.1904296875 1.3623046875
map_9 80 0 5 5 5 1 1 0.001887291 0.000279291 0.0019031748 0.0002801748 0.001887 0.00028 0.001901 0.0002802 10204 1141 4914 793 86266 231452 435 157195 138967 1141 31.994140625 3.8720703125 0.205078125 1.4443359375
map_0 81 0 5 5 5 1 1 0.001679542 0.001029625 0.0016948166 0.0010304168 0.001677 0.001028 0.0016936 0.0010292 8958 2379 3172 1567 82321 925313 76 613709 119666 2379 23.48828125 7.6513671875 0.2724609375 1.458984375
map_1 81 1 5 5 5 1 1 0.001072583 0.000323041 0.0010849416 0.0003243666 0.00107 0.000324 0.0010842 0.0003234 5836 1467 2340 772 36989 293876 15 148983 79275 1467 19.42578125 3.76953125 0.228515625 1.46484375
map_2 81 0 5 5 5 1 1 0.001408375 0.006303208 0.0014112 0.0063026334 0.001405 0.006296 0.0014096 0.0062988 7562 77464 2820 933 60762 7161525 147 217579 94848 77464 21.76953125 4.5556640625 0.2255859375 1.4560546875
map_3 81 1 5 5 5 1 1 0.002156417 0.005783667 0.0021686084 0.0058053918 0.002157 0.005784 0.002166 0.0057964 11031 5943 6629 3756 86900 5527483 1127 3525160 153623 5942 40.3681640625 18.33984375 0.2607421875 1.423828125
map_4 81 0 5 5 5 1 1 0.002054209 0.00038175 0.0020707168 0.0003824 0.002051 0.000381 0.0020682 0.0003818 11168 1358 4691 915 89152 322717 512 209078 140081 1358 30.9052734375 4.4677734375 0.216796875 1.341796875
map_5 81 1 5 5 5 1 1 0.001729667 0.000413334 0.0017445334 0.000413525 0.001729 0.000413 0.0017424 0.0004128 9361 1543 3491 964 69360 351798 254 232258 121856 1543 25.0458984375 4.70703125 0.2373046875 1.4384765625
map_6 81 0 5 5 5 1 1 0.001777041 0.001530333 0.0017861916 0.0015308416 0.001777 0.001529 0.0017842 0.0015296 9431 3091 2994 1834 69130 1469956 135 840210 122391 3091 22.619140625 8.955078125 0.1787109375 1.4912109375
map_7 81 1 5 5 5 1 1 0.001817542 0.0023225 0.0018417332 0.0023291002 0.001818 0.00232 0.0018394 0.002327 9305 4470 4245 2250 74180 2271005 275 1264605 124933 4470 28.7275390625 10.986328125 0.2607421875 1.412109375
map_8 81 0 5 5 5 1 1 0.001433042 0.000456875 0.0014486834 0.0004576998 0.001434 0.000456 0.001446 0.000457 7797 1403 3676 1051 69543 387070 28 275979 107292 1403 25.94921875 5.1318359375 0.205078125 1.365234375
map_9 81 1 5 5 5 1 1 0.001535042 0.001291416 0.0015542586 0.0012988412 0.001535 0.001288 0.0015522 0.0012954 8170 2729 3489 1705 63551 1205545 112 726049 114344 2729 25.0361328125 8.3251953125 0.1875 1.3095703125
map_0 82 1 5 5 5 1 1 0.001763292 0.001056583 0.0017721166 0.0010569084 0.001762 0.001056 0.0017706 0.0010562 9330 2382 3467 1570 78011 958877 181 615649 125525 2382 24.9287109375 7.666015625 0.2373046875 1.3271484375
map_1 82 0 5 5 5 1 1 0.00158025 0.000463917 0.0016039668 0.0004631254 0.001576 0.000463 0.0016012 0.0004626 8346 1507 4001 1013 58785 395585 328 256449 111041 1507 27.5361328125 4.9462890625 0.2724609375 1.4150390625
map_2 82 1 5 5 5 1 1 0.001628791 0.001115459 0.001636808 0.0011164334 0.001626 0.001115 0.0016354 0.0011148 8588 8992 4145 1295 59753 1042794 120 418969 116983 8992 28.2392578125 6.3232421875 0.2255859375 1.3916015625
map_3 82 0 5 5 5 1 1 0.001844084 0.00113 0.001857067 0.0011306666 0.001844 0.001118 0.0018548 0.001128 9822 2338 5003 1605 61822 996910 296 643386 138661 2338 32.4287109375 7.8369140625 0.2255859375 1.3212890625
map_4 82 1 5 5 5 1 1 0.002107666 0.000477 0.0021155914 0.0004773 0.002104 0.000477 0.0021136 0.000477 11015 1629 4894 1036 85758 412896 202 268301 157309 1629 31.896484375 5.05859375 0.240234375 1.494140625
map_5 82 0 5 5 5 1 1 0.001744792 0.000583167 0.001766825 0.0005840918 0.001741 0.000583 0.0017648 0.0005838 9260 1901 3818 1105 65777 545020 97 305077 126549 1901 26.642578125 5.3955078125 0.205078125 1.4267578125
map_6 82 1 5 5 5 1 1 0.002380833 0.001285959 0.0024367332 0.0012904584 0.002381 0.001283 0.002434 0.0012884 12252 2736 6247 1660 85916 1243365 1080 688278 164974 2736 38.5029296875 8.10546875 0.228515625 1.3916015625
map_7 82 0 5 5 5 1 1 0.001336166 0.001045666 0.0013349916 0.0010452418 0.001334 0.001043 0.0013334 0.0010438 7191 2425 3040 1543 47413 964275 155 594666 98110 2425 22.84375 7.5341796875 0.193359375 1.4326171875
map_8 82 1 5 5 5 1 1 0.001669625 0.002884125 0.0016764916 0.0028885164 0.001667 0.002884 0.0016752 0.0028866 8963 4306 4019 2500 63303 2889089 110 1562398 123141 4306 27.6240234375 12.20703125 0.263671875 1.787109375
map_9 82 0 5 5 5 1 1 0.001369875 0.000305625 0.0013785168 0.0003057916 0.001368 0.000305 0.0013768 0.0003054 7152 1196 2361 841 65494 249307 25 176775 99671 1196 19.5283203125 4.1064453125 0.22265625 1.435546875
map_0 83 0 5 5 5 1 1 0.001708708 0.007768875 0.0017057584 0.0077687834 0.001708 0.007766 0.0017038 0.0077662 9002 7179 3267 4287 81257 7716599 154 4594334 118647 7178 23.9521484375 20.9326171875 0.19921875 2.0126953125
map_1 83 1 5 5 5 1 1 0.001407709 0.000861833 0.0014200752 0.0008630498 0.001404 0.000863 0.0014186 0.0008614 7584 2750 2934 1348 56300 795133 62 453938 103947 2750 22.326171875 6.58203125 0.216796875 1.4794921875
map_2 83 0 5 5 5 1 1 0.001264584 0.002292417 0.0012752836 0.0022931584 0.001264 0.002293 0.001273 0.0022928 6741 26484 2246 1076 52500 2455385 213 289330 83937 26484 18.966796875 5.25390625 0.2373046875 1.5
map_3 83 1 5 5 5 1 1 0.001602084 0.001084583 0.0016572748 0.0010837918 0.001602 0.001081 0.0016542 0.001082 8346 2501 3306 1508 66521 1045598 80 568235 110898 2501 24.142578125 7.36328125 0.2109375 1.4765625
map_4 83 0 5 5 5 1 1 0.001774 0.001267042 0.0017850582 0.0012672586 0.00177 0.001266 0.0017808 0.0012662 9388 2947 3295 1639 85451 1220539 28 671545 127855 2947 24.0888671875 8.0029296875 0.2314453125 1.7373046875
map_5 83 1 5 5 5 1 1 0.001576542 0.0023445 0.0015898586 0.002344375 0.001576 0.002341 0.0015896 0.0023418 8492 3827 3111 2302 63451 2275338 136 1324708 107853 3827 23.1904296875 11.240234375 0.2109375 1.7109375
map_6 83 0 5 5 5 1 1 0.001956833 0.000334625 0.0019765914 0.0003349082 0.001955 0.000334 0.0019746 0.0003344 10606 1244 4532 865 71861 283526 558 186895 139512 1244 30.12890625 4.2236328125 0.263671875 1.3857421875
map_7 83 1 5 5 5 1 1 0.001932875 0.003477166 0.0019447582 0.0034770498 0.00193 0.003475 0.0019432 0.0034748 10495 4751 4424 2749 71400 3511960 747 1888301 139151 4751 29.6015625 13.4228515625 0.2138671875 1.41796875
map_8 83 0 5 5 5 1 1 0.0017415 0.0020735 0.0017676418 0.00207675 0.001742 0.002072 0.0017676 0.0020752 9512 3600 4558 2140 63268 2022171 482 1143943 134603 3600 30.255859375 10.44921875 0.216796875 1.41796875
map_9 83 1 5 5 5 1 1 0.001966125 0.001205042 0.001983058 0.0012059248 0.00196 0.001204 0.0019806 0.0012042 10576 2672 5499 1686 72241 1098096 303 710228 147810 2672 34.8505859375 8.232421875 0.2314453125 1.552734375
map_0 84 1 5 5 5 1 1 0.001896 0.000574291 0.0019050334 0.0005741328 0.001896 0.000572 0.0019026 0.0005726 9915 1758 3061 1087 99155 531922 14 295121 134564 1758 22.9462890625 5.3076171875 0.2314453125 1.3857421875
map_1 84 0 5 5 5 1 1 0.00147825 0.0002795 0.0014932332 0.0002798 0.001476 0.00028 0.0014906 0.00028 7981 1128 3082 778 56491 235310 150 151320 103483 1128 23.048828125 3.798828125 0.1904296875 1.435546875
map_2 84 1 5 5 5 1 1 0.001707125 0.00488475 0.0017150082 0.0048861248 0.001707 0.004883 0.0017138 0.0048848 9187 60377 2859 939 75783 5508722 154 220381 115547 60377 21.9599609375 4.5849609375 0.2021484375 1.412109375
map_3 84 0 5 5 5 1 1 0.001751333 0.001032083 0.0017685248 0.0010327416 0.001751 0.001031 0.0017666 0.0010322 9389 2380 4357 1524 84455 962307 238 580222 131158 2380 29.2744140625 7.44140625 0.2255859375 1.4443359375
map_4 84 1 5 5 5 1 1 0.002571791 0.000211042 0.0025718496 0.0002114166 0.00257 0.000211 0.0025706 0.0002112 13313 919 5636 704 100712 166170 557 123870 184355 919 35.51953125 3.4375 0.2138671875 1.3388671875
map_5 84 0 5 5 5 1 1 0.001735584 0.003514291 0.0017476084 0.003513883 0.001732 0.003511 0.0017456 0.0035118 9224 5544 4259 2545 62696 3798687 218 1618881 124870 5544 28.7958984375 12.4267578125 0.2197265625 1.62890625
map_6 84 1 5 5 5 1 1 0.001478167 0.004205584 0.00149295 0.0042040834 0.001476 0.004202 0.001491 0.004201 7976 5089 3004 3126 57321 4136226 154 2441712 101032 5089 22.66796875 15.263671875 0.17578125 1.453125
map_7 84 0 5 5 5 1 1 0.001945417 0.000592959 0.0019779502 0.0006038 0.001942 0.000593 0.001976 0.0006012 10663 1679 4945 1156 63822 519023 420 333764 138929 1679 32.1455078125 5.64453125 0.22265625 1.3798828125
map_8 84 1 5 5 5 1 1 0.001816084 0.002205208 0.0018285418 0.0022055248 0.001814 0.002204 0.001826 0.002204 9782 3711 3295 2228 75668 2138436 71 1240275 131765 3709 24.0888671875 10.87890625 0.240234375 1.470703125
map_9 84 0 5 5 5 1 1 0.002095792 0.00301875 0.0021085834 0.0030195418 0.002096 0.003017 0.0021068 0.003017 11111 4400 5253 2640 89045 2933333 468 1741941 148441 4400 33.6494140625 12.890625 0.2197265625 1.6201171875
map_0 85 0 5 5 5 1 1 0.001592625 0.001497958 0.0016055416 0.001496908 0.001589 0.001495 0.0016036 0.0014958 8427 3358 2665 1773 78186 1459401 228 785221 118693 3358 21.0126953125 8.6572265625 0.1787109375 1.541015625
map_1 85 1 5 5 5 1 1 0.001508583 0.001732667 0.0015220748 0.0017344752 0.001509 0.001732 0.0015214 0.0017328 7993 3268 2230 2011 63474 1626010 295 1011025 103353 3268 18.888671875 9.8193359375 0.1669921875 1.564453125
map_2 85 0 5 5 5 1 1 0.00131275 0.0072855 0.0013169918 0.0073692834 0.00131 0.007282 0.0013148 0.0073658 6993 24290 1681 3864 58522 7215171 27 3730693 87243 24290 16.2080078125 18.8671875 0.193359375 1.341796875
map_3 85 1 5 5 5 1 1 0.002048833 0.003640917 0.0020541414 0.003639192 0.002049 0.003634 0.0020516 0.003635 10883 5199 5133 2818 75635 3654751 551 1983983 142980 5199 33.0634765625 13.759765625 0.2138671875 1.2626953125
map_4 85 0 5 5 5 1 1 0.001790917 0.000520417 0.0017998916 0.0005206834 0.001788 0.00052 0.0017978 0.0005202 9554 1698 2848 1062 77033 463513 117 281954 130380 1698 21.90625 5.185546875 0.1875 1.4208984375
map_5 85 1 5 5 5 1 1 0.001577125 0.001336833 0.0015854334 0.0013380332 0.001575 0.001336 0.0015836 0.0013368 8479 2783 2837 1724 65506 1272770 254 742485 113461 2783 21.8525390625 8.41796875 0.22265625 1.435546875
map_6 85 0 5 5 5 1 1 0.001845625 0.000962958 0.0018690666 0.00096235 0.001842 0.000961 0.0018666 0.0009606 9925 2157 4032 1535 68957 853276 365 588666 131707 2157 27.6875 7.4951171875 0.1787109375 1.359375
map_7 85 1 5 5 5 1 1 0.001849208 0.000630041 0.0018723752 0.0006316332 0.001849 0.00063 0.0018708 0.0006308 10125 1954 3800 1126 63222 593941 258 316815 134210 1954 26.5546875 5.498046875 0.22265625 1.4296875
map_8 85 0 5 5 5 1 1 0.001938125 0.000647167 0.001944775 0.0006482416 0.001938 0.000647 0.001943 0.0006476 10271 1994 4417 1151 84320 604530 184 330862 140262 1994 29.5673828125 5.6201171875 0.240234375 1.3359375
map_9 85 1 5 5 5 1 1 0.001589334 0.000844292 0.0016009168 0.0008455168 0.00159 0.000843 0.001601 0.0008442 8314 2140 3413 1440 63397 735727 18 517802 118782 2140 24.6650390625 7.03125 0.228515625 1.2685546875
map_0 86 1 5 5 5 1 1 0.002279209 0.002109375 0.0022981 0.0021170834 0.002277 0.002108 0.0022966 0.002115 12103 3815 5243 2143 106933 2065805 1181 1147175 165649 3815 33.6005859375 10.4638671875 0.2373046875 1.482421875
map_1 86 0 5 5 5 1 1 0.001615084 0.000759542 0.0016342502 0.0007626336 0.001614 0.00076 0.0016322 0.0007618 8805 2025 3994 1265 59768 700833 291 399815 117627 2025 27.501953125 6.1767578125 0.263671875 1.482421875
map_2 86 1 5 5 5 1 1 0.001750458 0.005804 0.0017669166 0.0058023166 0.001748 0.0058 0.0017658 0.0058 9333 59962 3678 1785 75288 6413413 233 795992 115194 59962 25.958984375 8.7158203125 0.234375 1.470703125
map_3 86 0 5 5 5 1 1 0.002018917 0.001139916 0.0020280834 0.0011407914 0.002017 0.00114 0.0020262 0.00114 10724 2313 4783 1691 74595 1012575 438 714236 149794 2313 31.3544921875 8.2568359375 0.234375 1.353515625
map_4 86 1 5 5 5 1 1 0.001935834 0.01778025 0.0019545752 0.01778875 0.001933 0.017774 0.001952 0.0177852 9930 11354 4316 6437 75196 18145489 277 10357015 134407 11354 29.07421875 31.4306640625 0.2431640625 1.7138671875
map_5 86 0 5 5 5 1 1 0.001676125 0.004862292 0.0016905082 0.0048629164 0.001673 0.004859 0.001689 0.0048604 9044 5479 3304 3424 58695 4712183 86 2930750 120859 5479 24.1328125 16.71875 0.234375 1.787109375
map_6 86 1 5 5 5 1 1 0.001441375 0.000283875 0.0014375498 0.0002842334 0.001442 0.000284 0.001435 0.0002838 7517 1174 2601 791 59479 235293 31 156414 91329 1174 20.7001953125 3.8623046875 0.193359375 1.3974609375
map_7 86 0 5 5 5 1 1 0.001668416 0.002185584 0.0016788332 0.0021855666 0.001665 0.002183 0.0016762 0.0021838 8962 3882 4271 2143 54904 2185779 83 1147892 124952 3882 28.8544921875 10.4638671875 0.1787109375 1.5322265625
map_8 86 1 5 5 5 1 1 0.001233625 0.001448458 0.0012481004 0.0014499084 0.001233 0.001447 0.0012468 0.001448 6613 3108 2037 1747 53440 1415904 6 762288 87355 3108 17.9462890625 8.5302734375 0.240234375 1.41796875
map_9 86 0 5 5 5 1 1 0.001970875 0.003875416 0.0019915086 0.0038508332 0.001967 0.003872 0.001989 0.003846 10535 4705 4854 3001 82327 3566456 395 2251347 143388 4705 31.701171875 14.6533203125 0.2373046875 1.798828125
map_0 87 0 5 5 5 1 1 0.001896459 0.003212958 0.0019112168 0.0032114416 0.001894 0.00321 0.0019094 0.00321 10056 5481 4204 2523 76391 3336808 103 1591204 140789 5480 28.52734375 12.3193359375 0.26953125 1.6259765625
map_1 87 1 5 5 5 1 1 0.001323416 0.000476291 0.001330933 0.0004769916 0.001322 0.000473 0.00133 0.0004756 7119 1532 2790 1024 49319 418406 140 261950 92208 1532 21.623046875 5 0.2255859375 1.40625
map_2 87 0 5 5 5 1 1 0.001878917 0.00160625 0.0018939668 0.0016084916 0.001876 0.001606 0.0018914 0.0016068 10047 3669 4089 1783 78214 1615434 302 794134 132412 3669 27.9658203125 8.7060546875 0.2255859375 1.51171875
map_3 87 1 5 5 5 1 1 0.001820542 0.000676375 0.0018313502 0.0006775 0.001821 0.000675 0.0018292 0.0006768 9775 1762 3999 1301 80064 573275 92 422864 133085 1762 27.5263671875 6.3525390625 0.240234375 1.4267578125
map_4 87 0 5 5 5 1 1 0.001876208 0.001114459 0.0018942166 0.0011152084 0.001873 0.001112 0.0018916 0.001114 10071 2653 4112 1570 64861 1038608 75 615779 140175 2653 28.078125 7.666015625 0.1875 1.5263671875
map_5 87 1 5 5 5 1 1 0.002143667 0.000448291 0.0021595 0.0004502916 0.002144 0.000447 0.0021586 0.000449 11372 1473 5957 1049 82168 368638 842 274903 144074 1473 37.0869140625 5.1220703125 0.2490234375 1.412109375
map_6 87 0 5 5 5 1 1 0.00151975 0.000982708 0.0015365 0.000982283 0.001516 0.000981 0.0015344 0.0009806 8146 2387 4063 1465 61881 919700 142 536023 115051 2387 27.8388671875 7.1533203125 0.2197265625 1.32421875
map_7 87 1 5 5 5 1 1 0.001429708 0.001679083 0.001435625 0.0016832914 0.001431 0.001679 0.001435 0.001683 7723 3204 3461 1948 48276 1604767 155 948196 103828 3204 24.8994140625 9.51171875 0.24609375 1.4970703125
map_8 87 0 5 5 5 1 1 0.001449708 0.00665225 0.0014699664 0.0066551834 0.001448 0.006649 0.0014682 0.006652 7919 6896 2787 3948 58286 6587493 71 3896364 102855 6895 21.6083984375 19.27734375 0.2431640625 1.9248046875
map_9 87 1 5 5 5 1 1 0.001888375 0.000804542 0.0018866166 0.0008102084 0.001883 0.000802 0.0018846 0.0008094 9879 2036 4259 1339 75784 740083 329 447752 137245 2036 28.7958984375 6.5380859375 0.2373046875 1.3359375
map_0 88 1 5 5 5 1 1 0.001661542 0.000978792 0.0016753084 0.0009929334 0.001659 0.000978 0.0016736 0.0009912 8875 2382 3162 1377 74161 927840 50 473574 123720 2382 23.439453125 6.7236328125 0.2314453125 1.4208984375
map_1 88 0 5 5 5 1 1 0.000780417 0.000216875 0.000787375 0.0002176582 0.000778 0.000217 0.0007858 0.0002164 4162 954 1004 727 29508 164765 61 132103 55943 954 12.90234375 3.5498046875 0.158203125 1.353515625
map_2 88 1 5 5 5 1 1 0.001814875 0.000563666 0.0018217168 0.0005631248 0.001811 0.000561 0.0018198 0.0005624 9722 2342 4945 1070 71346 503179 558 286076 129272 2342 32.1455078125 5.224609375 0.2080078125 1.4296875
map_3 88 0 5 5 5 1 1 0.001851834 0.001165333 0.0018651918 0.0011657166 0.001848 0.001165 0.0018618 0.0011652 9686 2577 3705 1573 93591 1127467 115 618506 130628 2577 26.0908203125 7.6806640625 0.228515625 1.5498046875
map_4 88 1 5 5 5 1 1 0.001591458 0.000308 0.001606125 0.0003088 0.001591 0.000308 0.001604 0.000308 8525 1130 2532 857 60581 250707 34 183565 115025 1130 20.36328125 4.1845703125 0.1904296875 1.353515625
map_5 88 0 5 5 5 1 1 0.001780584 0.001688834 0.0017897586 0.0016904502 0.001778 0.001686 0.0017884 0.001688 9477 3165 3363 1964 73705 1605992 122 963511 124253 3165 24.4208984375 9.58984375 0.205078125 1.41796875
map_6 88 1 5 5 5 1 1 0.001388958 0.000450459 0.0014211832 0.0004505748 0.001388 0.00045 0.0014172 0.0004502 7299 1626 2731 946 56900 413018 115 223724 98579 1626 21.3349609375 4.619140625 0.1875 1.4560546875
map_7 88 0 5 5 5 1 1 0.001535167 0.000261084 0.0015432332 0.0002614 0.001536 0.00026 0.0015412 0.0002602 8205 1039 3567 783 53678 210900 89 153189 115393 1039 25.4169921875 3.8232421875 0.216796875 1.34765625
map_8 88 1 5 5 5 1 1 0.001268125 0.001351708 0.001282675 0.001352475 0.001268 0.00135 0.0012816 0.00135 6842 2875 2791 1733 51862 1260153 7 750181 95904 2875 21.6279296875 8.4619140625 0.2783203125 1.4560546875
map_9 88 0 5 5 5 1 1 0.00260975 0.000329792 0.0026260252 0.0003299752 0.00261 0.000329 0.0026238 0.0003294 9316 1261 4004 841 75624 285441 106 176751 127871 1261 27.55078125 4.1064453125 0.2548828125 1.4150390625
map_0 89 0 5 5 5 1 1 0.002189 0.000750084 0.00220555 0.000750342 0.002185 0.000749 0.0022026 0.0007498 11755 2000 4908 1291 110488 686157 1185 416361 144797 2000 31.96484375 6.3037109375 0.2255859375 1.4619140625
map_1 89 1 5 5 5 1 1 0.002426666 0.0010775 0.0024048998 0.0010778168 0.002427 0.001076 0.0023986 0.0010764 11754 2326 4823 1598 85088 979409 350 638309 159073 2326 31.5498046875 7.802734375 0.205078125 1.3740234375
map_2 89 0 5 5 5 1 1 0.001204458 0.000448083 0.0012146248 0.0004737166 0.001201 0.000445 0.001212 0.0004726 6540 1511 2051 992 49205 377182 18 245950 81869 1511 18.0146484375 4.84375 0.2314453125 1.4765625
map_3 89 1 5 5 5 1 1 0.001428667 0.000310041 0.001445625 0.0002999334 0.001428 0.000309 0.0014446 0.0002988 7618 1016 2501 817 65023 216964 15 166823 98176 1016 20.2119140625 3.9892578125 0.240234375 1.4033203125
map_4 89 0 5 5 5 1 1 0.002019875 0.003204791 0.0020302666 0.0032082414 0.002019 0.003203 0.0020286 0.003206 10686 5107 3375 2588 92501 3256807 213 1673646 145264 5107 24.4794921875 12.63671875 0.2373046875 1.6669921875
map_5 89 1 5 5 5 1 1 0.0015395 0.001033458 0.0015795916 0.001047933 0.001539 0.001032 0.0015774 0.0010418 8012 2473 2057 1591 61598 908982 29 632422 106246 2472 18.0439453125 7.7685546875 0.2314453125 1.517578125
map_6 89 0 5 5 5 1 1 0.001888666 0.000988 0.0019103664 0.0009887582 0.001888 0.000986 0.0019084 0.000987 10214 2320 4177 1474 81127 926362 103 542616 129791 2320 28.3955078125 7.197265625 0.2373046875 1.388671875
map_7 89 1 5 5 5 1 1 0.001642375 0.000253083 0.0016591168 0.0002532668 0.001642 0.000253 0.001657 0.000253 8947 1073 3528 766 56138 203018 72 146677 115298 1073 25.2265625 3.740234375 0.2431640625 1.41796875
map_8 89 0 5 5 5 1 1 0.001867833 0.000416208 0.0018878166 0.0004159918 0.001865 0.000415 0.0018854 0.000415 10116 1394 3942 988 88280 355522 408 243860 139045 1394 27.248046875 4.82421875 0.2783203125 1.3974609375
map_9 89 1 5 5 5 1 1 0.001382709 0.002061709 0.0013837584 0.0020926582 0.001382 0.002062 0.0013822 0.0020908 7230 3427 2662 2160 53836 1970248 22 1166260 97698 3427 20.998046875 10.546875 0.205078125 1.7080078125
map_0 90 1 5 5 5 1 1 0.001066666 0.000328333 0.0010718414 0.0003291582 0.001065 0.000328 0.0010712 0.0003282 5691 1304 1618 875 41072 266792 4 191391 75701 1304 15.900390625 4.2724609375 0.216796875 1.4560546875
map_1 90 0 5 5 5 1 1 0.001042625 0.000687708 0.0010498084 0.00068825 0.001039 0.000688 0.0010476 0.0006878 5565 2005 1748 1246 40416 616791 28 387759 73611 2005 16.53515625 6.083984375 0.158203125 1.4501953125
map_2 90 1 5 5 5 1 1 0.001906084 0.001716833 0.0018883336 0.0017168418 0.001903 0.001714 0.0018852 0.001715 9781 5555 4658 1876 81931 1651956 411 879443 121219 5555 30.744140625 9.16015625 0.2548828125 1.4912109375
map_3 90 0 5 5 5 1 1 0.001431583 0.001318542 0.0014420836 0.0013156332 0.00143 0.001318 0.0014402 0.0013152 7678 2679 1903 1726 67478 1230843 189 744075 97184 2679 17.2919921875 8.427734375 0.1904296875 1.3359375
map_4 90 1 5 5 5 1 1 0.002095125 0.000556042 0.0021042332 0.000556367 0.002095 0.000555 0.002103 0.0005558 11066 1722 4507 1099 104176 499849 403 301625 154360 1722 30.0068359375 5.3662109375 0.228515625 1.3330078125
map_5 90 0 5 5 5 1 1 0.0017495 0.0023725 0.0017669836 0.0023629836 0.001746 0.00237 0.0017646 0.0023578 9368 3859 3916 2315 70555 2254642 278 1338847 127126 3859 27.12109375 11.3037109375 0.2255859375 1.3798828125
map_6 90 1 5 5 5 1 1 0.001384792 0.000205291 0.0013954834 0.0002052416 0.001384 0.000205 0.0013932 0.0002044 7474 902 2592 676 68633 163290 99 114217 93821 902 20.65625 3.30078125 0.1875 1.341796875
map_7 90 0 5 5 5 1 1 0.00143725 0.0011195 0.0014485748 0.0011206082 0.001434 0.001119 0.0014464 0.0011196 7641 2568 2425 1603 53394 1032630 39 641840 105949 2568 19.8408203125 7.8271484375 0.2138671875 1.4033203125
map_8 90 1 5 5 5 1 1 0.001905667 0.000454416 0.0019086834 0.0004546332 0.001905 0.000454 0.0019074 0.0004544 10049 1614 4635 963 73460 411791 348 231778 141564 1614 30.6318359375 4.7021484375 0.2197265625 1.435546875
map_9 90 0 5 5 5 1 1 0.001611625 0.001880916 0.001620475 0.001881933 0.001611 0.00188 0.0016178 0.0018808 8345 3490 2654 1994 77400 1866884 178 993229 116384 3490 20.958984375 9.736328125 0.2197265625 1.470703125
map_0 91 0 5 5 5 1 1 0.001897458 0.000398584 0.0019086582 0.0003993586 0.001894 0.000398 0.001906 0.0003986 9964 1545 2878 888 78309 360244 24 197052 139426 1545 22.052734375 4.3359375 0.263671875 1.4501953125
map_1 91 1 5 5 5 1 1 0.001936125 0.005411625 0.0019879082 0.0054103416 0.001933 0.005409 0.0019846 0.0054074 9935 5898 4857 3581 71092 5308668 142 3205407 138700 5898 31.7158203125 17.4853515625 0.2431640625 1.4150390625
map_2 91 0 5 5 5 1 1 0.001564959 0.000713125 0.0015780668 0.0007142664 0.001562 0.000713 0.0015766 0.0007134 8409 3517 3646 1180 62947 641722 322 348060 117280 3516 25.802734375 5.76171875 0.181640625 1.53515625
map_3 91 1 5 5 5 1 1 0.001756958 0.000697583 0.0017620996 0.0006971336 0.001756 0.000696 0.0017608 0.0006958 9501 1899 4719 1241 60886 635723 212 384687 131699 1899 31.0419921875 6.0595703125 0.2255859375 1.4150390625
map_4 91 0 5 5 5 1 1 0.002041458 0.000541916 0.002057633 0.0005424916 0.002041 0.000541 0.0020558 0.000542 10733 1795 5050 1051 81355 497554 469 275933 151231 1795 32.658203125 5.1318359375 0.1787109375 1.4033203125
map_5 91 1 5 5 5 1 1 0.002155667 0.000907333 0.0021987502 0.0009079832 0.002152 0.000904 0.0021928 0.0009052 11213 2347 5687 1436 84032 826942 497 515092 151086 2347 35.7685546875 7.01171875 0.2578125 1.4150390625
map_6 91 0 5 5 5 1 1 0.001492792 0.000743125 0.0015067084 0.00075195 0.001492 0.000743 0.0015046 0.0007516 8055 1942 4084 1313 59871 665354 151 430851 112083 1942 27.94140625 6.4111328125 0.2138671875 1.447265625
map_7 91 1 5 5 5 1 1 0.00189775 0.002748916 0.0019134832 0.0027530498 0.001895 0.002746 0.0019112 0.0027506 10200 4448 4288 2510 81077 2662898 257 1573936 142999 4448 28.9375 12.255859375 0.2373046875 1.552734375
map_8 91 0 5 5 5 1 1 0.00136675 0.00220875 0.0013788414 0.0022111164 0.001363 0.002209 0.0013768 0.0022102 7363 7380 2833 2211 63915 2061198 42 1221227 101906 7380 21.8330078125 10.7958984375 0.216796875 1.4560546875
map_9 91 1 5 5 5 1 1 0.00210175 0.001656958 0.0021066502 0.0016629666 0.002102 0.001654 0.002103 0.0016604 10644 3310 4920 1851 91386 1640835 432 856467 149605 3310 32.0234375 9.0380859375 0.2314453125 1.7021484375
