# map seed opt_first repeats opt_success con_success opt_deterministic con_deterministic opt_run_time con_run_time opt_wall_mean con_wall_mean opt_cpu_time con_cpu_time opt_cpu_mean con_cpu_mean opt_iterations con_iterations opt_nodes con_nodes opt_nn_checks con_nn_checks opt_connection_checks con_connection_checks opt_collision_checks con_collision_checks opt_tree_mem con_tree_mem opt_path_mem con_path_mem
map_0 42 1 5 5 5 1 1 0.002087583 0.002270834 0.0020916 0.002279575 0.002085 0.002268 0.0020902 0.0022774 11080 16466 1070 1440 94955 2527604 116 517991 134630 16466 13.224609375 7.03125 0.2138671875 1.5322265625
map_1 42 0 5 5 5 1 1 0.002252333 0.001365958 0.0022554582 0.0013671582 0.002253 0.001365 0.002254 0.0013662 11949 3990 1824 1427 106865 1501714 197 508815 129022 3990 16.90625 6.9677734375 0.2021484375 1.546875
map_2 42 1 5 5 5 1 1 0.002042917 0.00090425 0.0020519502 0.0009050168 0.002043 0.000901 0.0020512 0.0009022 10731 6227 1709 1184 119106 856414 102 350042 133085 6227 16.3447265625 5.78125 0.2080078125 1.341796875
map_3 42 0 5 5 5 1 1 0.002471375 0.000261166 0.0024788168 0.0002578334 0.002468 0.000261 0.0024754 0.000257 13087 1166 2363 734 104184 224493 113 134613 162271 1166 19.5380859375 3.583984375 0.1962890625 1.388671875
map_4 42 1 5 5 5 1 1 0.002851208 0.002148792 0.0028553498 0.002149475 0.002851 0.002145 0.002853 0.0021464 14929 8787 2750 1680 173274 2405709 73 704976 185243 8787 21.427734375 8.203125 0.2783203125 1.5205078125
map_5 42 0 5 5 5 1 1 0.001501584 0.001581834 0.001505325 0.001586225 0.001498 0.001581 0.0015026 0.0015836 7906 6867 953 1485 78050 1701730 246 550980 81839 6867 12.6533203125 7.2509765625 0.1962890625 1.6376953125
map_6 42 1 5 5 5 1 1 0.002128917 0.021448833 0.0021429084 0.0214799916 0.002128 0.021442 0.0021408 0.0214758 11303 25737 1974 4670 106982 28124681 297 5451276 136793 25736 17.638671875 22.802734375 0.2109375 1.8486328125
map_7 42 0 5 5 5 1 1 0.0025725 0.003765792 0.002576158 0.003769875 0.002572 0.003763 0.0025744 0.003767 13561 6774 1538 2498 133961 4206986 4 1559161 152240 6774 15.509765625 12.197265625 0.2607421875 1.5673828125
map_8 42 1 5 5 5 1 1 0.003584583 0.004188959 0.0035859502 0.004189175 0.003584 0.004186 0.0035834 0.0041866 18714 18139 3085 2293 211172 4758767 184 1313819 233355 18139 23.0634765625 11.1962890625 0.2666015625 1.7490234375
map_9 42 0 5 5 5 1 1 0.003970542 0.002087083 0.0039859002 0.0020868248 0.003971 0.002084 0.0039836 0.0020846 21488 42763 3134 885 258627 1777907 42 195692 202311 42763 23.302734375 4.3212890625 0.2607421875 1.3798828125
map_0 43 0 5 5 5 1 1 0.001385542 0.002482417 0.001388275 0.0024830252 0.001382 0.002479 0.0013856 0.0024804 7299 5412 478 1964 61471 2769634 34 963845 81330 5412 10.333984375 9.58984375 0.2021484375 1.5087890625
map_1 43 1 5 5 5 1 1 0.002956834 0.000625458 0.0029753666 0.0006252334 0.002953 0.000625 0.0029732 0.0006244 15792 5557 3330 927 141398 575750 262 214583 185594 5557 24.259765625 4.5263671875 0.2578125 1.3271484375
map_2 43 0 5 5 5 1 1 0.001973042 0.000340833 0.0019827248 0.0003405666 0.001973 0.000338 0.0019804 0.0003384 10240 3715 1100 700 136964 278306 51 122487 118189 3715 13.37109375 3.41796875 0.2109375 1.4326171875
map_3 43 1 5 5 5 1 1 0.00331375 0.009199916 0.003312283 0.0091959 0.003312 0.009197 0.0033098 0.0091932 17437 17851 3184 3577 168744 10938880 170 3197477 216936 17851 23.546875 17.4658203125 0.31640625 1.5966796875
map_4 43 0 5 5 5 1 1 0.003273125 0.001793875 0.0032659918 0.0017931918 0.003269 0.00179 0.003262 0.0017898 16792 4166 3252 1675 199118 1989359 132 700934 204092 4166 23.87890625 8.1787109375 0.234375 1.4267578125
map_5 43 1 5 5 5 1 1 0.001632 0.010609625 0.0016306584 0.0106093666 0.001629 0.010608 0.0016288 0.0106068 8246 138331 594 1749 121578 11496530 61 764107 101264 138331 10.900390625 8.5400390625 0.1962890625 1.4033203125
map_6 43 0 5 5 5 1 1 0.002550083 0.00039475 0.0025540666 0.000395625 0.002547 0.000395 0.0025512 0.000395 13299 5217 1640 681 142271 327458 6 115915 151973 5217 16.0078125 3.3251953125 0.24609375 1.41796875
map_7 43 1 5 5 5 1 1 0.003194125 0.000786292 0.0032097832 0.0007865498 0.003194 0.000783 0.0032076 0.0007848 16645 2484 2435 1127 200957 815322 278 317276 199173 2484 19.8896484375 5.5029296875 0.263671875 1.388671875
map_8 43 0 5 5 5 1 1 0.00259375 0.009989541 0.0026495586 0.0100030332 0.002591 0.009989 0.002642 0.0100004 13344 51310 2086 3601 139741 10981576 174 3240834 154922 51309 18.185546875 17.5830078125 0.2373046875 1.93359375
map_9 43 1 5 5 5 1 1 0.003369334 0.008209291 0.0033821838 0.0082094496 0.003365 0.008207 0.0033798 0.0082074 17577 174730 2928 2016 221712 6877893 92 1015119 183597 174730 22.296875 9.84375 0.2548828125 1.2626953125
map_0 44 1 5 5 5 1 1 0.002304709 0.01708975 0.0023174834 0.0171215834 0.002305 0.017073 0.0023102 0.017107 12098 46535 1425 4659 99784 20276009 67 5424527 153675 46535 14.9580078125 22.7490234375 0.240234375 1.4912109375
map_1 44 0 5 5 5 1 1 0.002940625 0.001288375 0.0029556916 0.0012898164 0.002941 0.001287 0.0029546 0.0012882 15790 7733 2477 1340 138711 1323121 272 448742 189021 7733 20.0947265625 6.54296875 0.2578125 1.62890625
map_2 44 1 5 5 5 1 1 0.002754583 0.013133417 0.0027543084 0.0131791334 0.002752 0.013093 0.0027508 0.013115 14140 22920 2363 4358 188631 14639037 43 4747535 166901 22918 19.5380859375 21.279296875 0.240234375 2.23828125
map_3 44 0 5 5 5 1 1 0.00287075 0.001011584 0.0028819832 0.0010255502 0.002868 0.001008 0.0028814 0.00102 15053 2777 2664 1322 156818 1037838 196 436434 200883 2776 21.0078125 6.455078125 0.28125 1.365234375
map_4 44 1 5 5 5 1 1 0.002880042 0.000468791 0.0028795668 0.0004697746 0.002878 0.000469 0.0028768 0.0004688 14919 2026 2749 826 197483 480752 77 170542 176565 2026 21.4228515625 4.033203125 0.3134765625 1.400390625
map_5 44 0 5 5 5 1 1 0.001417875 0.001234792 0.0014235666 0.0012468 0.001415 0.001234 0.0014208 0.0012446 7504 3369 952 1492 72393 1261443 70 556125 84564 3369 12.6484375 7.28515625 0.216796875 1.4677734375
map_6 44 1 5 5 5 1 1 0.001888666 0.005671125 0.00189545 0.005675425 0.001885 0.005671 0.0018934 0.0056728 9870 77965 1343 1850 112227 5709353 112 854953 114480 77965 14.5576171875 9.033203125 0.2255859375 1.5439453125
map_7 44 0 5 5 5 1 1 0.003309375 0.000874292 0.003306992 0.0008741002 0.003306 0.000872 0.0033032 0.000872 17284 3108 2621 1126 153838 941409 78 316723 196691 3108 20.7978515625 5.498046875 0.31640625 1.4443359375
map_8 44 1 5 5 5 1 1 0.002315292 0.001338458 0.0023248586 0.00133925 0.002312 0.001337 0.0023218 0.0013378 12575 14021 1924 1043 121206 1382548 274 271706 133127 14021 17.39453125 5.0927734375 0.205078125 1.453125
map_9 44 0 5 5 5 1 1 0.003473833 0.019344667 0.0034922416 0.019358125 0.00347 0.01934 0.00349 0.0193552 18941 19116 4075 5654 165956 22617860 389 7991073 206644 19113 27.8974609375 27.607421875 0.2958984375 2.5048828125
map_0 45 0 5 5 5 1 1 0.002608333 0.006415208 0.0026133582 0.0064217748 0.002608 0.006415 0.0026116 0.0064204 13626 66636 1761 1414 159600 7382519 5 499346 155891 66636 16.5986328125 6.904296875 0.2138671875 1.48828125
map_1 45 1 5 5 5 1 1 0.002547584 0.005713416 0.002551025 0.0057228498 0.002547 0.005713 0.002548 0.0057198 13192 8117 2220 2981 131139 6659036 56 2221193 146709 8117 18.83984375 14.5556640625 0.2255859375 1.4384765625
map_2 45 0 5 5 5 1 1 0.002632917 0.001168667 0.002640875 0.0011717002 0.002632 0.001168 0.0026396 0.0011708 13918 3411 2929 1405 135493 1225379 240 493337 187239 3411 22.3017578125 6.8603515625 0.2607421875 1.5234375
map_3 45 1 5 5 5 1 1 0.001993333 0.001688083 0.0020085 0.0016885164 0.001994 0.001685 0.0020066 0.0016868 10260 29997 973 915 112097 1518693 37 209264 124814 29997 12.7509765625 4.4677734375 0.240234375 1.4912109375
map_4 45 0 5 5 5 1 1 0.002875958 0.004060667 0.0028673918 0.0040851166 0.002876 0.004058 0.0028652 0.0040776 15375 8588 4371 2338 124581 4771900 341 1366286 181048 8588 29.3427734375 11.416015625 0.28125 1.8427734375
map_5 45 1 5 5 5 1 1 0.001707083 0.001672708 0.0017155082 0.0016789998 0.001705 0.001668 0.0017132 0.0016704 8850 7511 927 1522 81372 1773540 114 578990 109623 7511 12.5263671875 7.431640625 0.2109375 1.6962890625
map_6 45 0 5 5 5 1 1 0.002434084 0.002792542 0.0024496836 0.0029032998 0.002433 0.002792 0.0024472 0.0028452 13014 5490 2624 2096 146591 3079052 176 1097435 159609 5490 20.8125 10.234375 0.2490234375 1.482421875
map_7 45 1 5 5 5 1 1 0.003462 0.000547333 0.003468275 0.000552 0.003461 0.000545 0.0034658 0.000551 18013 1715 3650 1058 180584 505858 23 279541 245754 1715 25.822265625 5.166015625 0.2373046875 1.3857421875
map_8 45 0 5 5 5 1 1 0.003176416 0.001301584 0.003181558 0.0013086752 0.003175 0.001299 0.0031798 0.0013066 16637 4050 3627 1347 161047 1448429 502 453152 200806 4050 25.7099609375 6.5771484375 0.2548828125 1.5234375
map_9 45 1 5 5 5 1 1 0.00299575 0.004289209 0.0030105334 0.0043033834 0.002995 0.004286 0.0030082 0.0043006 15836 75888 2618 1407 151749 4027620 124 494554 166470 75888 20.783203125 6.8701171875 0.2080078125 1.5439453125
map_0 46 1 5 5 5 1 1 0.003135625 0.000258625 0.0031198918 0.0002595834 0.003135 0.000258 0.0031174 0.0002588 16457 1086 3634 757 176688 213915 286 143195 178136 1086 25.744140625 3.6962890625 0.24609375 1.3330078125
map_1 46 0 5 5 5 1 1 0.00333275 0.00414825 0.0034013084 0.0041620416 0.003332 0.004148 0.0033864 0.0041616 16908 11330 4517 2274 157536 4908042 442 1292655 203012 11330 30.0556640625 11.103515625 0.251953125 1.7666015625
map_2 46 1 5 5 5 1 1 0.002367125 0.000810167 0.0023714666 0.0008098754 0.002366 0.000809 0.0023694 0.0008092 12611 3046 2434 1144 111675 823776 191 326877 147183 3046 19.884765625 5.5859375 0.22265625 1.44140625
map_3 46 0 5 5 5 1 1 0.003562209 0.000406125 0.003580442 0.0004061582 0.003561 0.000406 0.0035782 0.000405 18635 1682 3285 849 196597 376233 213 180171 247972 1682 24.0400390625 4.1455078125 0.3369140625 1.3916015625
map_4 46 1 5 5 5 1 1 0.00199725 0.003496416 0.0020023664 0.0035141748 0.001994 0.003493 0.0020004 0.0035086 10432 58150 1492 1624 111269 3037230 183 659320 117155 58150 15.28515625 7.9296875 0.2197265625 1.751953125
map_5 46 0 5 5 5 1 1 0.002226292 0.011019333 0.0022603916 0.0110275082 0.002223 0.011016 0.0022448 0.011026 11765 17963 2260 3462 77722 14073595 371 2995948 132941 17963 19.03515625 16.904296875 0.181640625 1.6875
map_6 46 1 5 5 5 1 1 0.001926167 0.002911666 0.0019269336 0.0029102914 0.001924 0.002908 0.001925 0.0029072 10397 39457 1344 1441 88506 2843595 196 518676 115741 39457 14.5625 7.0361328125 0.1962890625 1.447265625
map_7 46 0 5 5 5 1 1 0.002546 0.000433625 0.002552125 0.0004334834 0.002544 0.000432 0.0025502 0.0004326 13593 1749 2272 868 112532 415036 304 188274 163622 1749 19.09375 4.23828125 0.24609375 1.4091796875
map_8 46 1 5 5 5 1 1 0.002866459 0.000487958 0.002875175 0.0004879082 0.002866 0.000486 0.0028752 0.000487 15193 1740 3727 972 124058 454953 384 235906 185571 1740 26.1982421875 4.74609375 0.216796875 1.2978515625
map_9 46 0 5 5 5 1 1 0.002483875 0.003857042 0.0024883668 0.0038585416 0.002481 0.003854 0.0024856 0.003856 13476 66172 1729 1304 157312 3628726 132 425084 127221 66172 16.4423828125 6.3671875 0.3076171875 1.65234375
map_0 47 0 5 5 5 1 1 0.002692208 0.001317292 0.0026998664 0.0013174834 0.002689 0.001316 0.0026974 0.0013162 13990 13113 2810 1031 159911 1364786 176 265676 156123 13113 21.720703125 5.0341796875 0.240234375 1.5439453125
map_1 47 1 5 5 5 1 1 0.003657583 0.001561292 0.0036246164 0.0015570166 0.003653 0.001559 0.0036182 0.001555 18528 4458 4562 1509 147958 1709997 575 568685 228065 4458 30.275390625 7.3681640625 0.240234375 1.5
map_2 47 0 5 5 5 1 1 0.001264416 0.000241209 0.0012668414 0.0002416832 0.001263 0.000242 0.0012646 0.0002414 6649 1313 617 700 63138 198873 38 122472 83709 1313 11.0126953125 3.41796875 0.205078125 1.3974609375
map_3 47 1 5 5 5 1 1 0.002556042 0.001407167 0.0025580498 0.0014060084 0.002553 0.001404 0.0025578 0.0014036 13432 4279 1915 1518 124379 1483136 10 575389 168886 4279 17.3505859375 7.412109375 0.2724609375 1.294921875
map_4 47 0 5 5 5 1 1 0.002556959 0.00488425 0.0025665918 0.0048871082 0.002556 0.004881 0.0025656 0.0048852 13300 7409 2144 2875 158131 5481209 149 2065069 168376 7409 18.46875 14.0380859375 0.240234375 1.3447265625
map_5 47 1 5 5 5 1 1 0.001219 0.001440958 0.0012206418 0.0014439584 0.001217 0.00144 0.0012186 0.001442 6472 3593 582 1522 58523 1561728 129 578552 75645 3593 10.841796875 7.431640625 0.1904296875 1.4677734375
map_6 47 0 5 5 5 1 1 0.003368583 0.002685625 0.0033835666 0.002690775 0.003365 0.002682 0.0033808 0.0026876 17798 5170 3193 1998 169710 2850068 144 997297 212920 5169 23.5908203125 9.755859375 0.26953125 1.5498046875
map_7 47 1 5 5 5 1 1 0.002370875 0.000608833 0.0023979166 0.0006093332 0.002371 0.000609 0.0023968 0.000609 12432 2119 2291 1019 112981 608552 13 259375 158583 2119 19.1865234375 4.9755859375 0.251953125 1.4150390625
map_8 47 0 5 5 5 1 1 0.00350275 0.003611875 0.0035135748 0.0036025002 0.003499 0.003612 0.0035112 0.0036018 18152 38562 4335 1616 210843 3772236 679 652800 231692 38562 29.1669921875 7.890625 0.2666015625 1.67578125
map_9 47 1 5 5 5 1 1 0.003154792 0.015875666 0.0031612334 0.0159371914 0.003154 0.015863 0.0031602 0.0159052 16268 113420 3384 4306 176495 16918104 60 4633403 177004 113420 24.5234375 21.025390625 0.263671875 1.69921875
map_0 48 1 5 5 5 1 1 0.002429125 0.000382791 0.0024360584 0.0003824498 0.002427 0.000383 0.002433 0.0003822 12857 1741 2394 823 110987 349572 194 169319 163630 1741 19.689453125 4.0185546875 0.228515625 1.447265625
map_1 48 0 5 5 5 1 1 0.003074792 0.002843291 0.0030919252 0.0028443498 0.003073 0.002839 0.0030902 0.00284 16355 5439 3154 2130 134798 3186209 246 1133541 205797 5439 23.400390625 10.400390625 0.228515625 1.5263671875
map_2 48 1 5 5 5 1 1 0.003319125 0.0015335 0.0033212252 0.0015324166 0.003315 0.001532 0.003319 0.001531 17279 21594 3774 1207 192016 1380837 324 363909 213752 21594 26.427734375 5.8935546875 0.216796875 1.423828125
map_3 48 0 5 5 5 1 1 0.002677542 0.000605833 0.0026834166 0.0006063332 0.002674 0.000604 0.0026812 0.0006048 13933 2394 2447 946 144808 629986 72 223577 174675 2394 19.9482421875 4.619140625 0.26953125 1.4912109375
map_4 48 1 5 5 5 1 1 0.002759417 0.001605708 0.0027686832 0.001609175 0.002756 0.001605 0.0027674 0.0016076 14692 4032 2786 1559 128719 1766964 109 607256 164749 4032 21.603515625 7.6123046875 0.234375 1.5087890625
map_5 48 0 5 5 5 1 1 0.00155275 0.000393958 0.0015593002 0.0003944586 0.001554 0.000393 0.0015566 0.0003936 8177 1565 678 847 66576 369168 74 179347 96431 1565 11.310546875 4.1357421875 0.2109375 1.5029296875
map_6 48 1 5 5 5 1 1 0.002516959 0.001921792 0.0025264086 0.0019203086 0.002517 0.001919 0.0025246 0.0019176 13398 7770 2683 1725 138213 2031841 158 743358 153681 7770 21.1005859375 8.4228515625 0.3193359375 1.4736328125
map_7 48 0 5 5 5 1 1 0.003827584 0.001659667 0.0038468918 0.0016605414 0.003827 0.001657 0.0038446 0.001658 20416 5956 3907 1326 157543 1972987 301 439185 241996 5955 27.0771484375 6.474609375 0.2841796875 1.60546875
map_8 48 1 5 5 5 1 1 0.002345125 0.003869125 0.0023490584 0.0038764332 0.002342 0.003868 0.0023464 0.0038742 12296 61457 2281 1371 106113 3724216 226 469867 143891 61457 19.1376953125 6.6943359375 0.28125 1.72265625
map_9 48 0 5 5 5 1 1 0.002886917 0.010691667 0.002900875 0.0106967918 0.002884 0.010689 0.0028984 0.0106932 15189 21415 3594 3679 133110 13021770 125 3383102 175677 21413 25.548828125 17.9638671875 0.2607421875 1.93359375
map_0 49 0 5 5 5 1 1 0.002884292 0.000289083 0.0028772832 0.0002893416 0.002881 0.000288 0.0028748 0.0002878 15226 1216 2560 736 131262 264798 189 135396 181765 1216 20.5 3.59375 0.19921875 1.3857421875
map_1 49 1 5 5 5 1 1 0.002385875 0.002789792 0.002394575 0.0027912 0.002385 0.002789 0.0023932 0.0027894 12661 5164 2512 2147 118489 3104204 17 1152360 148169 5163 20.265625 10.4833984375 0.240234375 1.4501953125
map_2 49 0 5 5 5 1 1 0.002543458 0.000417292 0.002549858 0.0004212666 0.002541 0.000417 0.0025474 0.0004204 13370 1770 2603 877 144015 382829 157 192204 166319 1770 20.7099609375 4.2822265625 0.2080078125 1.458984375
map_3 49 1 5 5 5 1 1 0.003375959 0.000550208 0.0033914334 0.0005511334 0.003373 0.00055 0.003389 0.0005508 17638 1945 3836 1037 181392 513309 154 268655 223383 1945 26.73046875 5.0634765625 0.275390625 1.44140625
map_4 49 0 5 5 5 1 1 0.002849167 0.000887 0.00284795 0.0008892334 0.002845 0.000886 0.0028448 0.000888 14841 3022 3254 1127 171320 957211 160 317441 180767 3022 23.888671875 5.5029296875 0.2490234375 1.4765625
map_5 49 1 5 5 5 1 1 0.000906042 0.008117375 0.00090735 0.0081278916 0.000902 0.008114 0.000906 0.0081254 4777 12451 522 3517 48302 9457015 1 3091187 53611 12450 10.548828125 17.1728515625 0.1845703125 1.81640625
map_6 49 0 5 5 5 1 1 0.002314958 0.005632541 0.0023270748 0.0056284 0.002311 0.00563 0.0023254 0.0056256 12507 9433 2480 3046 96622 6355362 121 2319039 152911 9432 20.109375 14.873046875 0.2314453125 1.7197265625
map_7 49 1 5 5 5 1 1 0.003833792 0.000756458 0.0038558166 0.0007518166 0.00383 0.000753 0.0038526 0.0007496 20337 2777 5263 1056 185960 764573 326 278551 236881 2777 33.6982421875 5.15625 0.275390625 1.5439453125
map_8 49 0 5 5 5 1 1 0.002841125 0.00566675 0.0028466418 0.0056657334 0.002836 0.005663 0.0028428 0.0056626 15111 29509 3890 2758 155431 6174085 25 1901627 191550 29509 26.994140625 13.466796875 0.29296875 1.740234375
map_9 49 1 5 5 5 1 1 0.003071208 0.009681625 0.0030938248 0.0096820584 0.003066 0.009678 0.0030716 0.0096804 15259 120265 2845 2487 141758 10017345 68 1545465 170175 120265 21.8916015625 12.1435546875 0.26953125 1.693359375
map_0 50 1 5 5 5 1 1 0.003092541 0.000699125 0.00309655 0.0007006582 0.00309 0.000697 0.003094 0.0006988 16339 3139 2137 1085 153394 682557 138 294060 183391 3139 18.4345703125 5.2978515625 0.2021484375 1.51171875
map_1 50 0 5 5 5 1 1 0.002818209 0.005641416 0.0028227834 0.0056418414 0.002816 0.005642 0.0028206 0.0056406 15059 10805 2064 2650 108473 6866823 224 1754679 171574 10805 18.078125 12.939453125 0.2548828125 1.681640625
map_2 50 1 5 5 5 1 1 0.001731917 0.007232916 0.0017370668 0.007267583 0.001731 0.00723 0.0017356 0.0072638 9213 54419 1245 2395 86024 8326556 38 1433491 106487 54419 14.0791015625 11.6943359375 0.2255859375 1.81640625
map_3 50 0 5 5 5 1 1 0.00212825 0.000279834 0.0021335168 0.000280375 0.002124 0.000279 0.0021314 0.0002792 10917 1260 1006 743 123061 243252 310 137989 131192 1260 12.912109375 3.6279296875 0.2109375 1.4296875
map_4 50 1 5 5 5 1 1 0.002198542 0.000316625 0.0021972498 0.0003173834 0.002197 0.000316 0.002195 0.000317 11384 1327 1511 771 118328 288494 6 148600 135682 1327 15.3779296875 3.7646484375 0.2607421875 1.365234375
map_5 50 0 5 5 5 1 1 0.001361375 0.000788125 0.0013659998 0.0007880168 0.001361 0.000787 0.0013644 0.0007872 7150 4252 1016 1119 65826 767553 303 312839 79520 4252 12.9609375 5.4638671875 0.19921875 1.318359375
map_6 50 1 5 5 5 1 1 0.003035167 0.013873541 0.00304845 0.0138632914 0.003032 0.01387 0.0030462 0.0138594 16339 32209 3624 4579 139906 16031797 904 5239750 190624 32208 25.6953125 22.3583984375 0.2373046875 1.5087890625
map_7 50 0 5 5 5 1 1 0.002088209 0.000972583 0.0020979082 0.0009721416 0.002088 0.00097 0.0020962 0.0009704 11114 2908 821 1200 84629 1061332 150 359924 128937 2908 12.0087890625 5.859375 0.2021484375 1.564453125
map_8 50 1 5 5 5 1 1 0.002138208 0.001826084 0.0021442334 0.0018299084 0.002136 0.001826 0.002143 0.0018294 11182 17430 1486 1308 124952 1914336 249 427271 131898 17430 15.255859375 6.38671875 0.2021484375 1.365234375
map_9 50 0 5 5 5 1 1 0.003980916 0.005727584 0.0040017582 0.005728075 0.003981 0.005725 0.0040006 0.0057264 20850 55168 3614 2095 238837 6293534 95 1097253 239140 55168 25.646484375 10.2294921875 0.3251953125 1.810546875
map_0 51 0 5 5 5 1 1 0.002459709 0.00021175 0.0024676336 0.0002109164 0.002456 0.000211 0.0024646 0.0002096 13151 1008 1626 690 111931 170603 292 118964 154261 1008 15.939453125 3.369140625 0.19921875 1.3359375
map_1 51 1 5 5 5 1 1 0.002743584 0.001136375 0.0027676666 0.001137075 0.002742 0.001133 0.002757 0.0011346 14196 3147 3163 1348 156309 1212361 36 454039 161958 3147 23.4443359375 6.58203125 0.2490234375 1.6083984375
map_2 51 0 5 5 5 1 1 0.002617625 0.001449167 0.0026330082 0.0014481668 0.002614 0.001446 0.0026316 0.0014458 13739 27957 2443 788 166675 1247305 103 155152 164458 27957 19.9287109375 3.84765625 0.26953125 1.39453125
map_3 51 1 5 5 5 1 1 0.00387875 0.001886125 0.0038869166 0.0018862916 0.003876 0.001884 0.0038778 0.0018842 19675 4273 3951 1685 197378 2125275 335 709183 249635 4273 27.2919921875 8.2275390625 0.240234375 1.44140625
map_4 51 0 5 5 5 1 1 0.002729 0.001621583 0.0027427418 0.0016194998 0.002726 0.001619 0.0027396 0.001618 14502 3519 3025 1716 143219 1683217 316 735574 167373 3519 22.7705078125 8.37890625 0.2783203125 1.4560546875
map_5 51 1 5 5 5 1 1 0.001929958 0.025935625 0.0019375334 0.0259343582 0.00193 0.025932 0.0019348 0.02593 10145 20477 990 6246 76466 31499709 92 9752927 135699 20475 12.833984375 30.498046875 0.1962890625 1.96875
map_6 51 0 5 5 5 1 1 0.002734833 0.00507775 0.002746225 0.0050773248 0.002736 0.005075 0.0027446 0.0050756 14539 8794 2029 2747 146250 5909725 63 1885396 171108 8794 17.9072265625 13.4130859375 0.193359375 1.7490234375
map_7 51 1 5 5 5 1 1 0.002555167 0.000879416 0.0025531584 0.0008799416 0.002552 0.000878 0.0025506 0.0008786 13652 2572 2248 1232 107242 902872 29 379102 157878 2572 18.9765625 6.015625 0.24609375 1.46484375
map_8 51 0 5 5 5 1 1 0.003298209 0.006253833 0.0032924 0.0062517416 0.003296 0.006254 0.0032904 0.0062508 17260 24696 3304 2973 156016 7001415 356 2208407 191138 24696 24.1328125 14.5166015625 0.2080078125 1.65234375
map_9 51 1 5 5 5 1 1 0.003740042 0.005367875 0.0037480416 0.00536025 0.003738 0.005364 0.0037452 0.005357 19964 103397 3659 1884 206520 4535888 504 886906 235336 103396 25.8662109375 9.19921875 0.310546875 1.6611328125
map_0 52 1 5 5 5 1 1 0.001767084 0.014471042 0.0017668752 0.014483225 0.001765 0.014467 0.0017642 0.0144788 9300 27522 1278 4834 96978 16624888 68 5841693 99390 27522 14.240234375 23.603515625 0.19921875 1.72265625
map_1 52 0 5 5 5 1 1 0.002902875 0.000458708 0.0029145084 0.000459675 0.002899 0.000459 0.0029116 0.0004588 15245 1529 3436 992 136481 411329 249 245741 189001 1529 24.77734375 4.84375 0.2666015625 1.3330078125
map_2 52 1 5 5 5 1 1 0.001703792 0.000227334 0.001711525 0.0002276336 0.001703 0.000225 0.0017098 0.0002266 8835 1102 807 692 96394 185975 44 119680 106639 1102 11.9404296875 3.37890625 0.251953125 1.400390625
map_3 52 0 5 5 5 1 1 0.002628834 0.00119975 0.0026389834 0.001200775 0.002628 0.001199 0.002637 0.0011996 13828 4715 2004 1153 139286 1388576 226 332349 167815 4713 17.78515625 5.6298828125 0.2314453125 1.6640625
map_4 52 1 5 5 5 1 1 0.002622042 0.003568167 0.002638717 0.0035678584 0.002621 0.003567 0.0026364 0.0035672 13798 76182 2542 1254 138764 2914224 210 392704 166215 76181 20.412109375 6.123046875 0.2138671875 1.4384765625
map_5 52 0 5 5 5 1 1 0.001359542 0.002469666 0.0013633002 0.0024706416 0.001357 0.002468 0.0013616 0.0024688 7323 8899 848 1916 63034 2688539 71 917597 75106 8899 12.140625 9.35546875 0.1845703125 1.7724609375
map_6 52 1 5 5 5 1 1 0.001611791 0.007171584 0.0016152334 0.0071744836 0.001609 0.007169 0.0016132 0.0071722 8515 50498 921 2731 93674 7994524 67 1864277 103301 50497 12.4970703125 13.3349609375 0.234375 1.88671875
map_7 52 0 5 5 5 1 1 0.002912458 0.000572833 0.0029133498 0.0005739998 0.002912 0.000572 0.0029118 0.0005726 15458 1974 3061 1023 126787 557514 295 261554 189782 1974 22.9462890625 4.9951171875 0.26953125 1.5146484375
map_8 52 1 5 5 5 1 1 0.002386791 0.000732709 0.002387158 0.0007320918 0.002386 0.00073 0.0023852 0.0007306 12657 12272 1849 791 116255 604331 37 156376 145767 12272 17.0283203125 3.8623046875 0.228515625 1.3623046875
map_9 52 0 5 5 5 1 1 0.003344666 0.005146292 0.0033505328 0.0051485082 0.003345 0.005146 0.0033482 0.0051472 17759 11537 3773 2568 178836 6177866 223 1648375 170081 11537 26.4228515625 12.5390625 0.2666015625 1.7021484375
map_0 53 0 5 5 5 1 1 0.00258275 0.002986083 0.002586875 0.0029936748 0.00258 0.002986 0.0025844 0.0029902 13809 16560 2597 1868 131074 3333014 116 871867 163285 16560 20.6806640625 9.12109375 0.2724609375 1.5703125
map_1 53 1 5 5 5 1 1 0.003035583 0.00309325 0.0030491582 0.0030937166 0.003033 0.003091 0.003046 0.0030918 16017 6560 3522 2116 134092 3575126 298 1118590 199836 6559 25.197265625 10.33203125 0.24609375 1.5615234375
map_2 53 0 5 5 5 1 1 0.002260834 0.005332875 0.0022722668 0.0053338916 0.002257 0.00533 0.0022704 0.0053318 12027 9091 1843 2819 104230 6240892 26 1986658 153526 9091 16.9990234375 13.7646484375 0.2431640625 1.6025390625
map_3 53 1 5 5 5 1 1 0.003198541 0.004932542 0.0032071746 0.004938225 0.003196 0.004932 0.003205 0.0049364 16336 8777 2962 2673 200171 5792304 64 1785526 205615 8776 22.462890625 13.0517578125 0.2373046875 1.74609375
map_4 53 0 5 5 5 1 1 0.002219125 0.000534292 0.0022224 0.0005345002 0.002217 0.000533 0.0022206 0.0005336 11655 9101 1377 744 141927 413845 9 138353 139869 9101 14.7236328125 3.6328125 0.2607421875 1.376953125
map_5 53 1 5 5 5 1 1 0.00118025 0.001091417 0.0011848586 0.0010912666 0.001179 0.001089 0.001183 0.0010906 6205 15927 632 785 64428 1051159 29 153985 65762 15927 11.0859375 3.8330078125 0.1962890625 1.412109375
map_6 53 0 5 5 5 1 1 0.003053292 0.000758167 0.003057267 0.0007584334 0.00305 0.000757 0.0030542 0.0007576 15827 2296 2348 1204 218768 734291 163 362175 179632 2295 19.46484375 5.87890625 0.216796875 1.5
map_7 53 1 5 5 5 1 1 0.002549625 0.000872917 0.002557425 0.0008728168 0.002547 0.00087 0.0025556 0.000871 13691 2736 1334 1163 104718 924959 113 338140 172631 2736 14.513671875 5.6787109375 0.240234375 1.3681640625
map_8 53 0 5 5 5 1 1 0.002432041 0.003827584 0.0024330418 0.0038286088 0.002429 0.003825 0.0024298 0.0038264 12740 22174 1827 2138 140139 4247503 270 1141902 153347 22174 16.9208984375 10.439453125 0.2255859375 1.3857421875
map_9 53 1 5 5 5 1 1 0.002291667 0.008357875 0.0023020416 0.0083611082 0.002288 0.008355 0.002299 0.0083584 12194 11591 1515 3353 136522 10229223 30 2809120 122006 11591 15.3974609375 16.3720703125 0.24609375 1.564453125
map_0 54 1 5 5 5 1 1 0.003392416 0.007829916 0.0034031668 0.0078366414 0.003392 0.007827 0.0034014 0.0078338 17859 32532 2923 2747 176527 9532719 30 1885511 205084 32531 22.2724609375 13.4130859375 0.2607421875 1.728515625
map_1 54 0 5 5 5 1 1 0.001941292 0.000949 0.001949708 0.0009490416 0.001939 0.000948 0.0019476 0.0009486 10302 9426 1350 1007 98887 927734 79 253365 116674 9426 14.591796875 4.9169921875 0.1904296875 1.5234375
map_2 54 1 5 5 5 1 1 0.001876042 0.000383708 0.0018858086 0.0003841082 0.001873 0.000383 0.001884 0.0003834 9873 1650 1276 854 116512 347316 103 182222 118405 1650 14.23046875 4.169921875 0.2021484375 1.4326171875
map_3 54 0 5 5 5 1 1 0.003235375 0.001761958 0.00324695 0.0017854664 0.003233 0.001758 0.0032446 0.0017828 16859 4213 2073 1622 166703 1977087 203 657222 217785 4213 18.1220703125 7.919921875 0.2607421875 1.4267578125
map_4 54 1 5 5 5 1 1 0.003035417 0.010212083 0.0030299 0.0102369416 0.003033 0.010208 0.0030272 0.010232 16241 38028 4023 3889 154254 11293241 317 3780102 182231 38026 27.6435546875 18.9892578125 0.29296875 1.8544921875
map_5 54 0 5 5 5 1 1 0.002168542 0.004708667 0.0021808252 0.0047087916 0.002166 0.004709 0.0021784 0.004707 11308 7722 1821 2813 137640 5268720 53 1977018 127751 7722 16.8916015625 13.7353515625 0.24609375 1.4208984375
map_6 54 1 5 5 5 1 1 0.003327917 0.00082525 0.0033379084 0.0008263998 0.003324 0.000822 0.0033348 0.0008244 17968 4023 2915 1040 153724 870436 110 270390 204068 4022 22.2333984375 5.078125 0.3193359375 1.669921875
map_7 54 0 5 5 5 1 1 0.003269208 0.002237167 0.0032810666 0.0022373668 0.003266 0.002238 0.003279 0.0022374 17414 4799 4402 1861 130630 2515251 193 865490 220827 4799 29.494140625 9.0869140625 0.3017578125 1.7724609375
map_8 54 1 5 5 5 1 1 0.002863459 0.000776792 0.0028698252 0.0007761166 0.00286 0.000774 0.002867 0.0007748 14883 2483 3211 1127 167888 804701 207 317147 188743 2483 23.6787109375 5.5029296875 0.2548828125 1.318359375
map_9 54 0 5 5 5 1 1 0.003042916 0.003354375 0.0030534416 0.0033538664 0.003043 0.003351 0.0030518 0.0033512 16251 41024 3107 1684 176778 3315776 64 708900 169185 41024 23.1708984375 8.22265625 0.3017578125 1.6962890625
map_0 55 0 5 5 5 1 1 0.002680709 0.00396475 0.0026987168 0.0039673918 0.00268 0.003964 0.0026976 0.0039654 14410 37139 3107 1578 108617 4415573 91 622473 179951 37138 23.1708984375 7.705078125 0.2490234375 1.7080078125
map_1 55 1 5 5 5 1 1 0.002314875 0.00332575 0.0023209082 0.0033259584 0.002311 0.003323 0.002319 0.0033226 12169 5673 1526 2346 107858 3728433 9 1375604 143580 5673 15.451171875 11.455078125 0.1904296875 1.7841796875
map_2 55 0 5 5 5 1 1 0.002269875 0.00223875 0.0022838746 0.00224105 0.00227 0.002236 0.0022814 0.0022392 11981 14479 1582 1785 122722 2288504 14 795851 139499 14479 15.724609375 8.7158203125 0.2607421875 1.3857421875
map_3 55 1 5 5 5 1 1 0.003344542 0.00121175 0.003346 0.0012100918 0.003344 0.001209 0.0033428 0.0012082 17579 3253 3438 1446 169711 1259078 104 522438 228447 3253 24.787109375 7.060546875 0.3046875 1.564453125
map_4 55 0 5 5 5 1 1 0.002799209 0.00364925 0.0028104586 0.0036541998 0.002798 0.003646 0.002808 0.0036504 14639 6774 3532 2363 138604 4184713 66 1394931 181485 6774 25.24609375 11.5380859375 0.298828125 1.5
map_5 55 1 5 5 5 1 1 0.001284375 0.000348208 0.0012886748 0.0003484748 0.001283 0.000348 0.0012864 0.0003482 6889 1785 738 725 47172 337112 162 131397 77352 1785 11.603515625 3.5400390625 0.1962890625 1.4384765625
map_6 55 0 5 5 5 1 1 0.003546 0.003179667 0.0035592082 0.0031787332 0.003543 0.003176 0.003557 0.0031758 18540 38783 3560 1665 171591 3111013 156 693048 235488 38782 25.3828125 8.1298828125 0.2666015625 1.7080078125
map_7 55 1 5 5 5 1 1 0.003067875 0.009382625 0.0030721918 0.009381025 0.003065 0.009382 0.003069 0.009379 16370 10741 3574 4023 142448 10671831 556 4045384 204180 10741 25.451171875 19.6435546875 0.2431640625 2.2646484375
map_8 55 0 5 5 5 1 1 0.002675875 0.001408542 0.0026881084 0.001409167 0.002676 0.001408 0.0026866 0.0014078 14178 16799 2469 1153 130192 1353157 244 332158 182657 16799 20.0556640625 5.6298828125 0.2900390625 1.529296875
map_9 55 1 5 5 5 1 1 0.003459667 0.008665209 0.0034833502 0.0086642586 0.003456 0.008661 0.0034808 0.0086602 18316 21674 4421 3528 179495 10098674 671 3111160 207441 21674 29.5869140625 17.2265625 0.29296875 2.1826171875
map_0 56 1 5 5 5 1 1 0.003578791 0.00181325 0.0035963996 0.00181735 0.003576 0.00181 0.0035934 0.0018152 19166 35171 4517 998 175014 1524870 1183 248832 220359 35171 30.0556640625 4.873046875 0.2578125 1.3828125
map_1 56 0 5 5 5 1 1 0.002844167 0.007853166 0.0028607334 0.0078474916 0.002841 0.00785 0.0028582 0.007846 15168 9254 3423 3704 130119 8834771 48 3429787 180460 9253 24.7138671875 18.0859375 0.3310546875 1.6494140625
map_2 56 1 5 5 5 1 1 0.003099833 0.00119525 0.003119725 0.0011952916 0.003099 0.001193 0.0031158 0.001194 16095 3310 2719 1398 182693 1269718 209 488015 193474 3309 21.2763671875 6.826171875 0.234375 1.3330078125
map_3 56 0 5 5 5 1 1 0.003194667 0.001127208 0.0031907334 0.0011267082 0.003179 0.001124 0.0031862 0.0011246 16485 8783 3462 1186 165682 1132081 75 351338 212305 8783 24.904296875 5.791015625 0.24609375 1.453125
map_4 56 1 5 5 5 1 1 0.00227925 0.004613708 0.0022875084 0.0046256418 0.002277 0.00461 0.002285 0.004621 11990 98142 2026 1235 143863 3938709 15 381217 146445 98142 17.892578125 6.0302734375 0.287109375 1.6494140625
map_5 56 0 5 5 5 1 1 0.002956125 0.001019542 0.0030025666 0.0010198168 0.002955 0.001017 0.0029958 0.0010178 14609 8109 3305 809 180590 1149477 334 163594 168394 8109 24.1376953125 3.9501953125 0.22265625 1.359375
map_6 56 1 5 5 5 1 1 0.002768125 0.001402291 0.0027723914 0.0014031248 0.002766 0.001402 0.0027698 0.0014016 14599 4011 3274 1388 164536 1587362 192 481172 169860 4011 23.986328125 6.77734375 0.28125 1.4970703125
map_7 56 0 5 5 5 1 1 0.002217083 0.00099975 0.002231275 0.0009999166 0.002216 0.000997 0.0022288 0.0009976 11619 3473 1483 1213 145599 1066402 96 367736 137152 3473 15.2412109375 5.9228515625 0.2109375 1.552734375
map_8 56 1 5 5 5 1 1 0.002708667 0.003058583 0.0027183082 0.003058708 0.002706 0.003055 0.0027162 0.0030562 14350 36359 2347 1681 171298 3027924 110 705880 155762 36358 19.4599609375 8.2080078125 0.26953125 1.4443359375
map_9 56 0 5 5 5 1 1 0.002823584 0.004712625 0.0028248168 0.0047116084 0.00282 0.004712 0.0028216 0.0047112 14841 55064 2169 2212 152696 4621051 55 1222678 160007 55063 18.5908203125 10.80078125 0.234375 1.6435546875
map_0 57 0 5 5 5 1 1 0.002372125 0.002029792 0.0023652084 0.0020402502 0.002369 0.00203 0.0023622 0.0020376 12549 5488 2118 1725 96547 2272207 378 743505 138552 5488 18.341796875 8.4228515625 0.2197265625 1.599609375
map_1 57 1 5 5 5 1 1 0.002314167 0.002060458 0.0023244416 0.0020604916 0.002312 0.002058 0.0023222 0.0020582 12371 4617 2537 1812 108609 2282643 96 820044 149466 4617 20.3876953125 8.84765625 0.2666015625 1.4296875
map_2 57 0 5 5 5 1 1 0.002903583 0.007299083 0.0029252582 0.0072997666 0.002903 0.007295 0.002923 0.0072958 15095 84810 2775 2520 142560 7400624 237 1586496 197851 84810 21.5498046875 12.3046875 0.2548828125 1.564453125
map_3 57 1 5 5 5 1 1 0.0033735 0.00067075 0.0033650166 0.0006719914 0.003373 0.000671 0.0033634 0.0006716 17649 2694 3196 976 141035 711536 390 237920 217446 2694 23.60546875 4.765625 0.240234375 1.482421875
map_4 57 0 5 5 5 1 1 0.002580834 0.014207083 0.0025890584 0.014212825 0.002581 0.014204 0.0025886 0.01421 13667 13277 2620 4899 144545 16462126 53 5998874 150015 13277 20.79296875 23.9208984375 0.2373046875 1.7490234375
map_5 57 1 5 5 5 1 1 0.001885083 0.002545 0.0018946086 0.0025477582 0.001882 0.002543 0.001892 0.0025454 10026 12891 1301 1458 94215 3056957 191 531144 120001 12891 14.3525390625 7.119140625 0.2080078125 1.740234375
map_6 57 0 5 5 5 1 1 0.003370125 0.00026675 0.0033898586 0.0002630836 0.00337 0.000267 0.0033874 0.0002624 17959 1204 4064 730 167684 232391 420 133223 216389 1204 27.84375 3.564453125 0.24609375 1.400390625
map_7 57 1 5 5 5 1 1 0.002959416 0.006391333 0.0029687998 0.0064000164 0.002957 0.006388 0.0029662 0.0063974 15629 11237 3610 2752 144334 7939858 62 1893301 190721 11237 25.626953125 13.4375 0.298828125 1.640625
map_8 57 0 5 5 5 1 1 0.002341875 0.001087875 0.0023518834 0.0010885334 0.002339 0.001086 0.002349 0.0010874 12227 15764 1906 905 128239 1013281 97 204597 152773 15764 17.306640625 4.4189453125 0.2109375 1.4208984375
map_9 57 1 5 5 5 1 1 0.00273075 0.011414917 0.0027347252 0.0114123416 0.002727 0.011412 0.002731 0.0114092 14225 48304 1506 4080 183200 12654824 201 4161063 149702 48303 15.353515625 19.921875 0.2109375 1.828125
map_0 58 1 5 5 5 1 1 0.002039167 0.001794709 0.00204705 0.0017946752 0.002038 0.001792 0.002044 0.0017918 10741 5279 1089 1541 97622 2054263 38 593520 126527 5279 13.3173828125 7.5244140625 0.2138671875 1.7197265625
map_1 58 0 5 5 5 1 1 0.001785 0.005545375 0.0017895916 0.0055460834 0.001785 0.005543 0.0017876 0.0055436 9531 8007 1762 3008 75062 6335051 43 2260587 119299 8007 16.603515625 14.6875 0.26953125 1.505859375
map_2 58 1 5 5 5 1 1 0.001844125 0.006361041 0.0018505582 0.0063623166 0.001843 0.006358 0.0018498 0.0063592 9848 43389 1201 2749 95499 6914400 174 1888345 116702 43388 13.8642578125 13.4228515625 0.2109375 1.775390625
map_3 58 0 5 5 5 1 1 0.003200125 0.000396083 0.003219425 0.0003951332 0.003197 0.000393 0.0032166 0.0003942 16687 2624 2818 715 183386 385975 205 127787 209065 2624 21.759765625 3.4912109375 0.2783203125 1.4033203125
map_4 58 1 5 5 5 1 1 0.003341083 0.000795375 0.003354175 0.0007967416 0.003339 0.000795 0.0033502 0.0007954 17609 3079 3431 1081 165164 841957 362 291891 200372 3079 24.7529296875 5.2783203125 0.31640625 1.4501953125
map_5 58 0 5 5 5 1 1 0.001325458 0.001240875 0.001333725 0.0012437332 0.001324 0.00124 0.0013318 0.0012414 7040 4869 921 1435 64684 1262450 82 514485 82295 4869 12.4970703125 7.0068359375 0.1962890625 1.546875
map_6 58 1 5 5 5 1 1 0.001368708 0.001594542 0.0013644748 0.0015958336 0.001368 0.001594 0.0013638 0.0015938 7094 4427 618 1377 72809 1887644 24 473685 77453 4427 11.017578125 6.7236328125 0.240234375 1.552734375
map_7 58 0 5 5 5 1 1 0.002332375 0.001634083 0.0023245 0.0016335082 0.002331 0.001632 0.002323 0.0016318 12263 4272 1907 1408 92527 1939524 28 495277 140623 4272 17.3115234375 6.875 0.2314453125 1.435546875
map_8 58 1 5 5 5 1 1 0.0036685 0.001280041 0.0036829084 0.0012807332 0.003667 0.001278 0.0036812 0.0012776 19297 25898 4185 816 213782 1051608 188 166368 230588 25898 28.4345703125 3.984375 0.240234375 1.3857421875
map_9 58 0 5 5 5 1 1 0.002353625 0.0023455 0.0023564918 0.002347825 0.002351 0.002343 0.0023536 0.002345 12443 52936 1962 876 155344 1910511 10 191775 132938 52936 17.580078125 4.27734375 0.2900390625 1.4326171875
map_0 59 0 5 5 5 1 1 0.003141292 0.001084375 0.003164517 0.0010863084 0.003138 0.001083 0.0031618 0.001085 16705 4757 2426 1096 164131 1240559 147 300192 204325 4757 19.845703125 5.3515625 0.228515625 1.4619140625
map_1 59 1 5 5 5 1 1 0.002324541 0.003591875 0.0023332834 0.0035944498 0.002321 0.003589 0.0023308 0.0035918 12643 6412 2719 2346 117359 4128151 90 1375774 143098 6412 21.2763671875 11.455078125 0.2900390625 1.740234375
map_2 59 0 5 5 5 1 1 0.002451542 0.00630325 0.0024655504 0.0063071752 0.002448 0.0063 0.0024634 0.006304 12793 47160 2117 2745 160479 6701435 71 1883273 155648 47160 18.3369140625 13.4033203125 0.251953125 1.8955078125
map_3 59 1 5 5 5 1 1 0.00342475 0.00046125 0.0034287584 0.0004815916 0.003423 0.00046 0.0034276 0.0004806 17763 1789 3872 891 185070 443916 71 198338 226481 1789 26.90625 4.3505859375 0.24609375 1.435546875
map_4 59 0 5 5 5 1 1 0.002226791 0.002577583 0.0022357416 0.0025794082 0.002223 0.002576 0.0022334 0.0025766 11954 4807 2228 2113 120524 2806145 69 1116022 134480 4807 18.87890625 10.3173828125 0.298828125 1.79296875
map_5 59 1 5 5 5 1 1 0.002153209 0.006401584 0.0021603834 0.0064184836 0.002151 0.0064 0.0021588 0.006415 11394 14852 1298 2992 100775 7488077 133 2237584 138317 14852 14.337890625 14.609375 0.240234375 1.8896484375
map_6 59 0 5 5 5 1 1 0.002874 0.002557625 0.0028867914 0.0025584834 0.002871 0.002556 0.002884 0.0025564 15367 19529 2352 1716 163121 2694320 336 735609 180017 19528 19.484375 8.37890625 0.2724609375 1.3798828125
map_7 59 1 5 5 5 1 1 0.0026305 0.001024125 0.0026272914 0.0010240246 0.002628 0.001022 0.0026246 0.0010226 13859 2873 2089 1312 105663 1070540 15 430322 156523 2873 18.2001953125 6.40625 0.2607421875 1.552734375
map_8 59 0 5 5 5 1 1 0.002766792 0.00293675 0.0027608584 0.0029244416 0.002765 0.002933 0.0027592 0.0029208 14394 23056 3577 1257 150462 3395214 467 394614 177655 23056 25.4658203125 6.1376953125 0.2314453125 1.39453125
map_9 59 1 5 5 5 1 1 0.002300584 0.0067715 0.0023076336 0.0067854082 0.002297 0.006768 0.0023052 0.0067788 12286 120456 2242 2481 138798 5660604 9 1538595 133157 120456 18.947265625 12.1142578125 0.234375 1.798828125
map_0 60 1 5 5 5 1 1 0.002787792 0.003089209 0.002794575 0.0030887254 0.002787 0.003086 0.0027928 0.003087 14639 5229 1525 2316 140746 3387844 126 1339963 162319 5229 15.4462890625 11.30859375 0.22265625 1.4970703125
map_1 60 0 5 5 5 1 1 0.003450542 0.003589917 0.0034672334 0.0035931666 0.003447 0.003589 0.0034652 0.0035904 18457 7042 4101 2334 169186 4110181 472 1361057 221340 7042 28.0244140625 11.396484375 0.22265625 1.6318359375
map_2 60 1 5 5 5 1 1 0.002770667 0.003643292 0.0027895416 0.0036438166 0.002768 0.00364 0.0027778 0.0036406 14329 45803 2298 1659 136997 3668204 281 687491 173442 45803 19.220703125 8.1005859375 0.228515625 1.5380859375
map_3 60 0 5 5 5 1 1 0.002383125 0.001070167 0.00238675 0.001070267 0.00238 0.001068 0.002384 0.0010682 12481 3179 1827 1291 125638 1149495 168 416334 152608 3179 16.9208984375 6.3037109375 0.275390625 1.494140625
map_4 60 1 5 5 5 1 1 0.003065666 0.012869584 0.003079158 0.012872775 0.003063 0.012867 0.0030766 0.01287 15779 12528 3115 4726 162540 14751343 87 5583588 194428 12528 23.2099609375 23.076171875 0.263671875 1.998046875
map_5 60 0 5 5 5 1 1 0.002970667 0.003038292 0.0029901 0.0030387502 0.002969 0.003035 0.0029874 0.0030356 15732 6933 2100 1957 169398 3629115 124 956831 186307 6932 18.25390625 9.5556640625 0.2490234375 1.693359375
map_6 60 1 5 5 5 1 1 0.003239834 0.00575625 0.0032415084 0.0057617 0.00324 0.005749 0.0032412 0.0057578 17199 8795 3422 2916 155060 6776466 199 2125110 209559 8795 24.708984375 14.23828125 0.3134765625 1.705078125
map_7 60 0 5 5 5 1 1 0.001743708 0.000524917 0.0017450414 0.0005261668 0.00174 0.000525 0.001742 0.000525 9159 1827 1078 964 87570 517837 30 232294 104504 1827 13.263671875 4.70703125 0.193359375 1.458984375
map_8 60 1 5 5 5 1 1 0.002070584 0.003074583 0.0020817002 0.0030740584 0.002068 0.003073 0.0020802 0.003072 10955 29419 1685 1509 90741 3357189 10 569106 133701 29419 16.2275390625 7.3681640625 0.251953125 1.751953125
map_9 60 0 5 5 5 1 1 0.003393458 0.002499333 0.0033983832 0.002500075 0.003393 0.002497 0.0033968 0.002497 17993 60621 3477 1147 193093 1835185 177 328656 196514 60621 24.9775390625 5.6005859375 0.234375 1.4912109375
map_0 61 0 5 5 5 1 1 0.0033435 0.000806 0.0033563002 0.0008063332 0.00334 0.000803 0.003354 0.0008048 18045 2279 2607 1221 118061 804009 740 372554 211659 2278 20.7294921875 5.9619140625 0.298828125 1.3916015625
map_1 61 1 5 5 5 1 1 0.00282175 0.012832833 0.0028272084 0.0128358832 0.002822 0.012829 0.0028246 0.0128332 14886 12252 2227 4740 132843 14670978 58 5615208 169950 12252 18.8740234375 23.14453125 0.24609375 1.7841796875
map_2 61 0 5 5 5 1 1 0.002952167 0.003810208 0.0029557666 0.003809 0.002949 0.00381 0.0029538 0.0038084 15388 31530 2867 1748 201736 4279404 174 763386 182570 31530 21.9990234375 8.53515625 0.2578125 1.7138671875
map_3 61 1 5 5 5 1 1 0.003154292 0.000368083 0.0031668668 0.0003688752 0.003155 0.000366 0.0031644 0.0003676 16718 1489 3082 828 161440 336232 122 171306 218867 1489 23.048828125 4.04296875 0.263671875 1.4326171875
map_4 61 0 5 5 5 1 1 0.003058541 0.004602333 0.003070575 0.004610175 0.003055 0.004602 0.003068 0.0046074 15813 9452 2734 2628 198925 5293993 5 1725616 187706 9452 21.349609375 12.83203125 0.345703125 1.517578125
map_5 61 1 5 5 5 1 1 0.00214275 0.001659709 0.0021478082 0.0016592914 0.00214 0.001659 0.0021444 0.001658 11442 4284 1269 1536 78760 1878490 73 589378 144051 4284 14.1962890625 7.5 0.2314453125 1.529296875
map_6 61 0 5 5 5 1 1 0.001788459 0.003319625 0.0017905168 0.0033166914 0.001787 0.003316 0.0017884 0.0033152 9433 34886 1765 1749 78295 3393159 17 764277 121129 34886 16.6181640625 8.5400390625 0.2255859375 1.5966796875
map_7 61 1 5 5 5 1 1 0.00252775 0.002578583 0.0025346748 0.0025800498 0.002528 0.002575 0.002533 0.002576 13701 5186 2163 2010 96401 2897307 107 1009790 151798 5186 18.5615234375 9.814453125 0.234375 1.646484375
map_8 61 0 5 5 5 1 1 0.002492375 0.000919084 0.0024891082 0.0009215752 0.002492 0.000919 0.002487 0.0009206 12940 3342 1557 1136 111739 1002734 259 322377 137259 3342 15.6025390625 5.546875 0.2548828125 1.4677734375
map_9 61 1 5 5 5 1 1 0.002837625 0.011526333 0.0028505332 0.0115281832 0.002834 0.011524 0.0028484 0.0115258 15155 10871 3250 4596 140483 12948215 186 5279209 167229 10871 23.869140625 22.44140625 0.275390625 1.8046875
map_0 62 1 5 5 5 1 1 0.003089292 0.00267375 0.003111075 0.0026756082 0.003087 0.002671 0.003108 0.0026728 16629 31567 3872 1041 139702 2886486 59 270754 196806 31567 26.90625 5.0830078125 0.2021484375 1.365234375
map_1 62 0 5 5 5 1 1 0.002814542 0.000270583 0.0028725414 0.00027055 0.002811 0.00027 0.002856 0.0002698 14710 1181 2612 745 122837 230137 19 138742 177606 1181 20.75390625 3.6376953125 0.287109375 1.41796875
map_2 62 1 5 5 5 1 1 0.002574791 0.008851542 0.0025882582 0.0088524668 0.002571 0.008851 0.0025852 0.008851 13838 13558 2355 3632 95588 10451742 328 3296873 174647 13558 19.4990234375 17.734375 0.2841796875 1.927734375
map_3 62 0 5 5 5 1 1 0.002702875 0.002971833 0.0027117668 0.0029743582 0.0027 0.002968 0.0027094 0.0029698 13941 5951 2495 2163 150624 3346355 71 1169079 176209 5949 20.1826171875 10.5615234375 0.28125 1.470703125
map_4 62 1 5 5 5 1 1 0.003009209 0.003625541 0.0030133334 0.003626725 0.003005 0.003622 0.003011 0.003624 15857 40082 3286 1992 164759 3534872 217 991782 178082 40082 24.044921875 9.7265625 0.298828125 1.740234375
map_5 62 0 5 5 5 1 1 0.002407958 0.000714 0.0024162082 0.0007142836 0.002406 0.000712 0.002413 0.0007128 12733 2357 2210 1102 144771 723332 103 303570 141994 2357 18.791015625 5.380859375 0.216796875 1.564453125
map_6 62 1 5 5 5 1 1 0.003139667 0.000722875 0.0031471504 0.00072235 0.003138 0.00072 0.0031458 0.0007208 16816 2445 2561 1082 132516 745619 100 292333 207478 2445 20.5048828125 5.283203125 0.240234375 1.4150390625
map_7 62 0 5 5 5 1 1 0.002841041 0.003633542 0.00284185 0.0036345084 0.002837 0.00363 0.0028386 0.003632 15146 7023 2742 2161 113934 4377652 97 1167051 174134 7023 21.388671875 10.5517578125 0.2548828125 1.828125
map_8 62 1 5 5 5 1 1 0.001975375 0.000978583 0.0019766914 0.000979775 0.001972 0.000978 0.001974 0.000978 10428 2864 1108 1247 112191 1041796 37 388356 102093 2864 13.41015625 6.0888671875 0.2109375 1.3681640625
map_9 62 0 5 5 5 1 1 0.002633 0.003987125 0.0026471 0.0039894252 0.002629 0.003985 0.0026434 0.003987 14237 11030 2542 2476 142062 4456128 22 1532557 150174 11029 20.412109375 12.08984375 0.2900390625 1.587890625
map_0 63 0 5 5 5 1 1 0.002657833 0.000278042 0.0026669418 0.000278217 0.002656 0.000277 0.0026654 0.000277 14001 2257 2089 680 127141 235237 167 115583 172056 2257 18.2001953125 3.3203125 0.22265625 1.3623046875
map_1 63 1 5 5 5 1 1 0.001803958 0.003223333 0.0018078082 0.0032238752 0.0018 0.003221 0.0018058 0.0032214 9669 7794 1484 1906 71397 3947582 145 908191 117691 7793 15.24609375 9.306640625 0.1875 1.728515625
map_2 63 0 5 5 5 1 1 0.001984625 0.002430209 0.002068225 0.00243125 0.001983 0.002427 0.002045 0.0024284 10235 5810 1994 1967 93395 2680390 55 967161 123709 5810 17.736328125 9.6044921875 0.216796875 1.76953125
map_3 63 1 5 5 5 1 1 0.003391625 0.001086666 0.003407275 0.0010861666 0.003388 0.001085 0.003405 0.0010846 17676 8262 2809 1032 184161 1146611 122 266145 228675 8262 21.7158203125 5.0390625 0.3193359375 1.5146484375
map_4 63 0 5 5 5 1 1 0.003358541 0.000392709 0.0033733084 0.0003929504 0.003355 0.00039 0.0033712 0.000391 17753 2370 3278 857 163954 335370 80 183496 215444 2370 24.005859375 4.1845703125 0.2958984375 1.4501953125
map_5 63 1 5 5 5 1 1 0.001551542 0.000711417 0.0015566332 0.0007110836 0.001548 0.000709 0.0015536 0.00071 8205 2996 973 1129 75672 679560 103 318428 92475 2996 12.7509765625 5.5126953125 0.19921875 1.4326171875
map_6 63 0 5 5 5 1 1 0.001442667 0.005771208 0.001440775 0.0057711412 0.001439 0.005767 0.0014386 0.0057686 7676 8096 691 2973 48341 6741500 21 2209189 89280 8096 11.3740234375 14.5166015625 0.22265625 1.5556640625
map_7 63 1 5 5 5 1 1 0.003744667 0.007379375 0.0037646004 0.0073821166 0.003741 0.007374 0.0037618 0.0073786 20132 9446 4137 3296 158369 8726459 507 2715284 249264 9446 28.2001953125 16.09375 0.234375 1.787109375
map_8 63 0 5 5 5 1 1 0.003282792 0.0013235 0.0033824002 0.0013255582 0.003279 0.001322 0.0033568 0.001324 16573 13582 3454 1161 168152 1301371 85 336874 200473 13582 24.865234375 5.6689453125 0.2841796875 1.6142578125
map_9 63 1 5 5 5 1 1 0.004355083 0.001986792 0.004279775 0.0019877498 0.004278 0.001986 0.0042394 0.0019874 20422 4358 4025 1880 243320 2100104 284 882827 228535 4358 27.6533203125 9.1796875 0.375 1.423828125
map_0 64 1 5 5 5 1 1 0.002297708 0.000647708 0.0022977582 0.0006501414 0.002297 0.000647 0.0022974 0.0006476 12383 2024 2908 1074 96280 645171 248 288351 140352 2024 22.19921875 5.244140625 0.228515625 1.3271484375
map_1 64 0 5 5 5 1 1 0.003289208 0.004007459 0.0033011334 0.00400795 0.003286 0.004004 0.0032962 0.004006 17330 7410 4858 2457 140506 4624677 308 1508239 216912 7409 31.720703125 11.9970703125 0.2666015625 1.6142578125
map_2 64 1 5 5 5 1 1 0.00319175 0.001314458 0.003195875 0.001314425 0.003188 0.001312 0.0031934 0.0013128 16696 26757 2775 812 184234 1074804 23 164772 216375 26757 21.5498046875 3.96484375 0.2373046875 1.453125
map_3 64 0 5 5 5 1 1 0.0035405 0.005176625 0.0035550248 0.0051765746 0.003537 0.005176 0.0035516 0.0051746 18450 9181 3966 2910 186522 5836565 83 2116218 233858 9181 27.365234375 14.208984375 0.240234375 1.5732421875
map_4 64 1 5 5 5 1 1 0.002490916 0.000939209 0.0024965332 0.0009400834 0.00249 0.000938 0.0024954 0.0009382 13185 2856 2791 1220 132441 997083 82 371660 156752 2856 21.6279296875 5.95703125 0.216796875 1.3857421875
map_5 64 0 5 5 5 1 1 0.001589292 0.01959 0.0015958416 0.0195937166 0.001589 0.019588 0.0015938 0.0195894 8381 24874 766 5343 61905 23629795 185 7135960 109008 24872 11.740234375 26.0888671875 0.2021484375 1.81640625
map_6 64 1 5 5 5 1 1 0.002828792 0.001094042 0.0028184252 0.0010929918 0.002827 0.001092 0.0028164 0.0010924 14915 3397 3087 1230 125054 1211556 301 377884 177873 3397 23.0732421875 6.005859375 0.251953125 1.6259765625
map_7 64 0 5 5 5 1 1 0.002645042 0.006872542 0.0026480168 0.0068804416 0.002645 0.006863 0.0026474 0.0068768 13935 8788 1888 3270 112675 8014474 400 2673206 173573 8787 17.21875 15.966796875 0.2373046875 1.8310546875
map_8 64 1 5 5 5 1 1 0.002633542 0.000367333 0.0026488998 0.0003679496 0.002631 0.000367 0.0026462 0.0003676 13773 2684 2549 725 138673 344885 145 131401 166826 2684 20.4462890625 3.5400390625 0.3193359375 1.4326171875
map_9 64 0 5 5 5 1 1 0.002886375 0.0081755 0.0028970168 0.0081748918 0.002883 0.008173 0.0028942 0.0081722 15554 251226 4203 846 103934 5383492 292 178787 189402 251225 28.5224609375 4.130859375 0.3193359375 1.3974609375
map_0 65 0 5 5 5 1 1 0.002839833 0.000524917 0.0028455164 0.000526608 0.002836 0.000524 0.0028422 0.0005254 14753 4885 1347 820 151120 487679 408 168078 165470 4885 14.5771484375 4.00390625 0.2021484375 1.40625
map_1 65 1 5 5 5 1 1 0.002286083 0.001836083 0.0022942748 0.0018389168 0.002285 0.001835 0.0022926 0.0018372 12110 4769 2244 1689 97866 2023378 156 713095 148256 4769 18.95703125 8.2470703125 0.2548828125 1.5849609375
map_2 65 0 5 5 5 1 1 0.002879 0.001405708 0.0028883916 0.0014057248 0.002877 0.001403 0.0028854 0.0014034 15057 18158 3281 1081 191918 1348523 200 291882 179488 18158 24.0205078125 5.2783203125 0.19921875 1.51171875
map_3 65 1 5 5 5 1 1 0.003298042 0.000455208 0.003297892 0.000454525 0.003297 0.000454 0.0032954 0.0004536 17219 1723 4280 877 171324 428412 603 192273 213448 1723 28.8984375 4.2822265625 0.2724609375 1.4326171875
map_4 65 0 5 5 5 1 1 0.002234 0.008341916 0.0022892666 0.0083484166 0.002231 0.008339 0.0022868 0.0083456 11554 11846 1265 3649 146467 9674458 19 3327071 143124 11845 14.1767578125 17.8173828125 0.2548828125 1.564453125
map_5 65 1 5 5 5 1 1 0.002843584 0.000363125 0.0028398918 0.000368025 0.002841 0.000364 0.0028374 0.0003672 15095 1628 1522 797 109061 336612 74 158801 183862 1628 15.431640625 3.8916015625 0.2021484375 1.4765625
map_6 65 0 5 5 5 1 1 0.003140916 0.000938334 0.0031635414 0.0009382752 0.00314 0.000936 0.0031628 0.0009366 16864 3231 3217 1092 165447 1055227 314 297892 205750 3230 23.7080078125 5.33203125 0.28125 1.5205078125
map_7 65 1 5 5 5 1 1 0.003452792 0.009391208 0.0034564166 0.0093889082 0.003446 0.009391 0.0034534 0.009386 18441 12373 2775 3687 129202 11268272 629 3397464 215020 12373 21.5498046875 18.0029296875 0.275390625 2.0478515625
map_8 65 0 5 5 5 1 1 0.002420041 0.000329292 0.0024374414 0.0003297084 0.002419 0.00033 0.0024346 0.0003298 12857 1583 2415 795 122788 290820 180 157997 164060 1583 19.7919921875 3.8818359375 0.2255859375 1.423828125
map_9 65 1 5 5 5 1 1 0.003013542 0.001744583 0.0030267836 0.0017460168 0.003013 0.001744 0.0030262 0.0017454 15979 55249 2731 786 183631 1131470 179 154375 169003 55249 21.3349609375 3.837890625 0.2490234375 1.39453125
map_0 66 1 5 5 5 1 1 0.001353583 0.001599209 0.0013545166 0.0016101586 0.00135 0.001596 0.0013516 0.0016076 7177 8318 646 1572 63547 1607103 42 617170 80848 8318 11.154296875 7.67578125 0.2109375 1.4794921875
map_1 66 0 5 5 5 1 1 0.002638625 0.0023825 0.002649725 0.0023835 0.002635 0.002382 0.002647 0.0023806 14035 5780 2915 1833 133853 2724184 515 839665 173808 5780 22.2333984375 8.9501953125 0.228515625 1.7490234375
map_2 66 1 5 5 5 1 1 0.001960375 0.003907958 0.0019706666 0.0039111 0.001958 0.003908 0.0019682 0.0039084 10395 51800 1451 1444 105005 4059672 138 520695 123233 51800 15.0849609375 7.05078125 0.2314453125 1.3916015625
map_3 66 0 5 5 5 1 1 0.002639916 0.000383 0.0026598668 0.0003836332 0.00264 0.000383 0.0026596 0.000383 13771 1631 2505 810 132208 364867 127 164017 183024 1631 20.2314453125 3.955078125 0.205078125 1.5439453125
map_4 66 1 5 5 5 1 1 0.002440334 0.000474584 0.0024488254 0.0004755 0.00244 0.000473 0.0024466 0.0004744 13039 1918 3302 919 148670 444917 66 211051 167033 1918 24.123046875 4.4873046875 0.2431640625 1.4443359375
map_5 66 0 5 5 5 1 1 0.0014545 0.002788667 0.0014660254 0.0027883 0.001451 0.002786 0.001465 0.0027858 7493 5686 998 2131 86142 3096431 19 1134515 88474 5686 12.873046875 10.4052734375 0.2255859375 1.5732421875
map_6 66 1 5 5 5 1 1 0.002609542 0.0028175 0.0026133252 0.0028179502 0.002609 0.002815 0.0026114 0.0028146 13866 5997 2788 2057 144169 3204653 796 1057757 164390 5996 21.61328125 10.0439453125 0.2431640625 1.927734375
map_7 66 0 5 5 5 1 1 0.002310667 0.00038375 0.002304475 0.0003840334 0.002309 0.000385 0.0023006 0.000384 12001 1541 1523 848 124223 352053 76 179725 142781 1541 15.4365234375 4.140625 0.26953125 1.4736328125
map_8 66 1 5 5 5 1 1 0.001597167 0.004207416 0.0016003002 0.0042085832 0.001594 0.004207 0.0015974 0.0042064 8271 7910 661 2610 99436 4736293 21 1701863 90161 7910 11.2275390625 12.744140625 0.1962890625 1.41796875
map_9 66 0 5 5 5 1 1 0.002468542 0.008048583 0.0024793416 0.008052275 0.002466 0.008046 0.0024768 0.0080502 13040 212505 2136 1055 139926 6148820 14 277999 145245 212505 18.4296875 5.1513671875 0.2548828125 1.494140625
map_0 67 0 5 5 5 1 1 0.002796 0.017140833 0.0028121 0.017133575 0.002796 0.017137 0.0028118 0.017131 14838 25156 2333 5172 134841 20099678 263 6687276 173481 25156 19.3916015625 25.25390625 0.2109375 2.09765625
map_1 67 1 5 5 5 1 1 0.002553791 0.003688584 0.0025593168 0.003691125 0.002551 0.003686 0.0025562 0.0036884 13443 7672 2685 2367 109103 4205627 104 1399698 166283 7672 21.1103515625 11.5576171875 0.2490234375 1.640625
map_2 67 0 5 5 5 1 1 0.002765417 0.005296792 0.002778825 0.005298375 0.002763 0.005294 0.0027762 0.0052952 14838 83348 3161 1723 123701 5074404 139 741705 188045 83348 23.4345703125 8.4130859375 0.228515625 1.5703125
map_3 67 1 5 5 5 1 1 0.003224167 0.001323875 0.003242875 0.0013258252 0.003221 0.001321 0.0032394 0.0013232 16810 3661 3708 1337 176736 1509152 236 446461 190048 3659 26.10546875 6.5283203125 0.3193359375 1.3359375
map_4 67 0 5 5 5 1 1 0.002814667 0.00476525 0.0028290834 0.0047648664 0.002812 0.004762 0.0028266 0.0047614 14777 23237 3244 2445 187306 5345460 50 1494405 174477 23237 23.83984375 11.9384765625 0.3076171875 1.9658203125
map_5 67 1 5 5 5 1 1 0.001370458 0.001011542 0.0013774414 0.0010107666 0.001368 0.001008 0.0013742 0.0010088 7329 3129 955 1294 51263 1050250 20 418458 89033 3129 12.6630859375 6.318359375 0.1904296875 1.6201171875
map_6 67 0 5 5 5 1 1 0.003763292 0.000439458 0.0037765252 0.0004394832 0.003763 0.000439 0.003775 0.000439 19947 2249 3940 848 229157 415880 332 179775 232170 2249 27.23828125 4.140625 0.3017578125 1.5234375
map_7 67 1 5 5 5 1 1 0.002339042 0.00064675 0.0023507082 0.0006474334 0.002337 0.000646 0.0023484 0.000647 12324 2580 1724 980 125855 672220 80 240066 144014 2580 16.41796875 4.78515625 0.22265625 1.5
map_8 67 0 5 5 5 1 1 0.001650167 0.003866958 0.001658425 0.0038669418 0.001647 0.003863 0.001656 0.0038642 8649 12222 1187 2188 93070 4543757 54 1196326 98567 12222 13.7958984375 10.68359375 0.2138671875 1.8017578125
map_9 67 1 5 5 5 1 1 0.003410667 0.008037333 0.00341865 0.0080388918 0.003408 0.008035 0.0034152 0.0080364 18201 86787 2905 3133 218620 7837655 190 2453798 185400 86787 22.1845703125 15.2978515625 0.29296875 2.0625
map_0 68 1 5 5 5 1 1 0.002514375 0.005236833 0.0025253332 0.005242233 0.002513 0.005237 0.0025226 0.0052402 13730 7546 2076 2822 115772 6146704 194 1990223 154407 7546 18.13671875 13.779296875 0.251953125 1.6318359375
map_1 68 0 5 5 5 1 1 0.003480333 0.0010045 0.003459275 0.0010054 0.003478 0.001003 0.0034574 0.001004 18360 3535 4405 1169 147182 1106264 573 341639 209056 3535 29.5087890625 5.7080078125 0.26953125 1.53515625
map_2 68 1 5 5 5 1 1 0.002736791 0.010096417 0.0027537582 0.010093675 0.002734 0.010094 0.0027514 0.0100908 14453 32076 3161 3867 153526 11460727 520 3736753 185962 32076 23.4345703125 18.8818359375 0.2255859375 1.7373046875
map_3 68 0 5 5 5 1 1 0.003506333 0.000355667 0.0035240916 0.0003554168 0.003506 0.000355 0.0035236 0.0003552 18302 1633 4452 786 211338 325916 164 154441 230843 1633 29.73828125 3.837890625 0.2607421875 1.4208984375
map_4 68 1 5 5 5 1 1 0.003099209 0.000341792 0.0031095334 0.0003419084 0.003096 0.000341 0.0031064 0.000341 16203 1542 3510 778 205117 313606 80 151272 199297 1542 25.138671875 3.798828125 0.28125 1.423828125
map_5 68 0 5 5 5 1 1 0.001315375 0.001577917 0.0013173084 0.0015767666 0.001314 0.001575 0.0013152 0.0015752 6726 4990 544 1396 64561 1822692 22 487008 87269 4990 10.65625 6.81640625 0.205078125 1.6376953125
map_6 68 1 5 5 5 1 1 0.003319208 0.008423542 0.0033274918 0.0084249252 0.003316 0.008421 0.0033252 0.0084222 17362 10500 2784 3623 170645 9883417 86 3280273 215971 10499 21.59375 17.6904296875 0.3017578125 1.7109375
map_7 68 0 5 5 5 1 1 0.002513375 0.001111459 0.0025303586 0.001115267 0.00251 0.001109 0.0025286 0.0011134 13547 2985 1768 1351 120480 1158996 320 455824 164713 2985 16.6328125 6.5966796875 0.240234375 1.4736328125
map_8 68 1 5 5 5 1 1 0.002387625 0.003315958 0.0023896916 0.0033167082 0.002385 0.003315 0.0023862 0.0033148 12584 6043 2095 2330 117713 3718751 117 1356844 159487 6043 18.2294921875 11.376953125 0.24609375 1.669921875
map_9 68 0 5 5 5 1 1 0.003360792 0.003464042 0.0033815332 0.0034671666 0.003357 0.003463 0.0033786 0.0034652 18094 104326 3849 732 197233 2277897 471 133872 203044 104325 26.7939453125 3.57421875 0.2490234375 1.3623046875
map_0 69 0 5 5 5 1 1 0.001863958 0.001180042 0.0018649998 0.0011824336 0.00186 0.001178 0.0018612 0.0011796 9797 3051 825 1401 75506 1256713 29 490684 111259 3051 12.0283203125 6.8408203125 0.1904296875 1.7431640625
map_1 69 1 5 5 5 1 1 0.003048791 0.002271333 0.003034608 0.0022738498 0.003046 0.002268 0.0030316 0.0022718 15927 5964 3460 1819 162111 2566952 134 826833 184892 5964 24.89453125 8.8818359375 0.2958984375 1.6025390625
map_2 69 0 5 5 5 1 1 0.002624208 0.007300125 0.0026410918 0.0073063916 0.002624 0.007297 0.0026392 0.0073038 13646 13336 2479 3364 141763 8426297 79 2828778 169849 13335 20.1044921875 16.42578125 0.24609375 1.79296875
map_3 69 1 5 5 5 1 1 0.002541041 0.003468792 0.0025443832 0.0034715418 0.002541 0.003465 0.0025424 0.0034684 13237 6587 1866 2275 146661 3992037 28 1293828 162798 6587 17.111328125 11.1083984375 0.251953125 1.693359375
map_4 69 0 5 5 5 1 1 0.003679 0.002468916 0.0036965998 0.0024729248 0.003675 0.002466 0.0036936 0.002468 19449 5462 3902 1990 222948 2736471 410 990008 231342 5462 27.052734375 9.716796875 0.2578125 1.7490234375
map_5 69 1 5 5 5 1 1 0.002331459 0.005753125 0.0023240416 0.00575395 0.002331 0.005752 0.002324 0.005752 12550 26620 2547 2853 93998 6297565 203 2033727 135127 26619 20.4365234375 13.9306640625 0.228515625 1.470703125
map_6 69 0 5 5 5 1 1 0.001500958 0.009313792 0.0015050584 0.0093199416 0.001501 0.009311 0.0015046 0.0093174 7916 11885 791 3764 81189 11023216 85 3541024 87849 11885 11.8623046875 18.37890625 0.216796875 2.0537109375
map_7 69 1 5 5 5 1 1 0.002207667 0.007699792 0.0022229248 0.0077095584 0.002204 0.007694 0.0022198 0.0077056 11872 10556 1536 3244 90608 9367622 45 2630474 138831 10556 15.5 15.83984375 0.2783203125 1.5380859375
map_8 69 0 5 5 5 1 1 0.002360833 0.00114925 0.0023655582 0.0011491084 0.002358 0.001146 0.002361 0.001147 12248 6706 1793 1194 127588 1206903 31 356149 152993 6706 16.7548828125 5.830078125 0.22265625 1.435546875
map_9 69 1 5 5 5 1 1 0.002622333 0.000748959 0.0026310168 0.0007620334 0.002619 0.000748 0.0026292 0.0007614 13834 17860 2248 871 152487 499179 112 189496 149829 17860 18.9765625 4.2529296875 0.251953125 1.359375
map_0 70 1 5 5 5 1 1 0.002617458 0.015586916 0.0026274 0.0155920246 0.002617 0.015584 0.0026252 0.0155878 13806 19925 2277 4688 141076 18953838 83 5492970 158752 19923 19.1181640625 22.890625 0.228515625 2.6630859375
map_1 70 0 5 5 5 1 1 0.001834 0.008385834 0.0018394168 0.0083890918 0.001833 0.008383 0.001837 0.008387 9755 10502 1417 3699 82291 9672048 49 3420267 117602 10501 14.9189453125 18.0615234375 0.2080078125 2.326171875
map_2 70 1 5 5 5 1 1 0.002148084 0.001839708 0.002159092 0.0018401916 0.002145 0.001837 0.0021568 0.0018378 11262 27257 1707 1265 110848 1659819 78 399618 144676 27257 16.3349609375 6.1767578125 0.2431640625 1.3623046875
map_3 70 0 5 5 5 1 1 0.002087542 0.000345167 0.0020938418 0.0003474582 0.002085 0.000345 0.0020912 0.000347 10894 1428 1256 818 122232 309004 62 167160 131168 1428 14.1328125 3.994140625 0.2197265625 1.3916015625
map_4 70 1 5 5 5 1 1 0.003062375 0.0030355 0.0030577502 0.0030373668 0.003059 0.003034 0.003055 0.003034 16124 5808 3007 2321 164277 3278921 303 1345806 192833 5808 22.6826171875 11.3330078125 0.3017578125 1.48828125
map_5 70 0 5 5 5 1 1 0.001227708 0.010816125 0.00122795 0.0108678168 0.001227 0.010812 0.0012256 0.0108648 6490 11653 580 4100 50852 12810997 107 4201710 75017 11649 10.83203125 20.01953125 0.2021484375 1.51171875
map_6 70 1 5 5 5 1 1 0.001796167 0.00173825 0.0018090752 0.0017373832 0.001794 0.001736 0.0018064 0.0017356 9464 24932 1142 1276 96589 1552619 123 406871 108353 24932 13.576171875 6.23046875 0.216796875 1.658203125
map_7 70 0 5 5 5 1 1 0.002326875 0.001943667 0.0023323004 0.0019404666 0.002324 0.001941 0.00233 0.001937 12465 4489 1625 1742 94382 2135962 182 757930 137116 4489 15.9345703125 8.505859375 0.22265625 1.4267578125
map_8 70 1 5 5 5 1 1 0.001799583 0.001178375 0.0018113416 0.0011796834 0.001798 0.001177 0.0018082 0.0011778 9464 10930 1243 1137 88605 1202457 14 322948 114602 10930 14.0693359375 5.5517578125 0.251953125 1.4501953125
map_9 70 0 5 5 5 1 1 0.002609833 0.003181458 0.0026204832 0.0031794748 0.00261 0.003178 0.00262 0.003177 13771 5802 2150 2229 150515 3615786 160 1241797 157413 5802 18.498046875 10.8837890625 0.2255859375 1.7255859375
map_0 71 0 5 5 5 1 1 0.002032625 0.000643333 0.002032775 0.0006448666 0.002033 0.000643 0.0020322 0.0006444 10526 2027 1091 1091 113713 630478 104 297262 120822 2027 13.3271484375 5.3271484375 0.2080078125 1.3681640625
map_1 71 1 5 5 5 1 1 0.002551 0.0184005 0.0025567332 0.0184150666 0.002551 0.018398 0.0025542 0.0184106 13484 17931 1692 5638 119611 21233327 149 7946555 149286 17930 16.26171875 27.529296875 0.240234375 2.232421875
map_2 71 0 5 5 5 1 1 0.001763 0.004402917 0.0017712752 0.004415242 0.00176 0.004387 0.001769 0.0044104 9270 39402 1284 2154 104064 4527518 55 1159597 107211 39402 14.26953125 10.517578125 0.193359375 1.5087890625
map_3 71 1 5 5 5 1 1 0.001962375 0.001843625 0.0019724248 0.0018444 0.001959 0.001841 0.0019698 0.0018422 10599 3912 1844 1888 84588 1883648 196 890327 130138 3912 17.00390625 9.21875 0.2373046875 1.453125
map_4 71 0 5 5 5 1 1 0.00230225 0.008989 0.0023056666 0.008994133 0.002301 0.008985 0.002305 0.0089908 12224 10837 2387 3772 124986 10521768 45 3555704 140849 10837 19.6552734375 18.41796875 0.234375 1.400390625
map_5 71 1 5 5 5 1 1 0.002266458 0.001451375 0.0022763586 0.0014517336 0.002266 0.00145 0.0022752 0.0014496 11746 4300 1927 1428 157022 1624014 250 509735 142941 4300 17.4091796875 6.97265625 0.2109375 1.6611328125
map_6 71 0 5 5 5 1 1 0.002019333 0.002241708 0.0020319666 0.0022496498 0.002016 0.002239 0.0020292 0.0022478 10909 7850 1644 1756 98763 2500847 81 770851 119733 7850 16.02734375 8.57421875 0.240234375 1.8134765625
map_7 71 1 5 5 5 1 1 0.001372167 0.000436667 0.0013750166 0.0004378 0.00137 0.000437 0.0013734 0.000437 7171 2374 850 764 76063 448046 94 145914 83610 2374 12.150390625 3.73046875 0.193359375 1.4150390625
map_8 71 0 5 5 5 1 1 0.001278209 0.00067575 0.0012816336 0.0006762586 0.001275 0.000675 0.0012796 0.0006748 6565 2356 653 1102 93246 664402 88 303471 78851 2356 11.1884765625 5.380859375 0.181640625 1.4853515625
map_9 71 1 5 5 5 1 1 0.002733334 0.003546875 0.0027431252 0.0035754 0.002731 0.003547 0.002741 0.0035722 14448 62760 3191 1630 164752 3070976 208 663692 164394 62760 23.5810546875 7.958984375 0.2490234375 1.388671875
map_0 72 1 5 5 5 1 1 0.002409917 0.001401792 0.0024194082 0.0014036084 0.002409 0.001399 0.0024182 0.0014004 12572 14921 1373 1016 116045 1453654 34 257940 140311 14921 14.7041015625 4.9609375 0.216796875 1.505859375
map_1 72 0 5 5 5 1 1 0.00296375 0.00734625 0.0029798252 0.0073466502 0.002962 0.007339 0.0029774 0.0073428 16011 10210 3886 3284 118994 8731145 206 2694699 194988 10210 26.974609375 16.03515625 0.3193359375 1.62890625
map_2 72 1 5 5 5 1 1 0.00265725 0.001085083 0.0026697832 0.0010847832 0.002654 0.001084 0.0026672 0.0010834 13974 3070 3049 1356 127155 1131735 87 459159 172339 3070 22.8876953125 6.62109375 0.31640625 1.3857421875
map_3 72 0 5 5 5 1 1 0.003442917 0.000432584 0.0034636916 0.0004347668 0.003443 0.000431 0.003463 0.0004326 18437 1776 4629 860 173423 416921 87 184720 209708 1776 30.6025390625 4.19921875 0.2138671875 1.34765625
map_4 72 1 5 5 5 1 1 0.00408475 0.001008334 0.0040978 0.0010105252 0.004083 0.001008 0.0040952 0.001009 21526 10167 5496 1111 215415 948703 532 308312 244201 10167 34.8359375 5.4248046875 0.2841796875 1.4765625
map_5 72 0 5 5 5 1 1 0.003633625 0.000331125 0.003647375 0.0003313 0.003631 0.000331 0.0036452 0.000331 19117 1363 3626 828 234435 287574 56 171243 210172 1363 25.705078125 4.04296875 0.3310546875 1.388671875
map_6 72 1 5 5 5 1 1 0.002288458 0.000614291 0.0022940664 0.0006144332 0.002287 0.000614 0.0022934 0.0006136 12058 2339 1763 926 132088 659091 141 214349 140206 2339 16.6083984375 4.521484375 0.2138671875 1.4619140625
map_7 72 0 5 5 5 1 1 0.002186584 0.002716792 0.0021929832 0.0027148334 0.002187 0.002714 0.0021926 0.0027136 11408 8328 1093 1819 118560 3189535 289 826440 155609 8328 13.3369140625 8.8818359375 0.2080078125 1.4267578125
map_8 72 1 5 5 5 1 1 0.002687333 0.000534792 0.0026900582 0.0005356918 0.002685 0.000532 0.002688 0.0005342 14194 3935 2292 822 128136 522401 21 168835 162798 3935 19.19140625 4.013671875 0.3046875 1.412109375
map_9 72 0 5 5 5 1 1 0.003442875 0.000520708 0.0034458002 0.0005210166 0.003439 0.00052 0.0034422 0.0005208 18627 10250 4466 656 138580 391927 639 107579 209181 10250 29.806640625 3.203125 0.2578125 1.34765625
map_0 73 0 5 5 5 1 1 0.00245125 0.000919958 0.0024604918 0.0009203998 0.002451 0.000917 0.0024592 0.0009182 13139 2845 2008 1318 102565 899207 186 434144 159389 2844 17.8046875 6.435546875 0.2080078125 1.5263671875
map_1 73 1 5 5 5 1 1 0.001971542 0.001710166 0.0019792752 0.0017127666 0.001971 0.001711 0.001977 0.0017118 10651 5518 1465 1600 78462 1856760 17 639727 129272 5518 15.1533203125 7.8125 0.251953125 1.564453125
map_2 73 0 5 5 5 1 1 0.002511584 0.006143083 0.002513892 0.0061437834 0.002508 0.006143 0.0025112 0.0061424 13380 78667 3027 2100 144019 6099676 203 1101659 164369 78667 22.7802734375 10.25390625 0.2841796875 1.4501953125
map_3 73 1 5 5 5 1 1 0.003510417 0.005158208 0.0035124916 0.0051566998 0.003507 0.005155 0.0035098 0.005154 18317 10055 3780 2607 186241 6182219 223 1698984 235667 10055 26.45703125 12.7294921875 0.2666015625 1.88671875
map_4 73 0 5 5 5 1 1 0.002445958 0.005566209 0.0024533248 0.0055769668 0.002443 0.005563 0.002451 0.005574 12927 7514 1392 3135 131288 6184523 49 2456056 139279 7514 14.796875 15.3076171875 0.22265625 1.458984375
map_5 73 1 5 5 5 1 1 0.001887667 0.000977833 0.0018953836 0.0009787502 0.001884 0.000977 0.001892 0.0009782 10066 3707 1181 1124 83215 1087211 84 315782 118704 3707 13.7666015625 5.48828125 0.2138671875 1.681640625
map_6 73 0 5 5 5 1 1 0.003511208 0.000299041 0.00351495 0.0003002166 0.003508 0.000299 0.0035134 0.0002994 18752 1362 3258 744 204314 269165 403 138336 216494 1362 23.908203125 3.6328125 0.3251953125 1.4033203125
map_7 73 1 5 5 5 1 1 0.002198708 0.001359083 0.0022059834 0.0013601002 0.002199 0.001356 0.002206 0.0013578 11480 3359 1501 1499 127746 1461593 164 561289 135553 3359 15.3291015625 7.3193359375 0.22265625 1.4765625
map_8 73 0 5 5 5 1 1 0.002395791 0.002668875 0.0023979582 0.0026688998 0.002396 0.002666 0.0023958 0.0026662 12770 32681 1664 932 108191 2933622 87 217075 138903 32681 16.125 4.55078125 0.2607421875 1.3798828125
map_9 73 1 5 5 5 1 1 0.003620458 0.006192459 0.0036427834 0.0062029002 0.003617 0.00619 0.0036402 0.0061952 19444 176911 4293 1345 214665 4142165 338 451768 213166 176911 28.9619140625 6.5673828125 0.2666015625 1.400390625
map_0 74 1 5 5 5 1 1 0.002442875 0.002136334 0.0024457 0.0021379252 0.002442 0.002135 0.002445 0.0021362 13011 28440 1958 1016 110259 2191051 246 257878 159357 28440 17.560546875 4.9609375 0.2080078125 1.4033203125
map_1 74 0 5 5 5 1 1 0.001550333 0.002016083 0.0015520668 0.0020161748 0.00155 0.002015 0.0015516 0.0020148 8018 4674 728 1797 86430 2215216 28 806561 91606 4674 11.5546875 8.7744140625 0.2490234375 1.27734375
map_2 74 1 5 5 5 1 1 0.001950333 0.000580291 0.0019589002 0.0005804248 0.001949 0.00058 0.0019572 0.0005802 10433 2124 1210 1026 84804 557807 38 262922 127281 2124 13.908203125 5.009765625 0.1962890625 1.4267578125
map_3 74 0 5 5 5 1 1 0.002668042 0.001816792 0.002679192 0.0018163666 0.002664 0.001815 0.0026752 0.001814 14087 4709 3047 1547 134255 2096845 74 598154 186140 4708 22.8779296875 7.5537109375 0.2490234375 1.4150390625
map_4 74 1 5 5 5 1 1 0.003500542 0.00667375 0.00351195 0.0066756084 0.003499 0.006674 0.0035104 0.0066738 18484 9148 4600 3207 193809 7820593 288 2569934 220877 9148 30.4609375 15.6591796875 0.3603515625 1.4267578125
map_5 74 0 5 5 5 1 1 0.0025935 0.001214125 0.0025873252 0.0012141086 0.002593 0.001211 0.002586 0.0012126 13590 4002 2473 1356 124172 1302608 274 459590 172072 4002 20.0751953125 6.62109375 0.2900390625 1.705078125
map_6 74 1 5 5 5 1 1 0.002293334 0.007079208 0.0022983834 0.0070796248 0.00229 0.007076 0.0022956 0.0070778 12109 10959 1394 3168 117833 8461930 125 2508471 138445 10959 14.806640625 15.46875 0.2578125 1.998046875
map_7 74 0 5 5 5 1 1 0.002058708 0.0039845 0.0020695748 0.0039854084 0.002057 0.003984 0.0020674 0.0039838 10811 7242 1491 2304 93967 4776116 72 1326992 129679 7242 15.2802734375 11.25 0.2109375 1.7724609375
map_8 74 1 5 5 5 1 1 0.002422958 0.03781625 0.002426458 0.0378557 0.00242 0.037813 0.0024234 0.037852 12847 114456 2263 7474 111959 43526616 88 13961760 145536 114452 19.0498046875 36.494140625 0.205078125 1.875
map_9 74 0 5 5 5 1 1 0.002609667 0.013374042 0.0026093334 0.0134315002 0.002606 0.013364 0.0026062 0.0134272 14056 228781 3240 2650 154872 12594920 103 1754412 138584 228781 23.8203125 12.939453125 0.251953125 1.400390625
map_0 75 0 5 5 5 1 1 0.002599708 0.003847542 0.0026039416 0.0038476248 0.002597 0.003845 0.0026016 0.003845 13940 31770 1682 1821 92987 4221672 57 828619 168088 31769 16.212890625 8.8916015625 0.2255859375 1.541015625
map_1 75 1 5 5 5 1 1 0.002433542 0.003807666 0.0024433166 0.0038071916 0.00243 0.003804 0.0024412 0.0038038 13085 7911 2633 2317 95576 4452984 58 1341964 159189 7911 20.8564453125 11.3134765625 0.2138671875 1.86328125
map_2 75 0 5 5 5 1 1 0.001905542 0.00245075 0.0019257584 0.0024512166 0.001902 0.00245 0.0019232 0.0024494 10139 52386 1388 815 95367 2103496 66 165969 122906 52385 14.77734375 3.9794921875 0.1904296875 1.3740234375
map_3 75 1 5 5 5 1 1 0.003286791 0.000322 0.0033035584 0.0003222004 0.003287 0.000322 0.0033026 0.000322 17363 1399 3562 780 164681 288402 473 152004 223245 1399 25.392578125 3.80859375 0.2431640625 1.4033203125
map_4 75 0 5 5 5 1 1 0.002996625 0.005516083 0.00300725 0.00551875 0.002995 0.005514 0.003005 0.005516 15976 15823 3651 2782 144349 6354049 171 1933676 193876 15823 25.8271484375 13.583984375 0.2724609375 1.330078125
map_5 75 1 5 5 5 1 1 0.0019695 0.00216175 0.0019739334 0.0021628164 0.001966 0.002158 0.0019702 0.0021602 10462 6810 1632 1694 115995 2459596 100 716787 114235 6809 15.96875 8.271484375 0.2490234375 1.53515625
map_6 75 0 5 5 5 1 1 0.00190275 0.017336042 0.0019123168 0.017344117 0.001899 0.017333 0.0019092 0.0173412 10289 23438 901 5239 63735 20351453 320 6861098 114614 23438 12.3994140625 25.5810546875 0.1845703125 1.7841796875
map_7 75 1 5 5 5 1 1 0.003858625 0.002329125 0.0038728586 0.0023291584 0.003855 0.002326 0.003869 0.0023272 20294 7220 3923 1627 174941 2775226 289 661673 240829 7219 27.1552734375 7.9443359375 0.298828125 1.623046875
map_8 75 0 5 5 5 1 1 0.003633 0.00681725 0.0036365332 0.0068140832 0.003633 0.006815 0.0036354 0.0068114 19032 12611 3750 3167 184071 7965582 90 2506040 229662 12611 26.310546875 15.4638671875 0.3251953125 1.48828125
map_9 75 1 5 5 5 1 1 0.003727 0.019047334 0.0037514414 0.0190268084 0.003727 0.019044 0.0037502 0.0190234 19962 17615 3758 5444 233943 22696221 210 7407042 191656 17615 26.349609375 26.58203125 0.216796875 1.7548828125
map_0 76 1 5 5 5 1 1 0.002347083 0.000464125 0.0023542332 0.0004642832 0.002343 0.000463 0.0023514 0.0004632 12337 1732 1442 895 109610 453704 149 200211 153893 1732 15.041015625 4.3701171875 0.2255859375 1.494140625
map_1 76 0 5 5 5 1 1 0.002562041 0.001348958 0.0025725164 0.0013498166 0.002559 0.001347 0.0025696 0.0013478 13677 3399 1539 1512 135744 1430029 310 571341 152876 3399 15.5146484375 7.3828125 0.2138671875 1.5380859375
map_2 76 1 5 5 5 1 1 0.001586333 0.000405042 0.0015895418 0.000404958 0.001584 0.000404 0.0015876 0.0004042 8442 1540 1228 913 77761 360143 79 208207 101264 1540 13.99609375 4.4580078125 0.181640625 1.3857421875
map_3 76 0 5 5 5 1 1 0.002874041 0.003907 0.0028882166 0.00391295 0.00287 0.003906 0.0028848 0.0039104 15021 6511 1963 2459 175830 4489730 187 1510743 180977 6510 17.5849609375 12.0068359375 0.2578125 1.529296875
map_4 76 1 5 5 5 1 1 0.003644417 0.001864666 0.0036584416 0.0018648664 0.003645 0.001862 0.0036568 0.0018628 19423 4732 4227 1700 190441 2057463 259 722098 223445 4732 28.6396484375 8.30078125 0.2548828125 1.6259765625
map_5 76 0 5 5 5 1 1 0.002044458 0.000606625 0.0020536834 0.0006061666 0.002044 0.000606 0.0020526 0.0006058 10473 4506 1357 859 127392 597266 343 184434 133158 4506 14.6259765625 4.1943359375 0.22265625 1.4501953125
map_6 76 1 5 5 5 1 1 0.0028315 0.003198959 0.0028447248 0.0031988838 0.002832 0.003195 0.0028436 0.0031964 15191 6536 3102 2097 135420 3766290 964 1098593 174727 6536 23.146484375 10.2392578125 0.2255859375 1.576171875
map_7 76 0 5 5 5 1 1 0.003466417 0.0004545 0.0034764084 0.00045675 0.003463 0.000453 0.0034754 0.0004556 17949 1633 4201 927 198780 427825 130 214691 218773 1633 28.5126953125 4.5263671875 0.2724609375 1.3798828125
map_8 76 1 5 5 5 1 1 0.002742708 0.002314416 0.0027523332 0.002319783 0.002742 0.002312 0.0027522 0.0023174 14714 38232 2447 822 142335 2281327 483 168903 153015 38232 19.9482421875 4.013671875 0.2255859375 1.5087890625
map_9 76 0 5 5 5 1 1 0.003013584 0.011064292 0.003015525 0.0111285086 0.003013 0.011061 0.0030148 0.0111256 15565 326714 2368 751 231609 7779749 139 140952 155098 326714 19.5625 3.6669921875 0.240234375 1.3798828125
map_0 77 0 5 5 5 1 1 0.002601416 0.009623875 0.0026078578 0.0096327416 0.002599 0.00962 0.0026052 0.0096302 13763 12409 2162 3673 129367 11663025 135 3372728 160691 12408 18.556640625 17.9345703125 0.216796875 2.3203125
map_1 77 1 5 5 5 1 1 0.002050042 0.001886291 0.00204715 0.0018876666 0.002049 0.001884 0.0020464 0.001886 10805 4392 1247 1758 102045 2058306 66 771977 116344 4392 14.0888671875 8.583984375 0.2431640625 1.5703125
map_2 77 0 5 5 5 1 1 0.001868292 0.003081667 0.0018774418 0.0030897498 0.001868 0.003079 0.0018752 0.0030866 9876 57924 1081 792 82377 2920613 48 156715 119526 57924 13.2783203125 3.8671875 0.19921875 1.435546875
map_3 77 1 5 5 5 1 1 0.003357125 0.001117583 0.0033702748 0.0011193998 0.003354 0.001117 0.0033676 0.0011186 17422 3919 2917 1199 180889 1258918 48 359126 212852 3919 22.2431640625 5.8544921875 0.3017578125 1.55859375
map_4 77 0 5 5 5 1 1 0.003073583 0.002780667 0.0030929998 0.0027796084 0.003072 0.002778 0.0030924 0.0027776 16408 6798 3534 2075 148559 3093446 135 1075635 195804 6797 25.255859375 10.1318359375 0.3134765625 1.447265625
map_5 77 1 5 5 5 1 1 0.002759417 0.00967675 0.002766875 0.0096762332 0.002759 0.009673 0.0027648 0.009672 14500 13441 1284 3966 125812 11192723 121 3932081 185963 13440 14.26953125 19.365234375 0.2255859375 2.5693359375
map_6 77 0 5 5 5 1 1 0.002549458 0.002883917 0.0025455416 0.0028822166 0.002548 0.002881 0.0025432 0.0028802 13435 9271 1901 2052 115217 3218138 96 1051990 161919 9271 17.2822265625 10.01953125 0.216796875 1.58203125
map_7 77 1 5 5 5 1 1 0.002905959 0.000638709 0.0029087254 0.0006384918 0.002902 0.000638 0.0029062 0.0006382 15325 2334 2740 1022 119422 646247 91 260930 197632 2334 21.37890625 4.990234375 0.2314453125 1.5556640625
map_8 77 0 5 5 5 1 1 0.002666792 0.000929792 0.0026675502 0.0009283502 0.002667 0.000928 0.0026654 0.0009266 13772 3508 1444 1181 158556 977606 78 348614 175394 3508 15.05078125 5.7666015625 0.228515625 1.634765625
map_9 77 1 5 5 5 1 1 0.003234417 0.004819334 0.0032520916 0.0048229168 0.003231 0.004817 0.0032504 0.0048204 17591 39165 2837 2470 156795 4976212 74 1524929 176710 39165 21.8525390625 12.060546875 0.2578125 1.5966796875
map_0 78 1 5 5 5 1 1 0.00114925 0.000511541 0.0011477252 0.0005170666 0.001146 0.000507 0.0011456 0.0005138 6071 1726 595 957 51855 491088 7 228840 69862 1726 10.9052734375 4.6728515625 0.1728515625 1.3798828125
map_1 78 0 5 5 5 1 1 0.002216625 0.000431958 0.002215925 0.0004336668 0.002214 0.000432 0.0022128 0.0004326 11470 1580 2114 914 118848 398989 166 208610 136753 1580 18.322265625 4.462890625 0.251953125 1.3505859375
map_2 78 1 5 5 5 1 1 0.001698458 0.002739833 0.001701983 0.002744783 0.001696 0.002739 0.0016998 0.002743 9019 22972 1020 1326 78617 3174426 106 439191 119964 22972 12.98046875 6.474609375 0.19921875 1.470703125
map_3 78 0 5 5 5 1 1 0.002722791 0.001078 0.0027372748 0.0010784836 0.002719 0.001076 0.002735 0.0010768 14181 3053 2790 1299 159773 1155169 73 421530 177517 3053 21.623046875 6.3427734375 0.2197265625 1.412109375
map_4 78 1 5 5 5 1 1 0.002889708 0.000790291 0.0029021082 0.0007901746 0.002889 0.000788 0.0029 0.0007888 15388 5189 3628 1078 151459 763804 161 290220 188755 5189 25.71484375 5.263671875 0.28125 1.4150390625
map_5 78 0 5 5 5 1 1 0.002317666 0.007281042 0.002316025 0.0072849918 0.002317 0.007278 0.002314 0.0072814 12162 23208 1672 3266 116303 8187396 173 2666180 159222 23208 16.1640625 15.947265625 0.234375 1.998046875
map_6 78 1 5 5 5 1 1 0.003678042 0.003955958 0.0036865584 0.0039571248 0.003675 0.003955 0.0036836 0.0039554 19260 7373 4926 2436 178227 4572849 471 1483340 245387 7373 32.052734375 11.89453125 0.2783203125 1.869140625
map_7 78 0 5 5 5 1 1 0.003080709 0.002323916 0.0030902752 0.0023232914 0.003077 0.002321 0.0030874 0.002321 16379 4542 3181 1973 105785 2546420 388 972518 208457 4542 23.5322265625 9.6337890625 0.26953125 1.3798828125
map_8 78 1 5 5 5 1 1 0.001599208 0.000250708 0.0016042586 0.0002514164 0.001597 0.00025 0.0016024 0.0002506 8151 1239 733 704 92623 213536 31 123893 100333 1239 11.5791015625 3.4375 0.2255859375 1.4150390625
map_9 78 0 5 5 5 1 1 0.002843708 0.009237625 0.0028578248 0.0092385334 0.002841 0.009235 0.0028556 0.0092372 15357 86311 2724 3267 141101 9512947 144 2668041 165944 86310 21.30078125 15.9521484375 0.2666015625 1.8779296875
map_0 79 0 5 5 5 1 1 0.002242542 0.001459125 0.002246375 0.00146095 0.002242 0.001457 0.0022464 0.0014584 12040 3562 950 1519 98946 1598267 27 576359 138853 3562 12.638671875 7.4169921875 0.2490234375 1.4150390625
map_1 79 1 5 5 5 1 1 0.003038875 0.00188075 0.0030530584 0.0018846584 0.003036 0.001877 0.00305 0.0018814 16281 7417 2300 1493 125058 2153740 56 556724 199694 7416 19.23046875 7.2900390625 0.251953125 1.6142578125
map_2 79 0 5 5 5 1 1 0.002600708 0.001562792 0.0026098668 0.0015631916 0.002598 0.001563 0.0026066 0.0015614 13772 7020 3270 1485 156144 1663460 224 551266 164268 7020 23.966796875 7.2509765625 0.3369140625 1.7431640625
map_3 79 1 5 5 5 1 1 0.003447041 0.014298875 0.0034778832 0.0142966334 0.003446 0.014298 0.003475 0.0142946 18617 15452 4051 4706 184716 16973738 475 5534836 218649 15451 27.7802734375 22.978515625 0.228515625 1.787109375
map_4 79 0 5 5 5 1 1 0.002938 0.003316083 0.0029460584 0.0033163498 0.002935 0.003314 0.002943 0.0033138 15569 21572 3571 2167 145743 3412160 163 1173692 181999 21572 25.4365234375 10.5810546875 0.2841796875 1.529296875
map_5 79 1 5 5 5 1 1 0.00165275 0.0041165 0.0016582666 0.0041201 0.001652 0.004113 0.0016562 0.0041164 8759 13095 864 2436 77036 4617566 37 1483307 95609 13095 12.21875 11.89453125 0.216796875 2.02734375
map_6 79 0 5 5 5 1 1 0.003727083 0.012951375 0.0037371748 0.01294905 0.003725 0.012949 0.0037356 0.0129462 19876 95916 4670 3397 155537 14738860 507 2883718 237829 95915 30.802734375 16.5869140625 0.275390625 1.7607421875
map_7 79 1 5 5 5 1 1 0.00344925 0.00253 0.0034560502 0.0025299252 0.003446 0.002529 0.0034542 0.0025278 18162 5216 3659 1935 153504 2895513 316 935956 227100 5216 25.8662109375 9.4482421875 0.234375 1.8017578125
map_8 79 0 5 5 5 1 1 0.002715416 0.003523292 0.0027213418 0.0035228582 0.002713 0.003521 0.0027202 0.0035208 14202 14685 1931 2254 146899 3851790 133 1270031 179508 14684 17.4287109375 11.005859375 0.251953125 1.845703125
map_9 79 1 5 5 5 1 1 0.003220167 0.002564083 0.0032295832 0.0025657832 0.003217 0.002563 0.003227 0.0025634 17285 27188 3555 1685 189299 2535198 150 709115 180060 27188 25.3583984375 8.2275390625 0.33984375 1.3974609375
map_0 80 1 5 5 5 1 1 0.001738125 0.009929875 0.0017457416 0.0099146248 0.001735 0.00993 0.0017436 0.0099142 9365 11011 1652 3942 77289 11511896 14 3883785 106875 11010 16.06640625 19.248046875 0.2109375 1.6904296875
map_1 80 0 5 5 5 1 1 0.002745666 0.003054042 0.0027528246 0.0030572916 0.002742 0.003051 0.0027498 0.0030544 14637 12028 3253 2163 114194 3280008 83 1168962 185886 12027 23.8837890625 10.5615234375 0.228515625 1.5966796875
map_2 80 1 5 5 5 1 1 0.00312225 0.00164325 0.0031455248 0.0016437666 0.00312 0.001643 0.0031424 0.0016422 16575 32328 2890 812 178054 1424974 289 164712 185327 32328 22.111328125 3.96484375 0.216796875 1.3740234375
map_3 80 0 5 5 5 1 1 0.002703667 0.000595042 0.0027129334 0.0005942418 0.002701 0.000592 0.0027098 0.0005922 14360 2222 2659 1012 132214 581926 81 255774 180674 2222 20.9833984375 4.94140625 0.2314453125 1.412109375
map_4 80 1 5 5 5 1 1 0.003052708 0.003212709 0.0030612668 0.0032127498 0.003052 0.003211 0.0030586 0.0032108 16166 9362 2993 2170 165944 3622047 187 1176832 181355 9362 22.6142578125 10.595703125 0.2666015625 1.658203125
map_5 80 0 5 5 5 1 1 0.001719042 0.005001125 0.0017284918 0.0050045168 0.001715 0.005 0.001725 0.0050022 9080 43070 1494 2097 99232 5476531 137 1099054 111089 43070 15.294921875 10.2392578125 0.2138671875 1.7958984375
map_6 80 1 5 5 5 1 1 0.002166166 0.006324 0.0021717582 0.0063224498 0.002166 0.006321 0.0021702 0.0063196 11560 107179 1649 1186 122030 6308195 296 351420 116370 107179 16.0517578125 5.791015625 0.2255859375 1.5029296875
map_7 80 0 5 5 5 1 1 0.003054709 0.012036917 0.003063075 0.01204865 0.003052 0.012037 0.0030606 0.0120462 16320 12364 2595 4292 122669 14353960 39 4605217 192964 12363 20.6708984375 20.95703125 0.2841796875 2.4169921875
map_8 80 1 5 5 5 1 1 0.002211333 0.016443417 0.0022106 0.0164512582 0.002211 0.016441 0.0022078 0.0164486 11758 69203 1951 4218 102932 19782400 386 4445951 140370 69202 17.5263671875 20.595703125 0.2783203125 1.7314453125
map_9 80 0 5 5 5 1 1 0.002388542 0.00293125 0.0024018082 0.0029299584 0.002385 0.00293 0.0023986 0.0029282 12783 6292 2211 1971 124201 3473173 4 970932 140550 6292 18.7958984375 9.6240234375 0.2490234375 1.7724609375
map_0 81 0 5 5 5 1 1 0.00380525 0.002151917 0.0038143666 0.002146842 0.003805 0.002149 0.0038116 0.0021446 20216 21892 3812 1349 213388 2193037 380 454635 233822 21892 26.61328125 6.5869140625 0.2607421875 1.53515625
map_1 81 1 5 5 5 1 1 0.002924209 0.001448458 0.0029373 0.0014462832 0.002922 0.001448 0.0029354 0.001446 15285 3296 2702 1664 186740 1450122 79 692128 175052 3296 21.193359375 8.125 0.2578125 1.6640625
map_2 81 0 5 5 5 1 1 0.002397208 0.002105958 0.0024122084 0.0021084084 0.002394 0.002104 0.0024104 0.0021068 12697 39020 2323 1111 111086 1811698 30 308547 160452 39020 19.3427734375 5.4248046875 0.3193359375 1.5673828125
map_3 81 1 5 5 5 1 1 0.003227416 0.001994958 0.0032322416 0.0019948332 0.003223 0.001992 0.0032302 0.0019918 17041 13056 3013 1668 173051 2041079 106 694927 215886 13056 22.7119140625 8.14453125 0.263671875 1.4033203125
map_4 81 0 5 5 5 1 1 0.003145583 0.00149425 0.0031505834 0.0014934248 0.003145 0.001491 0.0031502 0.0014918 16802 3934 4015 1541 153524 1623958 253 593329 200887 3934 27.6044921875 7.5244140625 0.2841796875 1.5263671875
map_5 81 1 5 5 5 1 1 0.002248625 0.001335959 0.0022589 0.0013376 0.002247 0.001334 0.0022568 0.0013344 11748 4185 2169 1355 164716 1491627 282 458958 128363 4185 18.5908203125 6.6162109375 0.2255859375 1.693359375
map_6 81 0 5 5 5 1 1 0.00310425 0.000320625 0.0031061334 0.00032055 0.003104 0.000321 0.0031058 0.00032 16626 1311 3002 825 136662 272366 386 170070 201702 1311 22.658203125 4.0283203125 0.2255859375 1.3828125
map_7 81 1 5 5 5 1 1 0.003268917 0.001108416 0.0032901584 0.0011077666 0.003268 0.001108 0.0032896 0.0011076 17548 3332 3255 1305 138031 1191980 206 425707 202860 3332 23.8935546875 6.3720703125 0.2431640625 1.5966796875
map_8 81 0 5 5 5 1 1 0.002677792 0.001182583 0.0026872918 0.0011818832 0.002674 0.00118 0.0026842 0.0011802 14174 4490 2798 1237 161589 1306797 226 382300 160788 4490 21.662109375 6.0400390625 0.24609375 1.5966796875
map_9 81 1 5 5 5 1 1 0.003404375 0.000271541 0.0034175498 0.0002710414 0.003401 0.00027 0.0034146 0.0002702 18603 1156 3898 741 180329 234653 72 137202 186400 1156 27.033203125 3.6181640625 0.2548828125 1.3447265625
map_0 82 1 5 5 5 1 1 0.002390666 0.004889042 0.0023977914 0.0048987086 0.00239 0.004885 0.0023958 0.0048954 12562 32552 2078 1734 122411 5940818 133 751082 154030 32552 18.146484375 8.466796875 0.2021484375 1.7900390625
map_1 82 0 5 5 5 1 1 0.003076 0.001808333 0.00307515 0.0018099416 0.003075 0.001806 0.0030736 0.0018074 16172 4316 3620 1696 153084 1987967 326 718714 199145 4316 25.67578125 8.28125 0.234375 1.623046875
map_2 82 1 5 5 5 1 1 0.002775334 0.001478166 0.0027848086 0.0014784 0.002774 0.001475 0.0027834 0.0014768 14512 22178 2704 1100 178084 1329069 33 302314 177557 22178 21.203125 5.37109375 0.240234375 1.669921875
map_3 82 0 5 5 5 1 1 0.003508958 0.000332333 0.00353095 0.00033355 0.003506 0.000332 0.003528 0.0003326 18382 1420 3403 794 203599 300584 250 157607 239354 1420 24.6162109375 3.876953125 0.2431640625 1.376953125
map_4 82 1 5 5 5 1 1 0.00241525 0.003013584 0.0024308666 0.0030137166 0.002412 0.00301 0.0024286 0.0030116 13000 5200 2638 2285 119910 3311205 205 1304489 150427 5200 20.880859375 11.1572265625 0.2841796875 1.341796875
map_5 82 0 5 5 5 1 1 0.002101583 0.026232042 0.0021079916 0.0262508254 0.002098 0.026229 0.0021052 0.026247 11128 150214 1929 5201 108350 30366033 26 6762408 122787 150210 17.4189453125 25.3955078125 0.1962890625 1.927734375
map_6 82 1 5 5 5 1 1 0.003129541 0.004859875 0.003141725 0.0048584334 0.003127 0.004856 0.0031392 0.0048554 17012 8060 3262 2784 130129 5552625 545 1937128 200154 8059 23.927734375 13.59375 0.3046875 1.7841796875
map_7 82 0 5 5 5 1 1 0.003297042 0.006264917 0.003290025 0.0062698502 0.003294 0.006261 0.0032858 0.0062656 17237 8270 3478 3269 146922 7064150 228 2670629 207376 8270 24.982421875 15.9619140625 0.275390625 1.998046875
map_8 82 1 5 5 5 1 1 0.002729333 0.00030875 0.0027408914 0.0003088584 0.002727 0.000307 0.0027386 0.0003078 14482 2518 3185 713 140954 261860 118 127088 171711 2518 23.5517578125 3.4814453125 0.26953125 1.388671875
map_9 82 0 5 5 5 1 1 0.0040915 0.002464333 0.0040924998 0.0024620582 0.004089 0.002461 0.0040896 0.002458 21395 57411 3670 1308 255154 1771085 176 427493 228051 57411 25.919921875 6.38671875 0.2900390625 1.53515625
map_0 83 0 5 5 5 1 1 0.003124834 0.001536833 0.0031343168 0.0015430832 0.003123 0.001536 0.0031334 0.0015416 16981 3719 3505 1666 134967 1598831 211 693171 196455 3719 25.1142578125 8.134765625 0.310546875 1.3505859375
map_1 83 1 5 5 5 1 1 0.002579541 0.003311625 0.0025869332 0.0033284502 0.002576 0.00331 0.002584 0.0033258 13628 5848 1810 2330 123823 3696455 140 1356959 151868 5848 16.837890625 11.376953125 0.2431640625 1.828125
map_2 83 0 5 5 5 1 1 0.003386292 0.000658666 0.0034054834 0.0006583832 0.003383 0.000658 0.0034034 0.0006576 17984 4912 3662 750 168107 713651 207 140592 212781 4912 25.880859375 3.662109375 0.216796875 1.400390625
map_3 83 1 5 5 5 1 1 0.004607709 0.001255834 0.0046299584 0.0012555252 0.004607 0.001255 0.0046294 0.001255 23884 3422 5535 1381 286936 1382130 677 476321 289675 3422 35.0263671875 6.7431640625 0.2958984375 1.4091796875
map_4 83 0 5 5 5 1 1 0.002591209 0.000369875 0.0026099002 0.0003700582 0.002589 0.000369 0.0026074 0.0003696 13995 1948 3294 772 133854 349638 63 148977 164860 1948 24.083984375 3.76953125 0.263671875 1.4501953125
map_5 83 1 5 5 5 1 1 0.001494792 0.000788416 0.0015004668 0.000787533 0.001493 0.000786 0.001498 0.0007862 7825 2492 1095 1156 93117 804038 61 333756 89844 2492 13.3466796875 5.64453125 0.1845703125 1.4794921875
map_6 83 0 5 5 5 1 1 0.003376209 0.008633875 0.0033852332 0.0086394002 0.003377 0.008631 0.0033836 0.0086368 17692 10372 3374 3776 197493 9960759 72 3564129 210225 10371 24.474609375 18.4375 0.2255859375 1.5966796875
map_7 83 1 5 5 5 1 1 0.002694625 0.000567542 0.0026986584 0.0005660248 0.002692 0.000567 0.0026952 0.0005644 14154 1962 1897 983 124390 553676 82 241367 159885 1962 17.2626953125 4.7998046875 0.2080078125 1.3623046875
map_8 83 0 5 5 5 1 1 0.002701125 0.001400833 0.0027085166 0.001401333 0.002701 0.001398 0.0027074 0.0013988 14058 18750 1868 964 187393 1376188 131 232215 160652 18750 17.12109375 4.70703125 0.205078125 1.541015625
map_9 83 1 5 5 5 1 1 0.003154042 0.002648541 0.0031663748 0.0026523 0.003151 0.002648 0.003165 0.0026498 16654 58044 3188 1347 206402 2008111 149 453191 179313 58044 23.56640625 6.5771484375 0.287109375 1.3505859375
map_0 84 1 5 5 5 1 1 0.00180025 0.004294416 0.0018041252 0.0042974414 0.001797 0.004291 0.0018012 0.0042944 9624 48412 1205 1067 71231 4892934 41 284398 109841 48412 13.8837890625 5.2099609375 0.2109375 1.4267578125
map_1 84 0 5 5 5 1 1 0.001606375 0.003437916 0.0016187586 0.003440108 0.001604 0.003438 0.0016168 0.0034382 8626 7072 1323 2305 69250 3873730 20 1327964 94607 7072 14.4599609375 11.2548828125 0.1845703125 1.8017578125
map_2 84 1 5 5 5 1 1 0.002340042 0.002993917 0.0023397084 0.0029946836 0.002338 0.002993 0.0023374 0.0029936 12085 16931 1740 1290 146097 3733963 67 415893 152989 16931 16.49609375 6.298828125 0.234375 1.6083984375
map_3 84 0 5 5 5 1 1 0.003699375 0.005040541 0.0037109416 0.0050496998 0.003696 0.00504 0.0037082 0.005048 19072 7897 3111 2817 234582 5799870 205 1983720 234434 7895 23.1904296875 13.7548828125 0.2900390625 1.4765625
map_4 84 1 5 5 5 1 1 0.001996375 0.003834959 0.0020016334 0.0038484418 0.001993 0.003832 0.0019982 0.0038456 10476 35872 1962 1196 101266 4567072 34 357376 130586 35870 17.580078125 5.83984375 0.22265625 1.4912109375
map_5 84 0 5 5 5 1 1 0.00176475 0.001389583 0.001777175 0.001389525 0.001763 0.001388 0.0017746 0.0013882 9139 21522 1524 950 101873 1270011 152 225553 107207 21522 15.44140625 4.638671875 0.234375 1.505859375
map_6 84 1 5 5 5 1 1 0.003349167 0.002092292 0.0033621584 0.002091975 0.003346 0.002089 0.0033574 0.0020894 17360 4407 3517 1817 181717 2334873 336 824764 203868 4406 25.1728515625 8.8720703125 0.2958984375 1.4560546875
map_7 84 0 5 5 5 1 1 0.002284584 0.000380833 0.0023038418 0.000380575 0.002282 0.000379 0.0023014 0.0003798 12078 1571 1843 825 143009 357651 112 170069 144121 1571 16.9990234375 4.0283203125 0.2431640625 1.3828125
map_8 84 1 5 5 5 1 1 0.001922792 0.00043475 0.0019308752 0.000435025 0.00192 0.000433 0.0019278 0.0004344 10147 3872 1519 743 104277 402734 58 137934 125451 3872 15.4169921875 3.6279296875 0.240234375 1.3681640625
map_9 84 0 5 5 5 1 1 0.002980833 0.0031545 0.0030004248 0.003152675 0.002977 0.003151 0.002998 0.0031498 15769 6404 2532 2129 175755 3660670 124 1132361 174708 6403 20.36328125 10.3955078125 0.251953125 1.59375
map_0 85 0 5 5 5 1 1 0.003224167 0.000257083 0.0032325834 0.0002569334 0.003221 0.000256 0.0032296 0.0002558 16844 1067 2712 749 148123 213194 273 140210 207590 1067 21.2421875 3.6572265625 0.2373046875 1.3212890625
map_1 85 1 5 5 5 1 1 0.002673 0.002181875 0.0026822334 0.0021838416 0.002673 0.002178 0.0026816 0.0021806 14486 12729 2793 1533 126145 2441699 88 587371 174973 12729 21.6376953125 7.4853515625 0.240234375 1.8837890625
map_2 85 0 5 5 5 1 1 0.001643833 0.011502542 0.001651375 0.011591275 0.001641 0.011499 0.0016482 0.011589 8584 169946 1165 2374 89655 11588369 48 1408719 101825 169945 13.6884765625 11.591796875 0.1962890625 1.810546875
map_3 85 1 5 5 5 1 1 0.002330292 0.002099959 0.0023505084 0.0021010506 0.00233 0.002097 0.0023482 0.0020982 12242 4726 1974 1775 118111 2376658 116 787122 156608 4726 17.638671875 8.6669921875 0.2021484375 1.5556640625
map_4 85 0 5 5 5 1 1 0.001612708 0.000295333 0.0016148166 0.0002947752 0.00161 0.000293 0.0016122 0.0002934 8287 1276 812 719 102869 251715 95 129174 101266 1276 11.96484375 3.5107421875 0.24609375 1.341796875
map_5 85 1 5 5 5 1 1 0.000711958 0.006804458 0.0007114414 0.006804375 0.000711 0.0068 0.0007088 0.006801 3717 14395 350 3258 32554 7771820 9 2653542 42464 14395 9.708984375 15.908203125 0.1904296875 2.09765625
map_6 85 0 5 5 5 1 1 0.002316667 0.000714041 0.002324775 0.0007144164 0.002315 0.000712 0.0023222 0.0007126 12204 2528 1512 1065 123932 732264 5 283524 144729 2528 15.3828125 5.2001953125 0.240234375 1.640625
map_7 85 1 5 5 5 1 1 0.003641666 0.004232959 0.0036660834 0.0042335668 0.003638 0.004232 0.0036642 0.0042316 19411 6339 3492 2703 147524 4718922 466 1826072 231004 6339 25.05078125 13.1982421875 0.287109375 1.8515625
map_8 85 0 5 5 5 1 1 0.00261775 0.000943083 0.00264655 0.0009448584 0.002615 0.000942 0.002644 0.000943 13971 4041 2723 1077 121934 1010383 237 289793 183473 4041 21.2958984375 5.2587890625 0.2021484375 1.4912109375
map_9 85 1 5 5 5 1 1 0.003347792 0.007991375 0.0033632252 0.0079936914 0.003344 0.007989 0.0033604 0.0079912 18320 28411 3146 3338 155264 9137119 213 2784466 195013 28411 23.361328125 16.298828125 0.2607421875 1.693359375
map_0 86 1 5 5 5 1 1 0.0023565 0.00037025 0.002363867 0.0003709004 0.002353 0.00037 0.002362 0.00037 12365 1409 1771 838 138430 341544 211 175470 139649 1409 16.6474609375 4.091796875 0.234375 1.4765625
map_1 86 0 5 5 5 1 1 0.003098958 0.003304042 0.0031106166 0.00330865 0.003097 0.003301 0.003108 0.0033058 16633 7842 4161 2139 129704 3843395 387 1143681 200470 7841 28.3173828125 10.4443359375 0.322265625 1.822265625
map_2 86 1 5 5 5 1 1 0.001756084 0.00224725 0.001765275 0.0022477918 0.001754 0.002247 0.0017638 0.0022466 9179 18250 1122 1668 112282 2282505 24 695341 105156 18250 13.478515625 8.14453125 0.2373046875 1.5791015625
map_3 86 0 5 5 5 1 1 0.002859375 0.000272166 0.002852475 0.0002717584 0.002857 0.00027 0.0028482 0.0002708 14971 1241 1799 732 125715 233252 72 133936 193035 1241 16.7841796875 3.57421875 0.28125 1.423828125
map_4 86 1 5 5 5 1 1 0.003211833 0.001223792 0.0032176416 0.0012316332 0.003208 0.001224 0.0032146 0.0012292 16199 3584 3090 1307 187684 1358666 161 426641 199350 3584 23.087890625 6.3818359375 0.3046875 1.5703125
map_5 86 0 5 5 5 1 1 0.001441875 0.001305375 0.001443608 0.0013195998 0.001441 0.001302 0.001443 0.0013092 7573 3227 930 1479 62675 1350267 8 546355 83301 3227 12.541015625 7.2216796875 0.228515625 1.4208984375
map_6 86 1 5 5 5 1 1 0.002807667 0.002078542 0.00280205 0.0020835918 0.002807 0.002078 0.0028012 0.0020824 15123 4794 2636 1795 129589 2315796 337 804796 172655 4794 20.87109375 8.7646484375 0.228515625 1.400390625
map_7 86 0 5 5 5 1 1 0.002046125 0.007461375 0.0020526834 0.0074616336 0.002047 0.007462 0.002052 0.0074616 10686 11824 1240 3311 114069 8820118 22 2740531 124379 11824 14.0546875 16.1669921875 0.2490234375 1.3212890625
map_8 86 1 5 5 5 1 1 0.002769709 0.000725708 0.002775625 0.0007262668 0.002766 0.000725 0.0027736 0.0007258 14782 2498 2907 1101 132918 737731 171 302744 180867 2498 22.1943359375 5.3759765625 0.28125 1.400390625
map_9 86 0 5 5 5 1 1 0.003215916 0.002568625 0.0032213916 0.0025812668 0.003215 0.002566 0.0032184 0.0025792 17080 34821 3759 1634 230489 2336910 478 666927 176640 34819 26.3544921875 7.978515625 0.2548828125 1.470703125
map_0 87 0 5 5 5 1 1 0.002458125 0.003039042 0.0024657082 0.0030460168 0.002455 0.003038 0.002463 0.0030444 13080 5932 2014 2122 137947 3483554 541 1124912 150023 5932 17.833984375 10.361328125 0.2373046875 1.4384765625
map_1 87 1 5 5 5 1 1 0.002286125 0.001191458 0.002304442 0.00119155 0.002283 0.001189 0.0023016 0.0011896 12136 3099 2121 1439 113238 1243160 292 517412 137619 3098 18.3564453125 7.0263671875 0.2431640625 1.505859375
map_2 87 0 5 5 5 1 1 0.004020291 0.003385791 0.0040216 0.0033855914 0.004013 0.003382 0.0040178 0.0033828 20824 19071 4197 1737 203241 4001230 165 753993 260321 19071 28.4931640625 8.4814453125 0.228515625 1.6669921875
map_3 87 1 5 5 5 1 1 0.002947333 0.003696208 0.0029527168 0.0036961834 0.002941 0.003693 0.0029488 0.0036934 14987 6789 2675 2405 168137 4203777 421 1445279 188661 6789 21.0615234375 11.7431640625 0.2138671875 1.4296875
map_4 87 0 5 5 5 1 1 0.0024985 0.008354583 0.0025023002 0.0083570252 0.002499 0.008352 0.002501 0.0083554 13316 9643 2255 3703 143946 9666492 39 3427097 151211 9642 19.0107421875 18.0810546875 0.275390625 1.751953125
map_5 87 1 5 5 5 1 1 0.001491667 0.00116 0.0014980914 0.0011596498 0.001488 0.001158 0.0014958 0.0011584 7947 3131 952 1412 79497 1208161 19 498361 82208 3131 12.6484375 6.89453125 0.2373046875 1.5439453125
map_6 87 0 5 5 5 1 1 0.003951583 0.001546667 0.0039668332 0.0015471584 0.003949 0.001544 0.0039638 0.0015444 21077 3938 5596 1617 186623 1649690 926 653427 258427 3938 35.32421875 7.8955078125 0.3017578125 1.6611328125
map_7 87 1 5 5 5 1 1 0.002703166 0.000530709 0.0027099912 0.0005323334 0.002699 0.00053 0.0027068 0.0005316 14356 2051 2931 917 107663 538856 84 210160 188293 2051 22.3115234375 4.4775390625 0.234375 1.470703125
map_8 87 0 5 5 5 1 1 0.00312675 0.000742625 0.0031323168 0.0007425248 0.003126 0.000741 0.0031296 0.0007406 16379 3420 3629 1088 156684 742507 246 295925 194202 3420 25.7197265625 5.3125 0.251953125 1.5703125
map_9 87 1 5 5 5 1 1 0.002041041 0.019286625 0.0020456082 0.0193006584 0.002038 0.019284 0.002043 0.019297 10743 76762 1043 5402 119481 21570861 25 7295126 107832 76760 13.0927734375 26.376953125 0.234375 2.23828125
map_0 88 1 5 5 5 1 1 0.002249167 0.00263375 0.0022596334 0.0026340918 0.002247 0.00263 0.0022568 0.0026314 12115 6393 1877 1900 94034 3061184 124 902109 149279 6393 17.1650390625 9.27734375 0.1875 1.6376953125
map_1 88 0 5 5 5 1 1 0.002565667 0.000349542 0.0025840414 0.0003502 0.002563 0.000349 0.0025826 0.0003496 13754 1413 2962 826 119098 315574 57 170518 169028 1413 22.462890625 4.033203125 0.2255859375 1.388671875
map_2 88 1 5 5 5 1 1 0.003189458 0.000402958 0.003197858 0.0004029666 0.003186 0.000402 0.0031946 0.0004024 16843 3790 3835 774 166627 348650 168 149768 207177 3790 26.7255859375 3.779296875 0.29296875 1.4501953125
map_3 88 0 5 5 5 1 1 0.0035905 0.000497875 0.00359525 0.00049715 0.003587 0.000495 0.003591 0.0004958 18768 2221 4203 873 175714 496705 143 190503 236481 2221 28.5224609375 4.2626953125 0.2841796875 1.482421875
map_4 88 1 5 5 5 1 1 0.003323292 0.004225125 0.0033217254 0.0042255668 0.003321 0.004223 0.0033192 0.0042214 17199 7876 3468 2495 202236 4909491 284 1555218 219209 7876 24.93359375 12.1826171875 0.3134765625 1.7431640625
map_5 88 0 5 5 5 1 1 0.0021815 0.005071958 0.0022004498 0.0050728168 0.002178 0.005069 0.0021978 0.0050698 11653 55892 1962 1913 112789 5368657 519 914125 132464 55891 17.580078125 9.3408203125 0.2109375 1.4091796875
map_6 88 1 5 5 5 1 1 0.00217025 0.002298625 0.0021754002 0.0022997334 0.002168 0.002295 0.002173 0.0022968 11066 5114 1062 1809 162584 2648145 1 817703 128695 5114 13.185546875 8.8330078125 0.2255859375 1.623046875
map_7 88 0 5 5 5 1 1 0.003991833 0.022941125 0.0040030666 0.0229565418 0.003988 0.022937 0.004 0.0229532 21380 18361 3894 5697 151203 28342565 45 8111956 248716 18359 27.013671875 27.8173828125 0.240234375 1.7109375
map_8 88 1 5 5 5 1 1 0.002873666 0.00214225 0.0028870166 0.0021443414 0.002871 0.002139 0.0028836 0.0021412 15297 23736 3188 1435 119444 2123319 449 514471 194083 23736 23.56640625 7.0068359375 0.2666015625 1.5029296875
map_9 88 0 5 5 5 1 1 0.003600333 0.002808083 0.0036164748 0.0028115334 0.003598 0.002807 0.0036134 0.002809 18886 38529 3735 1380 236889 2774507 308 476037 209412 38529 26.2373046875 6.73828125 0.2783203125 1.7431640625
map_0 89 0 5 5 5 1 1 0.002172958 0.007041583 0.0021805834 0.0070517914 0.002172 0.007041 0.002178 0.007049 11550 14123 1091 2600 95903 9117368 205 1688902 129546 14123 13.3271484375 12.6953125 0.2021484375 1.5322265625
map_1 89 1 5 5 5 1 1 0.002750542 0.000561417 0.0027551248 0.000562275 0.002748 0.00056 0.0027522 0.0005608 14770 1988 3299 979 116711 557519 694 239325 175118 1988 24.1083984375 4.7802734375 0.2548828125 1.40625
map_2 89 0 5 5 5 1 1 0.003687042 0.000496416 0.0036873834 0.0004984414 0.003685 0.000496 0.0036846 0.0004978 19199 2712 5514 885 249511 470061 482 195659 239864 2712 34.923828125 4.3212890625 0.240234375 1.4208984375
map_3 89 1 5 5 5 1 1 0.002665458 0.006548458 0.0026689914 0.006578075 0.002663 0.006542 0.0026662 0.0065732 13771 10384 2018 2834 151913 8054534 106 2007138 176387 10383 17.853515625 13.837890625 0.29296875 1.9775390625
map_4 89 0 5 5 5 1 1 0.00297575 0.000400458 0.0030100916 0.0004003498 0.002967 0.0004 0.002992 0.000399 15123 1742 2753 847 141324 374275 111 179332 172220 1742 21.4423828125 4.1357421875 0.2314453125 1.576171875
map_5 89 1 5 5 5 1 1 0.001237625 0.001260042 0.0012384002 0.0012661166 0.001235 0.001249 0.0012362 0.0012616 6262 4858 494 1310 84612 1324449 155 428880 75235 4857 10.412109375 6.396484375 0.205078125 1.6669921875
map_6 89 0 5 5 5 1 1 0.00403925 0.001585792 0.0040624998 0.0015826668 0.004039 0.001582 0.0040588 0.0015806 20893 4708 4015 1310 240654 1868586 189 428965 247657 4708 27.6044921875 6.396484375 0.328125 1.5029296875
map_7 89 1 5 5 5 1 1 0.003380375 0.005060958 0.0033813582 0.0050798 0.003368 0.005061 0.0033708 0.0050774 16843 7045 2631 2947 150143 5674129 319 2169923 193438 7045 20.8466796875 14.3896484375 0.2490234375 1.517578125
map_8 89 0 5 5 5 1 1 0.002091166 0.002100125 0.0021038666 0.0021054164 0.002089 0.0021 0.0021016 0.002103 10902 4958 1283 1821 101053 2314819 125 828294 127875 4958 14.2646484375 8.8916015625 0.2109375 1.5966796875
map_9 89 1 5 5 5 1 1 0.002902625 0.004214292 0.00293645 0.0042162666 0.002902 0.004214 0.0029346 0.0042136 15147 28427 3647 2481 142465 4311819 292 1537665 166064 28427 25.8076171875 12.1142578125 0.2578125 1.37109375
map_0 90 1 5 5 5 1 1 0.002782291 0.000869333 0.0028284166 0.0008697916 0.002779 0.00087 0.0028256 0.0008694 14359 2302 4287 1328 118668 839297 264 440742 171640 2302 28.9326171875 6.484375 0.263671875 1.5205078125
map_1 90 0 5 5 5 1 1 0.002200667 0.002300167 0.0022074252 0.0023085836 0.002197 0.002298 0.002204 0.0023074 11555 4864 1453 1897 87587 2568236 88 898814 141745 4864 15.0947265625 9.2626953125 0.216796875 1.365234375
map_2 90 1 5 5 5 1 1 0.001498875 0.000852709 0.001499025 0.0008534754 0.001495 0.000851 0.0014964 0.0008512 7809 15362 959 791 71048 704377 21 156371 98909 15362 12.6826171875 3.8623046875 0.193359375 1.3271484375
map_3 90 0 5 5 5 1 1 0.003691042 0.003440542 0.0036849166 0.003466542 0.003691 0.003438 0.0036814 0.0034632 19259 7182 4421 2244 187060 3954385 460 1258158 229273 7182 29.5869140625 10.95703125 0.310546875 1.6201171875
map_4 90 1 5 5 5 1 1 0.003401167 0.002674333 0.003411217 0.0026777834 0.003398 0.002672 0.0034082 0.0026754 17996 5596 3007 2010 198537 3041508 465 1009492 207235 5596 22.6826171875 9.814453125 0.3427734375 1.5498046875
map_5 90 0 5 5 5 1 1 0.001094458 0.001771916 0.0010966502 0.0017715166 0.001095 0.00177 0.0010956 0.001769 5783 5015 703 1429 48912 2111160 63 510094 64057 5014 11.4326171875 6.9775390625 0.1611328125 1.5791015625
map_6 90 1 5 5 5 1 1 0.002079459 0.002310917 0.0020889748 0.0023100418 0.002076 0.002307 0.0020864 0.002306 11200 34413 1675 1029 83288 2265499 12 264614 130325 34413 16.1787109375 5.0244140625 0.2314453125 1.505859375
map_7 90 0 5 5 5 1 1 0.00259425 0.000408625 0.0025974082 0.0004144334 0.002591 0.000408 0.0025944 0.0004134 13567 1745 1564 829 131397 382019 69 171802 164454 1745 15.63671875 4.0478515625 0.2255859375 1.423828125
map_8 90 1 5 5 5 1 1 0.004009333 0.001231167 0.0040299084 0.0012320336 0.004007 0.001228 0.0040278 0.0012286 21088 18607 4448 817 193123 1177239 223 166813 261130 18607 29.71875 3.9892578125 0.3017578125 1.376953125
map_9 90 0 5 5 5 1 1 0.002675209 0.002732417 0.00268595 0.002733067 0.002672 0.002731 0.002684 0.0027308 14113 63415 2927 1401 167036 2053743 12 490464 154874 63415 22.2919921875 6.8408203125 0.2724609375 1.4677734375
map_0 91 0 5 5 5 1 1 0.002425708 0.001665458 0.00243245 0.0016767662 0.002422 0.001665 0.00243 0.0016756 12830 5524 1903 1717 112049 1696674 116 736413 154418 5524 17.2919921875 8.3837890625 0.2021484375 1.5
map_1 91 1 5 5 5 1 1 0.002612083 0.001229334 0.0026238834 0.0012287586 0.002612 0.001227 0.0026218 0.0012278 13654 3435 1862 1403 150884 1314411 205 491692 158287 3435 17.091796875 6.8505859375 0.2314453125 1.564453125
map_2 91 0 5 5 5 1 1 0.001821 0.009115708 0.0018269666 0.0091126666 0.001821 0.009112 0.0018242 0.0091094 9290 95284 1504 2687 124958 9709748 87 1804876 117612 95284 15.34375 13.1201171875 0.2197265625 1.6494140625
map_3 91 1 5 5 5 1 1 0.004103666 0.00044325 0.0041113582 0.0004441082 0.0041 0.000442 0.004108 0.0004428 21467 1687 4567 902 241411 418019 183 203268 269716 1687 30.2998046875 4.404296875 0.3369140625 1.40625
map_4 91 0 5 5 5 1 1 0.003347917 0.004238542 0.0033680334 0.0042529336 0.003346 0.004236 0.0033646 0.0042512 17344 10350 3588 2485 247526 4848948 280 1543277 209717 10348 25.51953125 12.1337890625 0.263671875 1.9599609375
map_5 91 1 5 5 5 1 1 0.001778292 0.001498 0.0017806084 0.0014984 0.001775 0.001495 0.0017778 0.001497 9264 3731 758 1547 102352 1632155 218 598293 112144 3731 11.701171875 7.5537109375 0.2080078125 1.76953125
map_6 91 0 5 5 5 1 1 0.00272175 0.000952666 0.0027261416 0.0009537166 0.002719 0.00095 0.0027236 0.0009514 14429 14445 3293 797 130780 879759 54 158704 181337 14445 24.0791015625 3.8916015625 0.26953125 1.3974609375
map_7 91 1 5 5 5 1 1 0.003351625 0.001077041 0.0033717086 0.001076775 0.003349 0.001075 0.003369 0.001075 17887 3173 4641 1293 134416 1157337 191 417633 234493 3173 30.6611328125 6.3134765625 0.2958984375 1.4736328125
map_8 91 0 5 5 5 1 1 0.002067291 0.001171708 0.0020572582 0.0011741334 0.002063 0.001171 0.0020528 0.0011728 10652 11119 1476 1207 109390 1122694 488 363909 131047 11119 15.20703125 5.8935546875 0.22265625 1.412109375
map_9 91 1 5 5 5 1 1 0.002679833 0.001439667 0.0026872248 0.0014402248 0.002677 0.001437 0.0026848 0.001438 14120 28769 1955 847 157863 1204085 55 179302 133933 28769 17.5458984375 4.1357421875 0.24609375 1.4794921875
