# map seed opt_first repeats opt_success con_success opt_deterministic con_deterministic opt_run_time con_run_time opt_wall_mean con_wall_mean opt_cpu_time con_cpu_time opt_cpu_mean con_cpu_mean opt_iterations con_iterations opt_nodes con_nodes opt_nn_checks con_nn_checks opt_connection_checks con_connection_checks opt_collision_checks con_collision_checks opt_tree_mem con_tree_mem opt_path_mem con_path_mem
map_0 42 1 5 5 5 1 1 0.000936417 0.001176375 0.0009365002 0.0011760336 0.000936 0.001174 0.0009352 0.0011744 4984 2172 3145 1800 26261 986595 18 809438 75991 2172 23.3564453125 8.7890625 0.1962890625 1.41796875
map_1 42 0 5 5 5 1 1 0.001075125 0.000551458 0.0010602084 0.0005517668 0.001073 0.00055 0.0010582 0.0005508 5763 1534 4875 1154 27234 475980 301 332631 85786 1534 31.8037109375 5.634765625 0.19921875 1.4443359375
map_2 42 1 5 5 5 1 1 0.000928875 0.000954583 0.0009352834 0.0009544496 0.000929 0.000953 0.0009336 0.0009536 5050 2012 3550 1585 28657 812740 36 627627 77875 2012 25.333984375 7.7392578125 0.2138671875 1.51171875
map_3 42 0 5 5 5 1 1 0.001224042 0.000517875 0.0012118998 0.0005184418 0.001221 0.000517 0.0012096 0.000517 6442 1478 4091 1142 35207 432096 302 325964 94294 1478 27.9755859375 5.576171875 0.2021484375 1.3974609375
map_4 42 1 5 5 5 1 1 0.001094292 0.004225416 0.0011072166 0.004230775 0.001094 0.004222 0.001106 0.0042282 6098 4593 4167 3330 27406 3887000 215 2770840 88162 4592 28.3466796875 16.259765625 0.2109375 1.53515625
map_5 42 0 5 5 5 1 1 0.001153167 0.00103375 0.0011691086 0.0010331334 0.00115 0.001029 0.0011676 0.0010306 6492 2025 5239 1679 37054 863903 477 704298 94552 2025 33.5810546875 8.1982421875 0.1875 1.3974609375
map_6 42 1 5 5 5 1 1 0.001452833 0.000957125 0.001463325 0.000957475 0.001449 0.000956 0.0014612 0.0009558 7949 1953 5870 1619 46812 797558 834 654733 114993 1953 36.662109375 7.9052734375 0.2138671875 1.3359375
map_7 42 0 5 5 5 1 1 0.001086 0.003517584 0.0010908998 0.0039612418 0.001083 0.003517 0.001089 0.0039594 6020 3776 4509 3058 36991 2854121 246 2336512 87446 3776 30.0166015625 14.931640625 0.2197265625 1.39453125
map_8 42 1 5 5 5 1 1 0.001060125 0.002817417 0.0010761832 0.0028174 0.00106 0.002814 0.001075 0.002814 5825 3722 4202 2725 34836 2537599 81 1855967 80033 3722 28.517578125 13.3056640625 0.1875 1.517578125
map_9 42 0 5 5 5 1 1 0.001074875 0.001916542 0.0010858584 0.001695075 0.001075 0.001913 0.001084 0.001691 5862 2425 4600 1898 31171 1171699 134 899797 87397 2425 30.4609375 9.267578125 0.169921875 1.3125
map_0 43 0 5 5 5 1 1 0.001103541 0.000535542 0.001118033 0.00053765 0.001101 0.000534 0.001116 0.0005374 6169 1547 4189 1111 28359 468887 151 308388 88387 1547 28.4541015625 5.4248046875 0.1904296875 1.3681640625
map_1 43 1 5 5 5 1 1 0.001115375 0.000627958 0.0011289082 0.0006315166 0.001116 0.000629 0.0011278 0.0006304 6098 1593 4559 1290 33424 514539 182 415609 87840 1593 30.2607421875 6.298828125 0.158203125 1.3388671875
map_2 43 0 5 5 5 1 1 0.001310708 0.000336833 0.0013165918 0.0003379334 0.001307 0.000337 0.0013144 0.0003374 7106 1163 5407 913 46055 273261 481 208224 104542 1163 34.4013671875 4.4580078125 0.17578125 1.3828125
map_3 43 1 5 5 5 1 1 0.001202375 0.001385542 0.0012169082 0.0015077082 0.001203 0.001382 0.001215 0.0015044 6649 2243 5017 1884 35360 1031684 514 886586 95443 2242 32.4970703125 9.19921875 0.1962890625 1.359375
map_4 43 0 5 5 5 1 1 0.001275375 0.003195375 0.0012948666 0.0031952834 0.001274 0.003192 0.001293 0.0031924 7007 3872 4550 2968 31639 2823978 454 2202182 97724 3872 30.216796875 14.4921875 0.1962890625 1.857421875
map_5 43 1 5 5 5 1 1 0.00110075 0.002695125 0.0011122748 0.0026937416 0.001097 0.002692 0.0011104 0.002691 6022 3489 3923 2725 32072 2360709 187 1855686 85313 3488 27.1552734375 13.3056640625 0.158203125 1.693359375
map_6 43 0 5 5 5 1 1 0.00103525 0.001618458 0.0010417166 0.0016206498 0.001032 0.001618 0.0010398 0.0016192 5678 2660 3434 2083 36139 1414283 69 1083839 79896 2660 24.767578125 10.1708984375 0.1962890625 1.40625
map_7 43 1 5 5 5 1 1 0.001219084 0.0014745 0.0012320668 0.0014750418 0.001219 0.001472 0.0012306 0.001473 6734 2520 4742 1965 40042 1295161 452 965172 91433 2520 31.154296875 9.5947265625 0.158203125 1.46484375
map_8 43 0 5 5 5 1 1 0.001376333 0.0006825 0.001390525 0.0006831666 0.001374 0.000681 0.0013888 0.0006816 7522 1675 4954 1313 65578 582506 452 430655 103761 1675 32.189453125 6.4111328125 0.2080078125 1.3623046875
map_9 43 1 5 5 5 1 1 0.001252333 0.002992833 0.0012649166 0.0029912084 0.001252 0.002989 0.001263 0.0029884 7020 3817 5705 2818 32518 2694221 540 1984133 101491 3817 35.8564453125 13.759765625 0.2109375 1.3916015625
map_0 44 1 5 5 5 1 1 0.000913667 0.000457541 0.0009261336 0.0004562248 0.00091 0.000454 0.0009242 0.0004554 5017 1371 3391 1069 24388 374144 54 285540 74406 1371 24.5576171875 5.2197265625 0.181640625 1.4296875
map_1 44 0 5 5 5 1 1 0.00114175 0.000835583 0.0011552166 0.0008440998 0.001138 0.000832 0.0011528 0.0008426 6407 1866 5132 1479 32026 707129 334 546381 94387 1866 33.05859375 7.2216796875 0.1845703125 1.3388671875
map_2 44 1 5 5 5 1 1 0.000989791 0.002619875 0.0010068748 0.0026186664 0.000986 0.002617 0.001005 0.0026162 5487 3597 4451 2617 28646 2366394 53 1710980 81638 3597 29.7333984375 12.7783203125 0.1904296875 1.30078125
map_3 44 0 5 5 5 1 1 0.00123625 0.001173 0.0012504586 0.0011155 0.001236 0.001172 0.001249 0.0011136 6812 1810 4683 1487 39292 703671 161 552212 99738 1810 30.8662109375 7.2607421875 0.2109375 1.2978515625
map_4 44 1 5 5 5 1 1 0.001312792 0.001816708 0.0013293668 0.0018187416 0.00131 0.001814 0.0013278 0.001817 7299 2870 5526 2184 35447 1611765 433 1192320 105561 2870 34.982421875 10.6640625 0.2197265625 1.3447265625
map_5 44 0 5 5 5 1 1 0.001123916 0.000646958 0.0011395166 0.000647283 0.001124 0.000645 0.0011374 0.0006464 6219 1577 4918 1310 34762 534462 173 428557 92472 1577 32.013671875 6.396484375 0.17578125 1.318359375
map_6 44 1 5 5 5 1 1 0.001284125 0.001779084 0.001293625 0.0017792084 0.001284 0.001776 0.0012926 0.0017758 6998 2822 5271 2179 38416 1555999 409 1186580 102496 2822 33.7373046875 10.6396484375 0.19921875 1.587890625
map_7 44 0 5 5 5 1 1 0.000999875 0.000291083 0.0010103334 0.0002914998 0.001 0.000291 0.00101 0.0002908 5536 1029 3807 866 25868 227241 173 187356 77681 1029 26.5888671875 4.228515625 0.2080078125 1.34765625
map_8 44 1 5 5 5 1 1 0.001019333 0.001104667 0.001028675 0.0010474082 0.001017 0.001104 0.0010268 0.001046 5490 1762 3512 1444 37447 659932 97 520907 78331 1762 25.1484375 7.05078125 0.169921875 1.353515625
map_9 44 0 5 5 5 1 1 0.001305958 0.000509334 0.0013188752 0.0005093168 0.001306 0.000509 0.0013176 0.0005084 7170 1472 5901 1137 40015 420066 522 323105 103266 1472 36.8134765625 5.5517578125 0.1787109375 1.505859375
map_0 45 0 5 5 5 1 1 0.001243416 0.002648625 0.0012590082 0.0026510834 0.001241 0.002646 0.0012576 0.0026482 6937 3421 5374 2704 36727 2321789 399 1827657 103338 3421 34.240234375 13.203125 0.205078125 1.4443359375
map_1 45 1 5 5 5 1 1 0.0011 0.000417625 0.0011147084 0.0004050252 0.001097 0.000418 0.0011132 0.000404 6111 1226 4763 971 30582 300379 223 235604 92008 1226 31.2568359375 4.7412109375 0.193359375 1.40625
map_2 45 0 5 5 5 1 1 0.001092542 0.005990542 0.0010988252 0.0059884836 0.00109 0.005987 0.0010964 0.0059858 5869 5543 3351 3974 45216 5570571 5 3946325 81691 5543 24.3623046875 19.404296875 0.1875 1.6142578125
map_3 45 1 5 5 5 1 1 0.001194542 0.000275833 0.0012218416 0.0002658916 0.001194 0.000275 0.0012202 0.0002648 6778 878 5335 720 35943 151066 625 129590 102947 878 34.0498046875 3.515625 0.205078125 1.3623046875
map_4 45 0 5 5 5 1 1 0.001134292 0.00057175 0.0011318582 0.0005726918 0.001134 0.000571 0.0011306 0.0005712 6127 1572 4095 1243 33963 457879 70 385994 87234 1572 27.9951171875 6.0693359375 0.193359375 1.447265625
map_5 45 1 5 5 5 1 1 0.00113275 0.001077541 0.0011425418 0.0010782416 0.001133 0.001076 0.0011406 0.0010766 6169 2252 4407 1658 32956 939662 376 686632 87539 2252 29.5185546875 8.095703125 0.181640625 1.3857421875
map_6 45 0 5 5 5 1 1 0.001357709 0.002338291 0.001367342 0.0023381416 0.001354 0.002338 0.0013662 0.0023374 7464 3337 6279 2494 42156 2088289 917 1554340 109649 3337 38.6591796875 12.177734375 0.193359375 1.3857421875
map_7 45 1 5 5 5 1 1 0.001170334 0.00095375 0.0011826084 0.0009523414 0.00117 0.00095 0.0011822 0.00095 6425 2059 4083 1572 39062 808465 99 617425 91798 2059 27.9365234375 7.67578125 0.2197265625 1.470703125
map_8 45 0 5 5 5 1 1 0.001171792 0.000564 0.0011942418 0.0005639002 0.001169 0.000561 0.0011922 0.0005626 6553 1571 4782 1194 32365 469404 155 356203 95154 1571 31.349609375 5.830078125 0.216796875 1.4091796875
map_9 45 1 5 5 5 1 1 0.001114708 0.000289 0.0011282332 0.0002896666 0.001114 0.000289 0.0011274 0.0002894 6074 1114 4064 829 36659 225104 122 171802 88241 1114 27.84375 4.0478515625 0.19921875 1.4150390625
map_0 46 1 5 5 5 1 1 0.000866625 0.000367333 0.0008722588 0.00036835 0.000866 0.000367 0.000871 0.0003674 4655 1196 2022 983 22898 288507 6 241428 65805 1196 17.873046875 4.7998046875 0.1611328125 1.3681640625
map_1 46 0 5 5 5 1 1 0.000917584 0.002029208 0.0009330668 0.0021686248 0.000917 0.002026 0.0009314 0.0021672 5092 2981 3466 2242 31268 1706184 161 1255883 73529 2981 24.923828125 10.947265625 0.1611328125 1.4560546875
map_2 46 1 5 5 5 1 1 0.00101375 0.000827166 0.0010142086 0.0008317166 0.00101 0.000825 0.0010122 0.0008306 5498 1869 4210 1479 28739 691585 83 546847 84082 1869 28.556640625 7.2216796875 0.1904296875 1.4443359375
map_3 46 0 5 5 5 1 1 0.00103975 0.001365 0.0010526418 0.0013709502 0.00104 0.001364 0.001051 0.0013696 5793 2652 4276 1855 29576 1213342 277 859639 84877 2652 28.87890625 9.0576171875 0.1875 1.3974609375
map_4 46 1 5 5 5 1 1 0.001227625 0.000560292 0.001242625 0.0005602918 0.001227 0.000558 0.0012412 0.0005582 6776 1461 4542 1235 32120 446225 266 380933 96910 1461 30.177734375 6.0302734375 0.19921875 1.3447265625
map_5 46 0 5 5 5 1 1 0.001114542 0.000386791 0.001112275 0.0003868748 0.001115 0.000386 0.0011098 0.0003862 5691 1290 3937 968 29641 305984 157 234017 83571 1290 27.2236328125 4.7265625 0.19921875 1.3212890625
map_6 46 1 5 5 5 1 1 0.000973833 0.001153083 0.0009862998 0.0011598668 0.00097 0.001151 0.0009844 0.0011584 5375 2229 3274 1748 29169 990433 88 763294 77269 2229 23.986328125 8.53515625 0.1611328125 1.3505859375
map_7 46 0 5 5 5 1 1 0.001154167 0.001554125 0.0011685998 0.0015541166 0.001151 0.001551 0.001167 0.001552 6395 2665 4538 2026 35749 1358678 408 1025855 88420 2665 30.158203125 9.892578125 0.17578125 1.5263671875
map_8 46 1 5 5 5 1 1 0.000951708 0.000351375 0.0009635582 0.0003520332 0.000949 0.000351 0.0009614 0.0003508 5158 1165 2791 944 40048 282356 31 222580 71073 1165 21.6279296875 4.609375 0.1787109375 1.294921875
map_9 46 0 5 5 5 1 1 0.001340666 0.003418625 0.001355075 0.0034194 0.00134 0.003415 0.0013534 0.003417 7407 4109 6098 2991 40105 3125013 672 2235272 108848 4109 37.775390625 14.6044921875 0.1787109375 1.4443359375
map_0 47 0 5 5 5 1 1 0.001158708 0.000595791 0.0011653334 0.0005959332 0.001158 0.000595 0.0011638 0.0005956 6226 1520 3874 1249 32758 495946 151 389943 89175 1520 26.916015625 6.0986328125 0.205078125 1.4794921875
map_1 47 1 5 5 5 1 1 0.00111475 0.001250708 0.0011236248 0.0012523 0.001114 0.001249 0.0011222 0.0012506 6098 2273 4330 1839 31841 1067255 54 845146 92220 2273 29.142578125 8.9794921875 0.1845703125 1.4501953125
map_2 47 0 5 5 5 1 1 0.001205375 0.000463625 0.001222675 0.0004640332 0.001205 0.000463 0.0012212 0.0004634 6654 1429 4462 1071 39464 383920 409 286649 94413 1429 29.787109375 5.2294921875 0.1904296875 1.376953125
map_3 47 1 5 5 5 1 1 0.001189875 0.000301417 0.0012046752 0.0003024 0.00119 0.000301 0.0012032 0.0003016 6569 895 4648 754 36322 166797 479 142061 98336 895 30.6953125 3.681640625 0.2021484375 1.353515625
map_4 47 0 5 5 5 1 1 0.00101175 0.002369958 0.0010238168 0.0023705998 0.001011 0.002369 0.0010224 0.0023686 5516 3342 2926 2526 31725 2094893 40 1594378 78600 3342 22.287109375 12.333984375 0.1845703125 1.447265625
map_5 47 1 5 5 5 1 1 0.001089042 0.000285042 0.0010956834 0.0002865252 0.001086 0.000284 0.0010936 0.0002852 5940 1003 3589 861 32819 218384 212 185272 86177 1003 25.5244140625 4.2041015625 0.216796875 1.3798828125
map_6 47 0 5 5 5 1 1 0.001125875 0.0011035 0.0011382248 0.0011030664 0.001125 0.001101 0.001137 0.001102 6202 2192 4072 1705 39645 950596 135 726235 86753 2192 27.8828125 8.3251953125 0.2109375 1.3828125
map_7 47 1 5 5 5 1 1 0.001194041 0.000507666 0.0012063164 0.0005079586 0.001192 0.000508 0.0012042 0.0005078 6454 1379 3413 1169 36749 409120 27 341256 94305 1379 24.6650390625 5.7080078125 0.181640625 1.376953125
map_8 47 0 5 5 5 1 1 0.001036917 0.000288667 0.0010456086 0.0002893502 0.001034 0.000288 0.0010432 0.0002878 5596 1063 2885 866 39390 221239 54 187345 77708 1063 22.0869140625 4.228515625 0.2021484375 1.341796875
map_9 47 1 5 5 5 1 1 0.001424 0.001267042 0.001442925 0.0012685998 0.001424 0.001267 0.0014404 0.0012664 7921 2451 5724 1798 44781 1111786 923 807673 110946 2451 35.94921875 8.779296875 0.2109375 1.4267578125
map_0 48 1 5 5 5 1 1 0.001165167 0.002942583 0.0011762834 0.0029439502 0.001161 0.002944 0.001174 0.0029428 6402 3885 3565 2756 35176 2694366 204 1897731 87087 3885 25.4072265625 13.45703125 0.2197265625 1.4560546875
map_1 48 0 5 5 5 1 1 0.001239083 0.000213 0.0012468832 0.0002140752 0.001239 0.000213 0.0012448 0.0002138 6849 856 4737 743 39516 161182 287 137963 95011 856 31.1298828125 3.6279296875 0.234375 1.341796875
map_2 48 1 5 5 5 1 1 0.001367667 0.000873875 0.0013777004 0.0008730166 0.001367 0.000871 0.0013752 0.0008708 7470 1907 5490 1536 44015 725048 461 589804 112688 1907 34.806640625 7.5 0.1962890625 1.46484375
map_3 48 0 5 5 5 1 1 0.0012115 0.000646209 0.0012245918 0.0006406752 0.001209 0.000646 0.0012224 0.0006392 6523 1408 4438 1181 34085 420090 202 348427 96160 1408 29.669921875 5.7666015625 0.1611328125 1.400390625
map_4 48 1 5 5 5 1 1 0.001158792 0.000481 0.0011689836 0.0004820248 0.001155 0.000481 0.001167 0.0004816 6354 1369 4522 1129 30701 388347 245 318572 92710 1369 30.080078125 5.5126953125 0.1845703125 1.3916015625
map_5 48 0 5 5 5 1 1 0.00106825 0.000356792 0.0010822418 0.000356667 0.001066 0.000357 0.0010808 0.000355 5897 1121 4021 987 28091 267492 276 243360 83704 1121 27.6337890625 4.8193359375 0.1728515625 1.365234375
map_6 48 1 5 5 5 1 1 0.001057333 0.006149417 0.001068125 0.0061486666 0.001057 0.006147 0.001067 0.0061458 5771 5408 3906 4105 33160 5570392 95 4212426 84126 5408 27.072265625 20.0439453125 0.22265625 1.34765625
map_7 48 0 5 5 5 1 1 0.001347625 0.000628208 0.0013599834 0.0006287832 0.001344 0.000627 0.0013578 0.0006272 7415 1615 5497 1250 37930 538658 682 390208 104065 1615 34.8408203125 6.103515625 0.216796875 1.3828125
map_8 48 1 5 5 5 1 1 0.001192791 0.004855875 0.00120715 0.004866175 0.00119 0.004853 0.0012046 0.004865 6396 4755 3141 3629 54232 4398729 39 3292408 88497 4754 23.3369140625 17.7197265625 0.1962890625 1.787109375
map_9 48 0 5 5 5 1 1 0.001234833 0.000805583 0.0012460832 0.0008055248 0.001234 0.000804 0.001244 0.0008042 6868 1804 4681 1462 33805 676058 359 533774 97435 1804 30.8564453125 7.138671875 0.1728515625 1.2919921875
map_0 49 0 5 5 5 1 1 0.00104875 0.001305 0.0010661334 0.0013087752 0.001046 0.001304 0.0010646 0.001307 5752 2498 3480 1844 30488 1138516 114 849518 79699 2498 24.9921875 9.00390625 0.2109375 1.376953125
map_1 49 1 5 5 5 1 1 0.001026875 0.001975875 0.0010353834 0.0019750002 0.001024 0.001974 0.001034 0.0019724 5657 2997 4166 2316 29958 1715070 117 1340805 82640 2996 28.341796875 11.30859375 0.2021484375 1.646484375
map_2 49 0 5 5 5 1 1 0.001410541 0.000333042 0.0014299166 0.0003335084 0.00141 0.000331 0.0014298 0.0003324 7800 1192 6160 908 43184 265462 1005 206013 113105 1192 38.078125 4.43359375 0.1875 1.4267578125
map_3 49 1 5 5 5 1 1 0.001197834 0.000350875 0.0012054584 0.0003519416 0.001198 0.000351 0.0012054 0.000351 6628 1150 4420 946 33511 280332 192 223664 95707 1150 29.58203125 4.619140625 0.1904296875 1.388671875
map_4 49 0 5 5 5 1 1 0.001163167 0.00274625 0.0011761248 0.0027788084 0.00116 0.002736 0.0011748 0.0027752 6422 3419 4085 2726 32183 2343335 143 1857223 89964 3419 27.9462890625 13.310546875 0.181640625 1.41796875
map_5 49 1 5 5 5 1 1 0.000799958 0.0014245 0.0008049666 0.001425575 0.000798 0.001423 0.0008022 0.0014234 4237 2400 2244 1944 22566 1247174 1 944108 58345 2400 18.95703125 9.4921875 0.181640625 1.353515625
map_6 49 0 5 5 5 1 1 0.001328958 0.000780333 0.0013452332 0.0007804498 0.001326 0.000779 0.0013432 0.0007796 7338 1876 5667 1406 43883 671248 551 493699 107252 1876 35.6708984375 6.865234375 0.22265625 1.3154296875
map_7 49 1 5 5 5 1 1 0.001063584 0.000524959 0.0010766586 0.0005247586 0.001063 0.000524 0.0010754 0.000524 5892 1471 4485 1142 32232 441149 162 325728 88318 1471 29.8994140625 5.576171875 0.193359375 1.365234375
map_8 49 0 5 5 5 1 1 0.00129175 0.000298208 0.0013015166 0.0002990748 0.00129 0.000299 0.0013 0.0002986 7088 1141 5286 860 45356 234978 514 184793 99207 1141 33.810546875 4.19921875 0.2255859375 1.3857421875
map_9 49 1 5 5 5 1 1 0.001435333 0.001209125 0.0014399834 0.0012593832 0.001433 0.001206 0.0014384 0.0012562 7848 2398 5969 1713 40682 1076624 819 733358 112384 2398 37.1455078125 8.3642578125 0.2080078125 1.4384765625
map_0 50 1 5 5 5 1 1 0.001261666 0.000509 0.0012817412 0.0005092252 0.001259 0.000506 0.0012804 0.0005072 6984 1401 5162 1165 39136 407077 276 338935 102745 1401 33.205078125 5.6884765625 0.2109375 1.4033203125
map_1 50 0 5 5 5 1 1 0.000997583 0.000738416 0.0010054832 0.0007375916 0.000997 0.000735 0.0010046 0.000736 5517 1759 4190 1385 30014 618914 148 479098 77064 1759 28.458984375 6.7626953125 0.2197265625 1.388671875
map_2 50 1 5 5 5 1 1 0.001408666 0.000803625 0.0014282416 0.000804375 0.001409 0.000803 0.0014266 0.0008028 7738 1843 5840 1454 54115 675508 427 528162 116920 1843 36.515625 7.099609375 0.1435546875 1.41796875
map_3 50 0 5 5 5 1 1 0.001256375 0.000695 0.001269475 0.0006956418 0.001253 0.000693 0.0012674 0.0006942 6966 1740 4986 1331 34170 587144 386 442526 99930 1740 32.345703125 6.4990234375 0.1962890625 1.341796875
map_4 50 1 5 5 5 1 1 0.001146208 0.003401667 0.0011629416 0.0034008 0.001146 0.003398 0.001161 0.0033968 6380 3937 3538 3018 30502 3064157 116 2275685 90218 3937 25.275390625 14.736328125 0.228515625 1.3974609375
map_5 50 0 5 5 5 1 1 0.001005916 0.001030875 0.0010135996 0.0010311668 0.001006 0.00103 0.001012 0.001029 5587 2165 3906 1621 28542 897486 295 656314 78801 2165 27.072265625 7.9150390625 0.1728515625 1.400390625
map_6 50 1 5 5 5 1 1 0.001030792 0.0009055 0.0010402502 0.0009068252 0.001027 0.000904 0.0010382 0.0009056 5679 2016 3834 1552 35080 757720 58 601900 81866 2016 26.720703125 7.578125 0.193359375 1.517578125
map_7 50 0 5 5 5 1 1 0.000916375 0.002357792 0.0009267414 0.002371275 0.000913 0.002356 0.0009252 0.0023698 5022 3239 3171 2551 27848 2054827 63 1625769 71318 3239 23.4833984375 12.4560546875 0.205078125 1.3828125
map_8 50 1 5 5 5 1 1 0.001241333 0.000592792 0.0012468416 0.0005926752 0.001239 0.000591 0.001245 0.0005918 6493 1922 4058 1157 60866 521798 57 334590 92991 1922 27.814453125 5.6494140625 0.1904296875 1.4560546875
map_9 50 0 5 5 5 1 1 0.001014916 0.000476792 0.0010208084 0.0004862834 0.001012 0.000478 0.0010188 0.0004862 5574 1259 3884 960 26528 332954 113 230150 79407 1259 26.96484375 4.6875 0.19921875 1.318359375
map_0 51 0 5 5 5 1 1 0.000910375 0.010144042 0.0009134666 0.0101526836 0.000907 0.010144 0.0009106 0.0101516 4968 6774 3185 5322 24149 9220229 17 7078465 72695 6774 23.5517578125 25.986328125 0.2021484375 1.4208984375
map_1 51 1 5 5 5 1 1 0.0011475 0.000746334 0.001159975 0.000746733 0.001144 0.000745 0.0011578 0.0007456 6318 1778 4789 1393 40804 630327 143 484831 89525 1778 31.3837890625 6.8017578125 0.19921875 1.4033203125
map_2 51 0 5 5 5 1 1 0.0012825 0.000245584 0.0013023498 0.0002471084 0.001279 0.000246 0.0013012 0.0002458 7089 1017 5213 786 46913 187030 248 154389 107046 1017 33.4541015625 3.837890625 0.2021484375 1.3740234375
map_3 51 1 5 5 5 1 1 0.000930625 0.000286125 0.0009427416 0.000287175 0.000928 0.000286 0.0009418 0.000287 5127 1082 3299 840 27493 225575 50 176361 75708 1082 24.1083984375 4.1015625 0.193359375 1.39453125
map_4 51 0 5 5 5 1 1 0.001240542 0.003248041 0.0012598916 0.0032486582 0.00124 0.003245 0.0012586 0.003247 6912 3895 4702 2932 34947 2950957 264 2147814 100644 3894 30.958984375 14.31640625 0.1875 1.4033203125
map_5 51 1 5 5 5 1 1 0.001233833 0.000606334 0.0012447582 0.0006098084 0.001234 0.000605 0.0012442 0.0006086 6870 1555 4908 1268 40673 494610 348 401933 97303 1555 31.96484375 6.19140625 0.1640625 1.546875
map_6 51 0 5 5 5 1 1 0.0011345 0.000554166 0.0011480668 0.0005546996 0.001134 0.000552 0.0011476 0.000554 6324 1509 4720 1196 36184 451421 208 357444 88005 1509 31.046875 5.83984375 0.19921875 1.34765625
map_7 51 1 5 5 5 1 1 0.000853917 0.002988667 0.0008650752 0.003231025 0.000854 0.002986 0.0008638 0.003227 4708 3813 2860 2800 28251 2706929 50 1958829 67541 3813 21.96484375 13.671875 0.19921875 1.4677734375
map_8 51 0 5 5 5 1 1 0.001161625 0.000779958 0.0011774918 0.0007796666 0.001162 0.000777 0.0011758 0.0007778 6420 1709 3980 1474 41354 633191 113 542588 89727 1709 27.43359375 7.197265625 0.1904296875 1.3359375
map_9 51 1 5 5 5 1 1 0.000965125 0.000444667 0.0009745666 0.00047575 0.000965 0.000445 0.0009732 0.0004744 5332 1312 3205 1046 24577 356885 49 273291 76714 1312 23.6494140625 5.107421875 0.181640625 1.3974609375
map_0 52 1 5 5 5 1 1 0.001202625 0.000480167 0.001206925 0.0005518916 0.0012 0.000478 0.0012062 0.0005502 6485 1352 3829 1123 33386 374792 132 315178 92263 1352 26.6962890625 5.4833984375 0.19921875 1.4296875
map_1 52 0 5 5 5 1 1 0.001063125 0.001441833 0.0010737002 0.0014416662 0.001063 0.001441 0.0010722 0.0014404 5808 2401 4457 2005 32570 1220620 99 1004437 84554 2401 29.7626953125 9.7900390625 0.216796875 1.365234375
map_2 52 1 5 5 5 1 1 0.001074292 0.000450792 0.0010926918 0.0004532 0.001074 0.00045 0.0010914 0.0004522 5935 1357 4690 1069 29710 370994 86 285534 88642 1357 30.900390625 5.2197265625 0.169921875 1.4326171875
map_3 52 0 5 5 5 1 1 0.001227834 0.000289291 0.0012432086 0.00029055 0.001225 0.000289 0.001242 0.0002898 6838 1006 5248 874 35523 222461 653 190953 98101 1006 33.625 4.267578125 0.1875 1.365234375
map_4 52 1 5 5 5 1 1 0.001321875 0.000258 0.0013011416 0.0002584082 0.001318 0.000258 0.0012982 0.000258 6921 1043 4491 798 31900 201900 283 159075 101479 1043 29.9287109375 3.896484375 0.2109375 1.412109375
map_5 52 0 5 5 5 1 1 0.000957792 0.000996833 0.0009712832 0.0009969748 0.000957 0.000995 0.0009692 0.000996 5310 2067 3756 1632 25922 839479 72 665355 78225 2067 26.33984375 7.96875 0.1845703125 1.4091796875
map_6 52 1 5 5 5 1 1 0.001335708 0.000454375 0.0013365416 0.0004557664 0.001332 0.000453 0.0013336 0.0004542 7067 1300 4798 1106 41001 360806 408 305707 100959 1300 31.427734375 5.400390625 0.19921875 1.365234375
map_7 52 0 5 5 5 1 1 0.001071416 0.001044292 0.001084125 0.001044758 0.001069 0.001044 0.0010824 0.0010438 5883 2031 3714 1716 33617 854346 80 735477 85870 2031 26.134765625 8.37890625 0.193359375 1.3212890625
map_8 52 1 5 5 5 1 1 0.001231667 0.002766459 0.0012431998 0.0030895504 0.00123 0.002763 0.0012416 0.0030866 6667 3484 3910 2719 57127 2439570 475 1847233 93680 3484 27.091796875 13.2763671875 0.2080078125 1.3623046875
map_9 52 0 5 5 5 1 1 0.001049041 0.000736541 0.0010654582 0.0006982332 0.001046 0.000736 0.0010634 0.000697 5838 1425 3856 1185 32700 423166 202 350682 85426 1424 26.828125 5.7861328125 0.181640625 1.3330078125
map_0 53 0 5 5 5 1 1 0.001118959 0.000436208 0.0011407586 0.0004363002 0.001119 0.000436 0.0011394 0.0004356 6135 1385 4053 1024 34628 366178 86 262107 90568 1385 27.7900390625 5 0.1787109375 1.4091796875
map_1 53 1 5 5 5 1 1 0.00117425 0.000969667 0.001184383 0.0010686334 0.001173 0.00097 0.0011828 0.0010672 6407 1911 5236 1558 34673 750622 275 606197 96475 1911 33.56640625 7.607421875 0.234375 1.294921875
map_2 53 0 5 5 5 1 1 0.000941792 0.000364167 0.00095135 0.0003645416 0.000939 0.000364 0.0009502 0.0003638 5065 1189 3638 971 34376 290418 37 235641 78335 1189 25.763671875 4.7412109375 0.2255859375 1.4326171875
map_3 53 1 5 5 5 1 1 0.00125225 0.000355209 0.0012657582 0.0003609502 0.00125 0.000356 0.0012636 0.0003608 6828 1240 4894 941 44242 284563 249 221276 100391 1240 31.896484375 4.5947265625 0.2314453125 1.359375
map_4 53 0 5 5 5 1 1 0.001522375 0.001079917 0.0015344584 0.0010792416 0.001519 0.001078 0.0015316 0.0010782 8367 2174 5436 1694 49387 920787 616 716717 122396 2174 34.54296875 8.271484375 0.1962890625 1.3271484375
map_5 53 1 5 5 5 1 1 0.001594 0.000187583 0.001605275 0.000187625 0.001592 0.000187 0.0016038 0.0001872 8742 808 6115 693 52523 138777 1520 120037 124198 808 37.8583984375 3.3837890625 0.2314453125 1.37109375
map_6 53 0 5 5 5 1 1 0.001091625 0.003017792 0.0011112 0.0030170002 0.001091 0.003012 0.0011084 0.0030134 5938 3838 3393 2830 37799 2719930 48 2001390 83891 3838 24.5673828125 13.818359375 0.19921875 1.4326171875
map_7 53 1 5 5 5 1 1 0.001025084 0.000255458 0.001034517 0.0002565166 0.001023 0.000256 0.0010326 0.0002564 5726 1070 3852 764 28331 204630 139 145919 81519 1070 26.80859375 3.73046875 0.228515625 1.3623046875
map_8 53 0 5 5 5 1 1 0.001293709 0.002851208 0.0013079338 0.0028508582 0.00129 0.002849 0.0013054 0.0028482 7088 3684 5433 2793 42794 2511599 606 1949570 102842 3682 34.5283203125 13.6376953125 0.2197265625 1.41796875
map_9 53 1 5 5 5 1 1 0.001138916 0.000543083 0.0011481166 0.0005435418 0.001137 0.000543 0.0011464 0.000543 6188 1594 4348 1143 32878 463430 213 326269 92553 1594 29.23046875 5.5810546875 0.1787109375 1.3330078125
map_0 54 1 5 5 5 1 1 0.001047958 0.001368084 0.0010585082 0.0013711166 0.001048 0.001368 0.0010572 0.0013688 5782 2461 3244 1875 31845 1210073 73 878376 80492 2461 23.83984375 9.1552734375 0.2080078125 1.412109375
map_1 54 0 5 5 5 1 1 0.001144417 0.000274875 0.0011621666 0.00027535 0.001143 0.000274 0.001161 0.0002744 6351 1023 5096 845 36497 209599 182 178444 92774 1023 32.8828125 4.1259765625 0.2109375 1.3916015625
map_2 54 1 5 5 5 1 1 0.001263041 0.001655375 0.0012804414 0.0016561168 0.001261 0.001654 0.0012788 0.001654 7049 2741 5858 2092 40748 1450473 463 1093767 107313 2741 36.603515625 10.21484375 0.205078125 1.40625
map_3 54 0 5 5 5 1 1 0.001143125 0.0004015 0.0011526998 0.0004013332 0.00114 0.0004 0.001151 0.0004004 6295 1249 4867 1023 31320 319612 261 261567 93494 1249 31.7646484375 4.9951171875 0.19921875 1.388671875
map_4 54 1 5 5 5 1 1 0.000919833 0.001066833 0.0009288916 0.0010679252 0.000917 0.001065 0.0009274 0.0010666 5035 2339 3550 1610 24238 954195 39 647553 76690 2339 25.333984375 7.861328125 0.193359375 1.458984375
map_5 54 0 5 5 5 1 1 0.001120542 0.000224083 0.0011328916 0.0002248 0.00112 0.000224 0.0011322 0.0002238 6225 869 3988 772 36379 166121 225 148927 89898 869 27.47265625 3.76953125 0.1669921875 1.318359375
map_6 54 1 5 5 5 1 1 0.00112925 0.000758042 0.0011412416 0.0007589836 0.001127 0.000757 0.0011396 0.0007574 6170 1870 4993 1394 35112 643706 365 485504 91960 1870 32.3798828125 6.806640625 0.19921875 1.39453125
map_7 54 0 5 5 5 1 1 0.001055209 0.000628916 0.0010598584 0.0006795666 0.001052 0.000629 0.0010578 0.0006778 5802 1540 3786 1216 33527 494269 188 369268 82209 1540 26.486328125 5.9375 0.2197265625 1.3154296875
map_8 54 1 5 5 5 1 1 0.0010035 0.003246292 0.0010122668 0.0032486748 0.001003 0.003245 0.0010114 0.0032462 5468 4093 3549 2947 43844 2907487 30 2170952 77139 4093 25.3291015625 14.3896484375 0.17578125 1.517578125
map_9 54 0 5 5 5 1 1 0.001048166 0.006839542 0.0010629664 0.0068501836 0.001048 0.006839 0.001062 0.006846 5774 5639 4072 4403 30942 6057662 57 4846321 85842 5639 27.8828125 21.4990234375 0.2080078125 1.875
map_0 55 0 5 5 5 1 1 0.00102425 0.007897125 0.0010351916 0.007900675 0.001023 0.007895 0.0010334 0.0078976 5579 6208 3365 4679 30476 7159693 51 5473249 83014 6206 24.4306640625 22.8466796875 0.1640625 1.9306640625
map_1 55 1 5 5 5 1 1 0.001057125 0.000213834 0.0010442918 0.0002134586 0.001056 0.000214 0.0010436 0.0002132 5496 815 3271 700 30385 143643 45 122473 79233 815 23.9716796875 3.41796875 0.1611328125 1.330078125
map_2 55 0 5 5 5 1 1 0.001199708 0.002054875 0.0012144248 0.0022088998 0.0012 0.002051 0.0012138 0.0022066 5901 2889 4087 2162 34753 1644813 49 1167776 87348 2889 27.9560546875 10.556640625 0.1845703125 1.3564453125
map_3 55 1 5 5 5 1 1 0.001474917 0.002628541 0.0014826084 0.00263655 0.001474 0.002628 0.001482 0.0026354 7368 3281 4041 2535 36543 2067779 179 1606027 106551 3280 27.7314453125 12.3779296875 0.2021484375 1.798828125
map_4 55 0 5 5 5 1 1 0.000859375 0.000598667 0.0008656418 0.0005985082 0.000859 0.000598 0.000865 0.0005976 4190 1465 1962 1181 18028 445024 6 348639 59527 1465 17.580078125 5.7666015625 0.1875 1.4384765625
map_5 55 1 5 5 5 1 1 0.001360125 0.001863917 0.0013540836 0.0018627582 0.001359 0.001864 0.0013536 0.0018626 6855 2717 4884 2098 34491 1465204 481 1099489 98550 2717 31.84765625 10.244140625 0.2109375 1.3212890625
map_6 55 0 5 5 5 1 1 0.001366667 0.00087425 0.0013366836 0.0008716418 0.001366 0.000873 0.0013338 0.000871 6108 1847 3795 1443 34637 651234 117 520245 87655 1847 26.5302734375 7.0458984375 0.1962890625 1.412109375
map_7 55 1 5 5 5 1 1 0.001424917 0.000730917 0.0014381084 0.0007306334 0.001424 0.00073 0.0014368 0.0007304 7134 1640 5182 1309 37919 546130 524 427919 99539 1640 33.302734375 6.3916015625 0.193359375 1.330078125
map_8 55 0 5 5 5 1 1 0.0011705 0.000566375 0.00118395 0.0005647166 0.001167 0.000562 0.001183 0.000563 5638 1567 3178 1122 46220 417130 8 314421 80043 1566 23.517578125 5.478515625 0.2080078125 1.388671875
map_9 55 1 5 5 5 1 1 0.001466291 0.000312 0.0014748832 0.0003138082 0.001466 0.000312 0.0014732 0.0003138 6934 1114 4658 796 38896 230871 165 158365 101038 1114 30.744140625 3.88671875 0.193359375 1.3916015625
map_0 56 1 5 5 5 1 1 0.001325125 0.000706959 0.0013366916 0.0007065254 0.001326 0.000704 0.0013268 0.0007048 6224 1655 4388 1258 31094 539664 326 395246 89367 1655 29.42578125 6.142578125 0.1845703125 1.34765625
map_1 56 0 5 5 5 1 1 0.00109 0.002535 0.0011025998 0.0025605002 0.00109 0.002526 0.0011018 0.0025506 5399 3275 4183 2436 27228 2014974 114 1482520 78920 3275 28.4248046875 11.89453125 0.158203125 1.4296875
map_2 56 1 5 5 5 1 1 0.001316416 0.000510084 0.001321175 0.0005091502 0.001313 0.00051 0.001319 0.0005086 6433 1320 5236 1074 32957 373105 380 288154 94518 1320 33.56640625 5.244140625 0.1845703125 1.3798828125
map_3 56 0 5 5 5 1 1 0.001201542 0.000491542 0.0011859752 0.0004909584 0.0012 0.000492 0.001179 0.0004906 5588 1300 4110 1068 26060 358211 113 284890 82258 1300 28.068359375 5.21484375 0.1875 1.353515625
map_4 56 1 5 5 5 1 1 0.00150625 0.000873 0.0015164668 0.00087645 0.001505 0.000872 0.0015148 0.0008738 7466 1887 5671 1430 35153 646806 716 510700 108569 1887 35.6904296875 6.982421875 0.158203125 1.3828125
map_5 56 0 5 5 5 1 1 0.001020458 0.000662458 0.0010274332 0.00066215 0.00102 0.000659 0.0010262 0.0006596 5064 1554 2955 1244 25964 485868 88 386475 71115 1554 22.4287109375 6.07421875 0.1669921875 1.318359375
map_6 56 1 5 5 5 1 1 0.001351875 0.000338 0.0013646418 0.0003394754 0.001344 0.000337 0.0013602 0.000339 6469 1143 4815 860 37237 244165 226 184831 92305 1143 31.5107421875 4.19921875 0.19921875 1.3974609375
map_7 56 0 5 5 5 1 1 0.0011895 0.001092542 0.001194425 0.001090975 0.001189 0.001091 0.0011942 0.0010908 5852 1970 3541 1622 37334 830166 61 657045 79068 1970 25.2900390625 7.919921875 0.205078125 1.318359375
map_8 56 1 5 5 5 1 1 0.001108417 0.004272792 0.0011222582 0.0042734002 0.001108 0.00427 0.0011194 0.0042702 5368 4361 2976 3230 42226 3439774 47 2607607 76316 4361 22.53125 15.771484375 0.181640625 1.751953125
map_9 56 0 5 5 5 1 1 0.001156667 0.002503416 0.0011458164 0.0025035 0.001154 0.002501 0.0011424 0.0025016 5412 3162 3572 2476 25727 1953975 92 1532405 76498 3162 25.44140625 12.08984375 0.1962890625 1.48828125
map_0 57 0 5 5 5 1 1 0.001466584 0.000296458 0.001466325 0.0002963252 0.001463 0.000297 0.0014598 0.0002958 6956 1030 5187 801 37836 209968 623 160353 102530 1030 33.3271484375 3.9111328125 0.2109375 1.353515625
map_1 57 1 5 5 5 1 1 0.001286417 0.001808333 0.0013091002 0.0018161252 0.001285 0.001805 0.001307 0.0018128 6438 2714 4586 2084 38438 1417622 288 1085717 97838 2714 30.392578125 10.17578125 0.1875 1.7080078125
map_2 57 0 5 5 5 1 1 0.001600292 0.0010235 0.0016086666 0.001023375 0.001597 0.001022 0.001605 0.0010214 7370 1938 5634 1575 43002 761973 365 619678 111775 1938 35.509765625 7.6904296875 0.205078125 1.41796875
map_3 57 1 5 5 5 1 1 0.001281708 0.000569959 0.0012938918 0.0005682502 0.001278 0.000567 0.0012904 0.0005672 6263 1534 4360 1098 33791 435473 337 301090 90744 1533 29.2890625 5.361328125 0.1962890625 1.3974609375
map_4 57 0 5 5 5 1 1 0.001275917 0.000438167 0.0012711832 0.0004390416 0.001273 0.000435 0.0012674 0.0004374 6011 1241 4076 1032 31775 304724 53 265985 85197 1241 27.90234375 5.0390625 0.193359375 1.330078125
map_5 57 1 5 5 5 1 1 0.001317584 0.009753041 0.0013351418 0.0096510584 0.001317 0.009736 0.001333 0.0096394 6509 6421 5226 4884 34783 7929146 439 5963131 95191 6421 33.517578125 23.84765625 0.2373046875 1.79296875
map_6 57 0 5 5 5 1 1 0.001328916 0.000493667 0.0013616082 0.000495 0.00133 0.000493 0.0013618 0.0004948 6664 1254 4913 1074 39499 344582 197 288093 95934 1254 31.9892578125 5.244140625 0.169921875 1.3212890625
map_7 57 1 5 5 5 1 1 0.001420375 0.000757042 0.0014453414 0.0007544418 0.001417 0.000757 0.001443 0.0007526 7084 1591 4587 1368 49722 544265 511 467504 104583 1591 30.3974609375 6.6796875 0.2314453125 1.3681640625
map_8 57 0 5 5 5 1 1 0.001261708 0.00116075 0.0012837164 0.0011680666 0.001261 0.00116 0.0012814 0.0011638 6166 2126 4577 1656 49778 891161 224 684926 83032 2126 30.3486328125 8.0859375 0.19921875 1.353515625
map_9 57 1 5 5 5 1 1 0.001098917 0.000254042 0.001117375 0.0002527836 0.001098 0.000253 0.001117 0.0002516 5432 994 3556 727 28763 178339 70 132102 78012 994 25.36328125 3.5498046875 0.205078125 1.3359375
map_0 58 1 5 5 5 1 1 0.001394834 0.001044666 0.0014116748 0.001045508 0.001394 0.001045 0.0014096 0.0010446 6840 2121 4773 1517 37523 827581 309 575207 98692 2121 31.3056640625 7.4072265625 0.1962890625 1.60546875
map_1 58 0 5 5 5 1 1 0.000982375 0.000397875 0.0009873168 0.0003986832 0.000982 0.000397 0.0009858 0.0003974 4917 1245 3733 953 23058 284115 115 226851 71547 1245 26.2275390625 4.6533203125 0.1611328125 1.3564453125
map_2 58 1 5 5 5 1 1 0.001447458 0.00844525 0.0014448 0.0085388002 0.001444 0.008437 0.0014368 0.0085324 6742 5938 5110 4574 36879 6810634 330 5229003 103094 5938 32.951171875 22.333984375 0.1904296875 1.5791015625
map_3 58 0 5 5 5 1 1 0.000758166 0.001319166 0.0007670082 0.0013180164 0.000755 0.001316 0.0007646 0.0013166 3730 2324 1990 1725 17734 1043261 16 743403 54863 2323 17.716796875 8.4228515625 0.1904296875 1.41796875
map_4 58 1 5 5 5 1 1 0.001470042 0.000574834 0.0014804088 0.0005812086 0.001466 0.000574 0.0014776 0.0005798 7240 1415 5339 1163 39070 413920 514 337966 108035 1415 34.0693359375 5.6787109375 0.2490234375 1.41796875
map_5 58 0 5 5 5 1 1 0.001487875 0.001510042 0.001480508 0.001512475 0.001485 0.001508 0.0014774 0.00151 7099 2438 5387 1913 40919 1164685 394 914566 101532 2438 34.3037109375 9.3408203125 0.181640625 1.6142578125
map_6 58 1 5 5 5 1 1 0.001471041 0.000270875 0.0014819664 0.0002700332 0.001471 0.000268 0.0014808 0.0002664 7094 945 5248 780 38519 180821 731 152044 103189 945 33.625 3.80859375 0.19921875 1.34765625
map_7 58 0 5 5 5 1 1 0.00111375 0.000564166 0.001133925 0.0005638164 0.001113 0.000564 0.0011334 0.0005634 5478 1420 3652 1146 34011 409815 62 328031 74704 1420 25.83203125 5.595703125 0.2021484375 1.3681640625
map_8 58 1 5 5 5 1 1 0.001127292 0.004458542 0.0011350584 0.0044628916 0.001126 0.004455 0.0011338 0.0044556 5485 4244 3971 3331 36510 3463631 77 2772752 78922 4244 27.3896484375 16.2646484375 0.205078125 1.4853515625
map_9 58 0 5 5 5 1 1 0.001176042 0.000377208 0.0011822416 0.0003764002 0.001175 0.000374 0.0011806 0.0003748 5628 1239 3559 899 28409 271673 93 201946 81551 1239 25.3779296875 4.3896484375 0.1728515625 1.435546875
map_0 59 0 5 5 5 1 1 0.001243541 0.001366375 0.0012394748 0.0013666584 0.001243 0.001367 0.001239 0.001366 5954 2293 3652 1784 40561 1060572 188 795097 84517 2293 25.83203125 8.7109375 0.1669921875 1.3740234375
map_1 59 1 5 5 5 1 1 0.00134325 0.003601208 0.0013603582 0.0036027748 0.00134 0.003601 0.0013582 0.0035976 6745 3866 5382 2930 39251 2886857 640 2146022 97869 3866 34.279296875 14.306640625 0.1669921875 1.8779296875
map_2 59 0 5 5 5 1 1 0.001512791 0.001750583 0.00150185 0.00175125 0.001509 0.00175 0.0014984 0.0017506 7018 2714 5715 2013 41605 1382317 431 1012985 104306 2714 35.9052734375 9.8291015625 0.19921875 1.51171875
map_3 59 1 5 5 5 1 1 0.001308166 0.0059145 0.0013220666 0.005913 0.001305 0.005907 0.0013192 0.0059092 6410 5031 4234 3797 35640 4782118 120 3603646 94835 5031 28.673828125 18.5400390625 0.181640625 1.67578125
map_4 59 0 5 5 5 1 1 0.001638125 0.000694375 0.0016598748 0.0007148002 0.001638 0.000694 0.0016562 0.0007138 7787 1617 6103 1270 40586 511950 830 403136 114065 1617 37.7998046875 6.201171875 0.205078125 1.48828125
map_5 59 1 5 5 5 1 1 0.001112209 0.000630667 0.0011131918 0.0006311918 0.001111 0.00063 0.0011128 0.0006304 5503 1535 3705 1210 32304 467103 110 365798 79240 1535 26.0908203125 5.908203125 0.216796875 1.435546875
map_6 59 0 5 5 5 1 1 0.001477958 0.001068125 0.0014800916 0.0010641334 0.001478 0.001069 0.001479 0.001064 6987 2113 5128 1532 42982 846256 412 586463 100252 2112 33.0390625 7.48046875 0.1669921875 1.3828125
map_7 59 1 5 5 5 1 1 0.001476417 0.002139333 0.0014920252 0.0021265414 0.001473 0.002139 0.0014896 0.0021236 7268 2988 5144 2239 43026 1713903 644 1252551 104894 2988 33.1171875 10.9326171875 0.19921875 1.3623046875
map_8 59 0 5 5 5 1 1 0.001342167 0.004533958 0.0013408916 0.0045391 0.001339 0.004528 0.0013374 0.0045306 6329 4312 4753 3373 36126 3543263 305 2842992 89398 4312 31.2080078125 16.4697265625 0.2197265625 1.4267578125
map_9 59 1 5 5 5 1 1 0.001154417 0.002470958 0.0011616086 0.0024707582 0.001152 0.002467 0.0011592 0.002464 5616 3197 3838 2408 29396 1959438 67 1449606 79215 3197 26.740234375 11.7578125 0.1787109375 1.7021484375
map_0 60 1 5 5 5 1 1 0.001227667 0.004525166 0.0012354334 0.0045505002 0.001224 0.004519 0.0012314 0.0045464 5867 4237 3265 3344 32246 3562919 69 2795564 84090 4236 23.9423828125 16.328125 0.17578125 1.8720703125
map_1 60 0 5 5 5 1 1 0.001340917 0.000665958 0.0013509084 0.0006642834 0.001341 0.000663 0.00135 0.0006634 6527 1553 4454 1261 37836 483806 270 397155 94412 1553 29.748046875 6.1572265625 0.181640625 1.3681640625
map_2 60 1 5 5 5 1 1 0.00150725 0.001710375 0.0014814916 0.0017317084 0.001494 0.00171 0.0014774 0.0017306 7386 2583 5951 1962 39487 1289094 582 961490 110699 2583 37.0576171875 9.580078125 0.181640625 1.3154296875
map_3 60 0 5 5 5 1 1 0.000926167 0.001065542 0.0009316332 0.0010881418 0.000925 0.001065 0.00093 0.0010844 4437 2009 2522 1573 19970 830151 29 618076 65027 2009 20.314453125 7.6806640625 0.1611328125 1.423828125
map_4 60 1 5 5 5 1 1 0.001194417 0.00104225 0.0012030586 0.0010431752 0.001193 0.001041 0.0012004 0.001042 5747 2133 2855 1507 30320 830041 51 567671 80308 2133 21.9404296875 7.3583984375 0.169921875 1.4736328125
map_5 60 0 5 5 5 1 1 0.001236375 0.000699042 0.001238225 0.0007258002 0.001232 0.000698 0.0012344 0.000726 5810 1560 4345 1286 28462 519994 161 412951 84821 1560 29.2158203125 6.279296875 0.181640625 1.2744140625
map_6 60 1 5 5 5 1 1 0.001267541 0.000423125 0.0012509082 0.0004224084 0.001267 0.000423 0.001248 0.0004222 5820 1207 3763 991 33542 301054 60 245406 82386 1207 26.3740234375 4.8388671875 0.181640625 1.400390625
map_7 60 0 5 5 5 1 1 0.001586208 0.00048475 0.0015943832 0.0004830668 0.001583 0.000483 0.0015918 0.000482 7568 1325 5487 1039 39716 355096 468 269786 106833 1325 34.7919921875 5.0732421875 0.1787109375 1.4267578125
map_8 60 1 5 5 5 1 1 0.001249292 0.001895833 0.0012648498 0.0018909 0.00125 0.001892 0.0012644 0.0018888 6154 2669 3460 2147 39288 1462021 79 1152334 88295 2669 24.89453125 10.4833984375 0.1875 1.4326171875
map_9 60 0 5 5 5 1 1 0.001481167 0.002711458 0.001479925 0.002719708 0.001478 0.002708 0.0014776 0.0027182 6984 3470 4755 2502 41471 2192637 313 1563957 100988 3470 31.2177734375 12.216796875 0.1904296875 1.37109375
map_0 61 0 5 5 5 1 1 0.001546167 0.005106958 0.0015398584 0.0051030586 0.001546 0.005106 0.0015376 0.0051012 7215 4502 5758 3580 40286 4023942 682 3202488 104508 4502 36.115234375 17.48046875 0.228515625 1.51171875
map_1 61 1 5 5 5 1 1 0.001238375 0.001010125 0.0012623752 0.0010118748 0.001238 0.00101 0.0012602 0.00101 6165 1963 4642 1527 30861 779883 209 582373 91923 1963 30.666015625 7.4560546875 0.1962890625 1.3564453125
map_2 61 0 5 5 5 1 1 0.001691334 0.001812084 0.0016833082 0.0018111252 0.001682 0.001811 0.0016752 0.0018092 7707 2770 5430 2061 42955 1427669 501 1061218 116798 2770 34.513671875 10.0634765625 0.193359375 1.40625
map_3 61 1 5 5 5 1 1 0.000920917 0.001036625 0.0009333834 0.0010393502 0.00092 0.001033 0.0009322 0.0010364 4483 2040 2784 1517 23207 784324 2 574929 66519 2040 21.59375 7.4072265625 0.2021484375 1.388671875
map_4 61 0 5 5 5 1 1 0.001200875 0.0007055 0.0012177418 0.0007050752 0.001197 0.000704 0.0012154 0.0007042 5847 1852 3604 1200 26893 558044 35 359938 86811 1852 25.59765625 5.859375 0.1728515625 1.529296875
map_5 61 1 5 5 5 1 1 0.001227792 0.00170225 0.0012261498 0.0017049916 0.001228 0.001701 0.001226 0.0017036 5893 2694 3693 2145 29400 1471703 45 1149372 85029 2694 26.0322265625 10.4736328125 0.2109375 1.3857421875
map_6 61 0 5 5 5 1 1 0.0013575 0.001058625 0.0013622584 0.001047742 0.001351 0.001058 0.0013582 0.0010462 6576 2030 4969 1579 38331 811778 194 622739 97939 2030 32.2626953125 7.7099609375 0.1728515625 1.3828125
map_7 61 1 5 5 5 1 1 0.001510167 0.000235333 0.0015360252 0.0002353002 0.001508 0.000236 0.0015352 0.000235 7490 855 5805 744 44338 154270 611 138381 109502 855 36.3447265625 3.6328125 0.216796875 1.3828125
map_8 61 0 5 5 5 1 1 0.001422084 0.000307958 0.0014185248 0.0003071246 0.001422 0.000307 0.0014168 0.0003066 6611 1045 4070 831 28817 215855 261 172633 91509 1045 27.873046875 4.0576171875 0.1904296875 1.3857421875
map_9 61 1 5 5 5 1 1 0.001252292 0.003268125 0.0012844168 0.0032655164 0.001248 0.003268 0.0012832 0.003261 6226 3771 4604 2754 35510 2647864 146 1895915 91454 3771 30.48046875 13.447265625 0.2138671875 1.763671875
map_0 62 1 5 5 5 1 1 0.00122075 0.003902834 0.00123125 0.0038968916 0.001219 0.003894 0.0012292 0.0038906 5969 4077 3707 3045 35108 3125149 193 2316649 87086 4077 26.1005859375 14.8681640625 0.1669921875 1.4765625
map_1 62 0 5 5 5 1 1 0.001103292 0.000887833 0.00108625 0.000888625 0.001103 0.000888 0.0010852 0.0008884 5049 1808 3817 1443 25906 670585 16 520021 76201 1808 26.6376953125 7.0458984375 0.205078125 1.353515625
map_2 62 1 5 5 5 1 1 0.001398542 0.000592917 0.0014064086 0.0005948832 0.001395 0.000591 0.0014042 0.0005924 6683 1635 5607 1229 36562 504272 508 377381 102205 1635 35.3779296875 6.0009765625 0.15234375 1.353515625
map_3 62 0 5 5 5 1 1 0.001205167 0.002525791 0.0012133002 0.0025274664 0.001203 0.002524 0.0012076 0.0025252 5542 3108 3618 2506 28082 1940910 61 1569072 81151 3108 25.666015625 12.236328125 0.1728515625 1.3974609375
map_4 62 1 5 5 5 1 1 0.001065959 0.000303792 0.001084425 0.0003033914 0.001066 0.000304 0.0010838 0.000303 5289 1013 3749 817 27146 213900 145 166793 76432 1013 26.3056640625 3.9892578125 0.205078125 1.3740234375
map_5 62 0 5 5 5 1 1 0.001309583 0.000926875 0.0013008834 0.0009262002 0.001306 0.000923 0.0012964 0.0009244 6130 1800 3748 1506 34446 679368 41 566434 87355 1800 26.30078125 7.353515625 0.169921875 1.3564453125
map_6 62 1 5 5 5 1 1 0.001499417 0.0073285 0.0015197082 0.0073329332 0.001499 0.00732 0.0015186 0.00732 7395 5647 5487 4176 46288 6033786 508 4359640 104843 5646 34.7919921875 20.390625 0.216796875 1.7958984375
map_7 62 0 5 5 5 1 1 0.001398709 0.002010125 0.0013981002 0.002010975 0.001398 0.002007 0.0013946 0.0020086 6709 2834 5299 2221 38973 1545385 430 1232277 97189 2834 33.8740234375 10.8447265625 0.2109375 1.3740234375
map_8 62 1 5 5 5 1 1 0.001233541 0.000527041 0.001252658 0.0005264584 0.001233 0.000525 0.001251 0.0005254 6174 1405 4465 1105 32360 380372 262 304963 89515 1405 29.8017578125 5.3955078125 0.1728515625 1.388671875
map_9 62 0 5 5 5 1 1 0.001055791 0.003694792 0.0010580748 0.0036961086 0.001055 0.003694 0.0010558 0.0036958 4950 3941 3073 2990 27035 2938657 71 2234758 70995 3941 23.0048828125 14.599609375 0.181640625 1.83984375
map_0 63 0 5 5 5 1 1 0.001276792 0.000278958 0.001298175 0.0002791252 0.001273 0.000279 0.0012944 0.000278 6126 917 3688 806 33339 190197 71 162332 88254 917 26.0078125 3.935546875 0.1845703125 1.3505859375
map_1 63 1 5 5 5 1 1 0.001188333 0.000841417 0.001214658 0.000841025 0.001188 0.00084 0.0012132 0.0008392 5925 1753 4507 1412 31004 632229 81 497934 87511 1753 30.0068359375 6.89453125 0.2138671875 1.318359375
map_2 63 0 5 5 5 1 1 0.001292375 0.000316667 0.0012839836 0.0003159 0.001287 0.000314 0.0012796 0.000315 6010 1059 4674 828 32080 222951 329 171391 91448 1059 30.822265625 4.04296875 0.2138671875 1.3271484375
map_3 63 1 5 5 5 1 1 0.000954875 0.001630834 0.0009674334 0.0016273918 0.000954 0.00163 0.000966 0.0016246 4734 2497 3434 1991 24456 1234625 14 990378 70647 2496 24.767578125 9.7216796875 0.216796875 1.318359375
map_4 63 0 5 5 5 1 1 0.000983292 0.000375667 0.0009919082 0.0003756504 0.000984 0.000375 0.0009916 0.0003742 4809 1115 2531 925 21251 264093 25 213808 68085 1115 20.3583984375 4.5166015625 0.1669921875 1.37109375
map_5 63 1 5 5 5 1 1 0.0009885 0.000796917 0.0009979168 0.0008002834 0.000988 0.000797 0.0009964 0.0008002 4882 1835 3082 1330 25951 616602 37 441768 69076 1835 23.048828125 6.494140625 0.1904296875 1.3857421875
map_6 63 0 5 5 5 1 1 0.0012055 0.000890667 0.0012167336 0.0008900584 0.001205 0.000889 0.0012148 0.0008884 5927 1832 4263 1443 32393 674358 77 520378 86606 1832 28.8154296875 7.0458984375 0.1728515625 1.359375
map_7 63 1 5 5 5 1 1 0.00129425 0.000329334 0.0013037086 0.000328567 0.001293 0.000329 0.0013028 0.0003274 6290 1010 4996 869 34744 227907 267 188684 92647 1010 32.39453125 4.2431640625 0.1904296875 1.3037109375
map_8 63 0 5 5 5 1 1 0.001475417 0.000897083 0.0014834834 0.0009041498 0.001468 0.000897 0.00148 0.0009 7037 1857 3939 1462 72169 658316 232 534082 94649 1857 27.2333984375 7.138671875 0.1962890625 1.41796875
map_9 63 1 5 5 5 1 1 0.001329833 0.001464833 0.0013291916 0.0016804 0.001327 0.001455 0.0013284 0.0016768 6375 2361 4996 1839 34217 1132961 244 845459 93229 2361 32.39453125 8.9794921875 0.216796875 1.4384765625
map_0 64 1 5 5 5 1 1 0.001499333 0.000756584 0.0014758668 0.0007569668 0.001487 0.000754 0.0014702 0.000755 6799 1660 5359 1337 35835 554938 422 446730 98293 1660 34.1669921875 6.5283203125 0.2255859375 1.453125
map_1 64 0 5 5 5 1 1 0.001194375 0.000722416 0.0012050248 0.0007208666 0.001194 0.000721 0.0012044 0.00072 5794 1623 4507 1310 30071 530930 230 428648 84124 1623 30.0068359375 6.396484375 0.205078125 1.353515625
map_2 64 1 5 5 5 1 1 0.000902833 0.00757625 0.000913975 0.007577725 0.000902 0.007573 0.0009132 0.0075666 4356 5927 2319 4302 27765 6138156 5 4624720 64002 5927 19.3232421875 21.005859375 0.1669921875 1.400390625
map_3 64 0 5 5 5 1 1 0.001119125 0.001213791 0.00113635 0.0012117998 0.001116 0.001213 0.0011326 0.0012112 5408 2213 3893 1652 29296 918107 69 681612 79976 2213 27.0087890625 8.06640625 0.205078125 1.388671875
map_4 64 1 5 5 5 1 1 0.001327459 0.000693792 0.0013307252 0.0006958336 0.001327 0.000694 0.0013304 0.0006952 6549 1658 3957 1254 35011 522627 213 392780 95010 1658 27.3212890625 6.123046875 0.1787109375 1.4296875
map_5 64 0 5 5 5 1 1 0.00128975 0.000415709 0.0012834168 0.0004295334 0.001289 0.000415 0.0012796 0.0004292 6095 1215 4401 978 35418 289621 133 238990 88030 1215 29.4892578125 4.775390625 0.2080078125 1.412109375
map_6 64 1 5 5 5 1 1 0.001196417 0.003668625 0.0012023084 0.0036681998 0.001196 0.003666 0.0011992 0.003664 5744 3874 3899 2982 30568 2926326 97 2221753 82548 3874 27.0380859375 14.560546875 0.1787109375 1.365234375
map_7 64 0 5 5 5 1 1 0.0015375 0.000378333 0.0015200168 0.0003778166 0.001537 0.000378 0.0015168 0.0003774 7153 1192 5477 917 42611 270555 761 210093 102087 1192 34.7431640625 4.4775390625 0.2021484375 1.4150390625
map_8 64 1 5 5 5 1 1 0.00142175 0.000432916 0.001423675 0.0004324582 0.001419 0.000433 0.0014212 0.0004324 6667 1242 4148 999 50184 304146 247 249318 91814 1242 28.25390625 4.8779296875 0.2138671875 1.40625
map_9 64 0 5 5 5 1 1 0.001540417 0.000928542 0.00154625 0.0009166916 0.001538 0.000906 0.0015452 0.000909 7408 1865 5654 1421 36181 668675 609 504337 106922 1865 35.607421875 6.9384765625 0.2109375 1.400390625
map_0 65 0 5 5 5 1 1 0.000898917 0.00058525 0.0009071918 0.000601125 0.000898 0.000584 0.0009054 0.0006006 4388 1492 2325 1215 23665 465649 9 368755 62810 1492 19.3525390625 5.9326171875 0.169921875 1.3798828125
map_1 65 1 5 5 5 1 1 0.001426959 0.001372666 0.0014459502 0.0013762998 0.001421 0.001372 0.001444 0.0013728 7055 2348 5424 1791 45433 1081420 399 801203 102396 2348 34.484375 8.7451171875 0.2314453125 1.3798828125
map_2 65 0 5 5 5 1 1 0.001232375 0.001330834 0.001242975 0.0013316916 0.001232 0.001331 0.0012428 0.0013312 5990 2245 3782 1794 38325 1015137 86 803918 90481 2245 26.466796875 8.759765625 0.1962890625 1.40625
map_3 65 1 5 5 5 1 1 0.001127167 0.002778708 0.001124525 0.002788025 0.001127 0.002777 0.0011226 0.0027848 5389 3326 3451 2595 25870 2189007 61 1683080 75746 3326 24.8505859375 12.6708984375 0.1845703125 1.3447265625
map_4 65 0 5 5 5 1 1 0.001323917 0.002345209 0.0013474832 0.0023855334 0.001324 0.002335 0.0013408 0.002382 6388 2983 4550 2385 31821 1821075 252 1422043 93019 2983 30.216796875 11.6455078125 0.1728515625 1.359375
map_5 65 1 5 5 5 1 1 0.001177583 0.000928542 0.0011765832 0.0009252 0.001175 0.000925 0.0011744 0.000924 5563 1837 3939 1492 30452 684749 152 556224 80496 1837 27.2333984375 7.28515625 0.17578125 1.4853515625
map_6 65 0 5 5 5 1 1 0.00134175 0.000432667 0.0013288416 0.0004905834 0.001339 0.000433 0.0013264 0.0004892 6266 1157 4561 995 36922 297586 190 247403 91166 1157 30.2705078125 4.8583984375 0.1875 1.365234375
map_7 65 1 5 5 5 1 1 0.001121292 0.001346917 0.0011363918 0.0013483 0.001119 0.001345 0.001135 0.0013462 5655 2372 3682 1768 33077 1044694 118 780923 79377 2372 25.978515625 8.6328125 0.251953125 1.4912109375
map_8 65 0 5 5 5 1 1 0.001766833 0.002108125 0.0017766668 0.0021144668 0.001767 0.002108 0.0017728 0.0021124 8284 2909 5372 2307 70932 1607305 501 1329540 113302 2908 34.23046875 11.2646484375 0.2138671875 1.4208984375
map_9 65 1 5 5 5 1 1 0.001447709 0.00183075 0.0014403418 0.0018590916 0.001431 0.001827 0.0014296 0.001856 6698 2841 5042 2041 36007 1459071 462 1041410 98549 2841 32.619140625 9.9658203125 0.2021484375 1.716796875
map_0 66 1 5 5 5 1 1 0.001429292 0.005319875 0.001423625 0.0053376998 0.001428 0.005315 0.0014204 0.0053336 6764 4615 4699 3590 36589 4250544 542 3220959 96697 4615 30.9443359375 17.529296875 0.1669921875 1.3271484375
map_1 66 0 5 5 5 1 1 0.00115875 0.0006895 0.0011596584 0.0006912252 0.00115 0.000686 0.001153 0.0006888 5347 1623 4040 1252 28838 518351 211 391772 76547 1623 27.7265625 6.11328125 0.17578125 1.3681640625
map_2 66 1 5 5 5 1 1 0.001161833 0.001395916 0.0011533834 0.0013959 0.001161 0.00139 0.0011518 0.0013912 5504 2347 4124 1816 27173 1078059 88 823837 80887 2347 28.13671875 8.8671875 0.1787109375 1.435546875
map_3 66 0 5 5 5 1 1 0.001082208 0.001074083 0.001076525 0.0010772914 0.001081 0.001071 0.0010724 0.0010756 5062 2074 3531 1547 24360 854502 63 597757 72458 2073 25.2412109375 7.5537109375 0.181640625 1.3330078125
map_4 66 1 5 5 5 1 1 0.001063667 0.000478417 0.0010736082 0.0004773332 0.00106 0.000478 0.00107 0.0004768 5141 1310 2732 1070 25470 341533 102 286168 72733 1310 21.33984375 5.224609375 0.17578125 1.423828125
map_5 66 0 5 5 5 1 1 0.001512459 0.00035625 0.0015163586 0.0003554752 0.001508 0.000354 0.001507 0.0003548 6986 1149 5803 886 36738 252081 759 196138 99871 1149 36.3349609375 4.326171875 0.2080078125 1.37109375
map_6 66 1 5 5 5 1 1 0.001322292 0.000816458 0.0013207084 0.0008246 0.001318 0.000815 0.0013188 0.000821 6298 1876 4375 1314 38073 637006 227 431237 90126 1876 29.3623046875 6.416015625 0.1904296875 1.39453125
map_7 66 0 5 5 5 1 1 0.001124834 0.001217416 0.0011117084 0.0012166916 0.001119 0.001214 0.0011036 0.0012146 5228 2174 3493 1668 33616 949358 94 694864 70540 2174 25.0556640625 8.14453125 0.2373046875 1.306640625
map_8 66 1 5 5 5 1 1 0.001378292 0.003685459 0.0013691168 0.0037103336 0.001375 0.003684 0.0013666 0.0036992 6440 3977 6068 2987 31898 2926464 481 2230118 94924 3977 37.62890625 14.5849609375 0.17578125 1.8310546875
map_9 66 0 5 5 5 1 1 0.001067166 0.000309458 0.0010836246 0.0003102082 0.001064 0.000308 0.001079 0.0003092 5204 1169 3458 803 28434 218428 118 161086 76102 1169 24.884765625 3.9208984375 0.181640625 1.3974609375
map_0 67 0 5 5 5 1 1 0.001306042 0.000531542 0.0013032086 0.00056305 0.001303 0.00053 0.0012994 0.0005608 6097 1356 3625 1066 28594 372524 69 283857 86850 1356 25.7001953125 5.205078125 0.17578125 1.3505859375
map_1 67 1 5 5 5 1 1 0.001255959 0.001704958 0.0012606416 0.0017125584 0.001253 0.001705 0.0012566 0.0017112 5982 2604 4417 2062 31837 1300500 90 1062597 88852 2604 29.5673828125 10.068359375 0.2021484375 1.6611328125
map_2 67 0 5 5 5 1 1 0.001419125 0.000835083 0.0014320918 0.0008437498 0.001416 0.000834 0.0014302 0.0008382 7025 1754 5642 1401 37863 622682 397 490281 104796 1754 35.548828125 6.8408203125 0.19921875 1.388671875
map_3 67 1 5 5 5 1 1 0.001418958 0.0010315 0.0013946332 0.001033 0.001418 0.00103 0.0013934 0.0010308 6643 2111 5032 1538 34035 790820 293 590927 97400 2111 32.5703125 7.509765625 0.193359375 1.4326171875
map_4 67 0 5 5 5 1 1 0.001174167 0.000365833 0.0011861418 0.0003647168 0.001174 0.000366 0.001185 0.0003646 5639 1165 3205 920 26188 253232 28 211434 81264 1165 23.6494140625 4.4921875 0.2255859375 1.3388671875
map_5 67 1 5 5 5 1 1 0.001442 0.001026209 0.0014628 0.0010327002 0.001439 0.001023 0.0014602 0.0010254 7131 1896 5157 1577 32617 763379 326 621363 102009 1896 33.1806640625 7.7001953125 0.1611328125 1.447265625
map_6 67 0 5 5 5 1 1 0.001588042 0.003284291 0.00158155 0.0032872498 0.001577 0.003283 0.0015784 0.003285 7460 3681 6021 2837 41105 2606110 693 2010969 107836 3681 37.3994140625 13.8525390625 0.1640625 1.30078125
map_7 67 1 5 5 5 1 1 0.0014125 0.000346542 0.0014340668 0.0003460586 0.001409 0.000346 0.0014304 0.000345 6856 1135 4544 887 40259 238121 225 196609 96031 1134 30.1875 4.3310546875 0.1728515625 1.4296875
map_8 67 0 5 5 5 1 1 0.001310875 0.00075375 0.0013148332 0.0007492084 0.001311 0.000751 0.0013136 0.000747 6307 1718 4375 1324 37883 561809 53 437827 90533 1718 29.3623046875 6.46484375 0.1904296875 1.376953125
map_9 67 1 5 5 5 1 1 0.00139925 0.000641125 0.0013847418 0.0006405582 0.001398 0.00064 0.0013818 0.0006384 6419 1634 4108 1175 32516 488049 244 344845 91761 1634 28.05859375 5.7373046875 0.1904296875 1.3330078125
map_0 68 1 5 5 5 1 1 0.001472167 0.000794542 0.0014891586 0.0007941248 0.001472 0.000794 0.0014878 0.0007926 7178 1650 5038 1381 38624 582879 475 476520 101750 1650 32.599609375 6.7431640625 0.1904296875 1.3916015625
map_1 68 0 5 5 5 1 1 0.001698 0.002277166 0.0016850584 0.0022832746 0.001697 0.002275 0.0016816 0.0022798 8023 3175 6804 2271 46100 1849545 1562 1289234 113851 3175 41.22265625 11.0888671875 0.1962890625 1.5263671875
map_2 68 1 5 5 5 1 1 0.001327875 0.002721667 0.0013481 0.0027428332 0.001327 0.002719 0.0013456 0.0027412 6503 3279 4260 2535 42234 2185216 213 1606122 94812 3279 28.80078125 12.3779296875 0.1845703125 1.37109375
map_3 68 0 5 5 5 1 1 0.001169625 0.000637959 0.0011426752 0.0006477918 0.001169 0.000638 0.0011406 0.0006466 5495 1656 3720 1249 31331 500756 139 389639 80667 1656 26.1640625 6.0986328125 0.22265625 1.412109375
map_4 68 1 5 5 5 1 1 0.001225 0.0007015 0.001217925 0.0007022834 0.001224 0.000701 0.0012166 0.0007012 5766 1657 3700 1299 27880 507365 43 421485 83664 1657 26.06640625 6.3427734375 0.1787109375 1.3798828125
map_5 68 0 5 5 5 1 1 0.0012205 0.000951416 0.001228825 0.00095035 0.001217 0.000949 0.0012266 0.0009482 5982 1897 4523 1488 29687 720194 306 552962 85864 1897 30.0849609375 7.265625 0.1875 1.34765625
map_6 68 1 5 5 5 1 1 0.001324416 0.000747209 0.0013462166 0.0007457752 0.001324 0.000746 0.0013438 0.000745 6399 1704 4284 1308 39415 564660 300 427328 92069 1704 28.91796875 6.38671875 0.1845703125 1.4384765625
map_7 68 0 5 5 5 1 1 0.0010195 0.001279167 0.0010347 0.001285425 0.00102 0.001277 0.0010344 0.0012794 5031 2202 3319 1736 30522 983612 47 753248 70478 2202 24.2060546875 8.4765625 0.1904296875 1.599609375
map_8 68 1 5 5 5 1 1 0.001142292 0.003503834 0.0011440582 0.0035117082 0.001139 0.003495 0.0011412 0.003508 5461 3922 3382 2835 47346 2831862 35 2007987 75821 3922 24.513671875 13.8427734375 0.1845703125 1.32421875
map_9 68 0 5 5 5 1 1 0.001293167 0.001388125 0.0012628336 0.0013864 0.001291 0.001388 0.0012616 0.001385 5899 2463 4257 1744 29924 1117728 257 759869 85402 2463 28.7861328125 8.515625 0.1845703125 1.423828125
map_0 69 0 5 5 5 1 1 0.001190084 0.000363458 0.0011820668 0.0003822416 0.00119 0.000359 0.0011786 0.0003794 5506 1106 4147 879 27218 244437 76 193016 80543 1106 28.2490234375 4.2919921875 0.1962890625 1.3740234375
map_1 69 1 5 5 5 1 1 0.001533209 0.002395125 0.0015231166 0.0023976418 0.001534 0.002392 0.0015212 0.0023928 7130 3057 5513 2407 44010 1854232 400 1447351 98347 3057 34.9189453125 11.7529296875 0.19921875 1.359375
map_2 69 0 5 5 5 1 1 0.000933041 0.001903541 0.0009266752 0.0019036248 0.000932 0.0019 0.0009254 0.001901 4376 2789 3215 2111 23978 1491635 5 1114020 67091 2789 23.6982421875 10.3076171875 0.216796875 1.6025390625
map_3 69 1 5 5 5 1 1 0.001382833 0.00169825 0.0014006748 0.0016974502 0.001382 0.001694 0.0013988 0.001694 6834 2573 4935 2015 35482 1311824 262 1014189 100209 2573 32.0966796875 9.8388671875 0.2255859375 1.2919921875
map_4 69 0 5 5 5 1 1 0.001169791 0.000289667 0.0011785332 0.0002920834 0.001167 0.00029 0.0011756 0.0002916 5604 971 3341 818 26448 197761 304 167240 80940 971 24.3134765625 3.994140625 0.1904296875 1.330078125
map_5 69 1 5 5 5 1 1 0.001427833 0.003985125 0.0014201 0.0039996002 0.001422 0.003981 0.0014166 0.003996 6906 4173 4856 3041 33981 3267479 665 2310526 97213 4173 31.7109375 14.8486328125 0.1845703125 1.3798828125
map_6 69 0 5 5 5 1 1 0.001141708 0.001446291 0.0011539332 0.0014470832 0.001141 0.001445 0.001151 0.0014458 5506 2381 3727 1845 31006 1113990 83 850298 78718 2381 26.1982421875 9.0087890625 0.1875 1.39453125
map_7 69 1 5 5 5 1 1 0.001002167 0.000520083 0.00101915 0.0005059248 0.001002 0.00052 0.001018 0.0005058 4972 1075 3065 944 28559 264809 99 222700 66438 1075 22.9658203125 4.609375 0.1787109375 1.341796875
map_8 69 0 5 5 5 1 1 0.001399625 0.000735458 0.0014047082 0.0007338502 0.001399 0.000735 0.0014024 0.0007324 6731 1691 5138 1300 47653 547607 325 422113 97917 1691 33.087890625 6.34765625 0.216796875 1.376953125
map_9 69 1 5 5 5 1 1 0.001377584 0.000834667 0.001395225 0.0008335752 0.001374 0.000835 0.0013934 0.0008324 6782 1775 5024 1385 35426 626565 441 479090 99706 1775 32.53125 6.7626953125 0.1962890625 1.3974609375
map_0 70 1 5 5 5 1 1 0.001425125 0.001843875 0.00144115 0.0018824084 0.001426 0.00184 0.0014406 0.001874 7058 2672 5067 2071 35157 1448852 538 1072107 102564 2672 32.7412109375 10.1123046875 0.1875 1.6640625
map_1 70 0 5 5 5 1 1 0.001089041 0.001821959 0.001076883 0.0018209586 0.001084 0.001818 0.001075 0.0018186 5063 2622 3434 2086 29243 1413552 7 1087652 72634 2622 24.767578125 10.185546875 0.1787109375 1.435546875
map_2 70 1 5 5 5 1 1 0.00150025 0.000323792 0.0015058332 0.0003234834 0.001499 0.000322 0.0015022 0.0003224 7026 1092 4583 832 45063 231665 278 173051 103030 1092 30.3779296875 4.0625 0.2021484375 1.4267578125
map_3 70 0 5 5 5 1 1 0.00116975 0.000417417 0.0011675002 0.0004088252 0.001166 0.000414 0.001163 0.0004076 5412 1073 3308 906 27790 247904 131 205139 80359 1073 24.15234375 4.423828125 0.1875 1.365234375
map_4 70 1 5 5 5 1 1 0.000964042 0.000958667 0.0009696332 0.0010842084 0.000963 0.000959 0.0009684 0.0010828 4680 1907 3068 1510 22000 706639 28 569512 66600 1907 22.98046875 7.373046875 0.2197265625 1.39453125
map_5 70 0 5 5 5 1 1 0.001592958 0.000338083 0.001580225 0.0003391248 0.00159 0.000337 0.001578 0.0003388 7473 1166 6110 875 41563 239117 699 191399 106519 1166 37.833984375 4.2724609375 0.1904296875 1.40625
map_6 70 1 5 5 5 1 1 0.001106542 0.001701292 0.0011206414 0.0016989752 0.0011 0.001701 0.0011188 0.0016972 5519 2555 3974 2047 30125 1294146 139 1046973 77785 2555 27.404296875 9.9951171875 0.1787109375 1.529296875
map_7 70 0 5 5 5 1 1 0.001159791 0.003492875 0.0011603164 0.0034889168 0.001159 0.00349 0.0011572 0.003487 5399 3747 3312 2909 29839 2786736 41 2114270 77755 3746 24.171875 14.2041015625 0.1845703125 1.3359375
map_8 70 1 5 5 5 1 1 0.001400416 0.001348709 0.0014108666 0.0013505336 0.001399 0.001349 0.0014094 0.0013474 6752 2317 5147 1801 43996 1022936 469 810395 96239 2317 33.1318359375 8.7939453125 0.2109375 1.5703125
map_9 70 0 5 5 5 1 1 0.000940458 0.000847042 0.0009444332 0.000846433 0.00094 0.000845 0.000943 0.0008446 4562 1846 2729 1379 19957 653589 35 475114 64416 1846 21.3251953125 6.7333984375 0.1787109375 1.4794921875
map_0 71 0 5 5 5 1 1 0.001102542 0.000688416 0.0010949834 0.000686708 0.001099 0.000685 0.0010928 0.0006834 5382 1540 3133 1252 27219 511509 73 391649 77876 1540 23.2978515625 6.11328125 0.1962890625 1.388671875
map_1 71 1 5 5 5 1 1 0.00106925 0.000616084 0.0010829334 0.0006747086 0.001068 0.00061 0.0010818 0.000673 5270 1483 3654 1149 26673 428797 58 329708 77682 1482 25.841796875 5.6103515625 0.1787109375 1.365234375
map_2 71 0 5 5 5 1 1 0.001394125 0.002394125 0.0014179748 0.002397675 0.001391 0.002394 0.0014154 0.0023964 6818 3044 5814 2428 36552 1860743 429 1473508 104879 3043 36.388671875 11.85546875 0.2255859375 1.6875
map_3 71 1 5 5 5 1 1 0.000820583 0.000380334 0.0008295248 0.0003803918 0.00082 0.000379 0.0008282 0.0003796 3976 1104 1973 932 27537 272678 23 217099 57506 1104 17.6337890625 4.55078125 0.1728515625 1.3916015625
map_4 71 0 5 5 5 1 1 0.00143375 0.001960958 0.001460725 0.0019698084 0.001433 0.00196 0.0014572 0.0019686 7024 2865 4809 2161 35262 1537057 624 1167367 102616 2865 31.4814453125 10.5517578125 0.2109375 1.4560546875
map_5 71 1 5 5 5 1 1 0.001203458 0.001870792 0.0012176668 0.0018705168 0.001203 0.00187 0.001217 0.0018696 6024 2625 3959 2149 29817 1435838 380 1153642 85351 2625 27.3310546875 10.4931640625 0.2080078125 1.376953125
map_6 71 0 5 5 5 1 1 0.001225292 0.002985 0.0012190086 0.0029839086 0.001222 0.002982 0.0012146 0.0029798 5769 3495 4199 2661 28494 2346434 317 1770208 84403 3495 28.5029296875 12.9931640625 0.1962890625 1.775390625
map_7 71 1 5 5 5 1 1 0.001170917 0.000546583 0.0011970498 0.0005562918 0.001168 0.000546 0.0011936 0.0005506 5968 1402 3900 1130 32795 397015 160 318990 81629 1402 27.04296875 5.517578125 0.2138671875 1.4794921875
map_8 71 0 5 5 5 1 1 0.00124575 0.003397042 0.0012530916 0.0033996502 0.001242 0.003397 0.0012502 0.0033984 5873 3797 4217 2840 36891 2746001 94 2015354 84042 3797 28.5908203125 13.8671875 0.2197265625 1.294921875
map_9 71 1 5 5 5 1 1 0.001181791 0.001986208 0.0011800248 0.002062175 0.001181 0.001984 0.0011796 0.0020596 5763 2900 4065 2146 29555 1577306 157 1151224 83584 2900 27.8486328125 10.478515625 0.181640625 1.6669921875
map_0 72 1 5 5 5 1 1 0.000946833 0.004022916 0.0009577916 0.0040170164 0.000946 0.004013 0.0009556 0.0040064 4633 4173 2366 3031 26251 3185919 6 2296674 66465 4173 19.552734375 14.7998046875 0.1904296875 1.86328125
map_1 72 0 5 5 5 1 1 0.001092041 0.000352666 0.0011055252 0.0003535082 0.001091 0.000352 0.0011044 0.0003534 5908 1054 4479 916 37409 245377 212 209670 86519 1054 29.8701171875 4.47265625 0.2021484375 1.359375
map_2 72 1 5 5 5 1 1 0.001012708 0.00125175 0.001023525 0.0012508084 0.001012 0.001249 0.001023 0.0012492 5506 2344 3260 1811 32657 1085285 62 819126 80549 2344 23.91796875 8.8427734375 0.2373046875 1.2216796875
map_3 72 0 5 5 5 1 1 0.001167417 0.000828709 0.0011760084 0.0008288002 0.001167 0.000827 0.0011748 0.0008274 6334 1915 4685 1471 33595 697318 298 540628 92847 1915 30.8759765625 7.1826171875 0.2109375 1.453125
map_4 72 1 5 5 5 1 1 0.001144416 0.000443875 0.0011529248 0.0004447834 0.001141 0.000443 0.0011516 0.0004442 6275 1431 4062 1037 35166 371631 190 268819 90671 1431 27.833984375 5.0634765625 0.22265625 1.4501953125
map_5 72 0 5 5 5 1 1 0.000974917 0.000548792 0.0009795 0.0005482918 0.000973 0.000547 0.0009782 0.0005474 5288 1613 3272 1123 34009 481624 51 315037 71698 1613 23.9765625 5.4833984375 0.181640625 1.3740234375
map_6 72 1 5 5 5 1 1 0.001278791 0.002618167 0.0012958832 0.00261845 0.001275 0.002615 0.0012936 0.0026154 7111 3545 5201 2599 38531 2385967 575 1687555 103154 3545 33.3955078125 12.6904296875 0.2080078125 1.39453125
map_7 72 0 5 5 5 1 1 0.0012785 0.000554417 0.0012965084 0.00054915 0.001276 0.000551 0.001293 0.0005472 7111 1307 6041 1095 36932 366677 686 299516 100864 1307 37.4970703125 5.3466796875 0.2255859375 1.330078125
map_8 72 1 5 5 5 1 1 0.001170916 0.000250583 0.0011812082 0.00025125 0.00117 0.00025 0.0011794 0.0002502 6477 975 4602 795 35090 193393 178 157979 95772 975 30.470703125 3.8818359375 0.205078125 1.3623046875
map_9 72 0 5 5 5 1 1 0.0009535 0.000677416 0.000968225 0.0006771416 0.000951 0.000675 0.0009666 0.0006754 5200 1721 3077 1284 28322 586850 52 411749 73738 1721 23.0244140625 6.26953125 0.17578125 1.359375
map_0 73 0 5 5 5 1 1 0.000972792 0.004256208 0.0009842584 0.0042729918 0.000974 0.004254 0.000983 0.0042672 5372 4434 3767 3410 28646 3771879 126 2906426 76899 4434 26.3935546875 16.650390625 0.1845703125 1.5849609375
map_1 73 1 5 5 5 1 1 0.001396083 0.000368292 0.0014012582 0.0003686086 0.001392 0.000368 0.0013926 0.0003684 7292 1192 5850 992 40136 286436 827 245897 104247 1192 36.564453125 4.84375 0.1728515625 1.3359375
map_2 73 0 5 5 5 1 1 0.001091125 0.0065465 0.001106825 0.0065464498 0.00109 0.006545 0.0011056 0.006546 5965 5691 4236 4177 38198 6073117 116 4361732 89458 5691 28.68359375 20.3955078125 0.1875 1.7197265625
map_3 73 1 5 5 5 1 1 0.001162291 0.00038775 0.0011779498 0.0004014336 0.001161 0.000388 0.0011774 0.0004018 6508 1243 5315 952 32509 294956 302 226412 96846 1243 33.9521484375 4.6484375 0.2080078125 1.39453125
map_4 73 0 5 5 5 1 1 0.000895625 0.00203475 0.0009039832 0.0020347584 0.000896 0.002034 0.0009028 0.002034 4940 3022 3093 2370 24090 1759859 42 1403206 69610 3022 23.1025390625 11.572265625 0.181640625 1.3974609375
map_5 73 1 5 5 5 1 1 0.001159 0.000280125 0.0011781168 0.0002811916 0.001155 0.00028 0.0011748 0.0002802 6517 1011 5199 844 31715 219677 502 177968 95800 1011 33.3857421875 4.12109375 0.1904296875 1.3359375
map_6 73 0 5 5 5 1 1 0.000833291 0.000269708 0.0008355998 0.0002699834 0.000831 0.000268 0.0008342 0.000269 4446 1005 2832 821 23871 211517 2 168508 63554 1005 21.828125 4.0087890625 0.1845703125 1.3974609375
map_7 73 1 5 5 5 1 1 0.001167875 0.00023975 0.00118395 0.000239875 0.001165 0.00024 0.0011822 0.0002398 6510 899 4855 794 33477 181694 230 157543 93139 899 31.7060546875 3.876953125 0.19921875 1.353515625
map_8 73 0 5 5 5 1 1 0.001591208 0.000589458 0.0016125416 0.0005897334 0.001591 0.000588 0.0016122 0.000588 8878 1772 6453 1173 58130 512654 1044 343902 127013 1772 39.5087890625 5.7275390625 0.2314453125 1.51171875
map_9 73 1 5 5 5 1 1 0.001293375 0.000990375 0.0013045248 0.0009923334 0.00129 0.000989 0.0013016 0.0009908 7125 2102 4908 1610 35281 845432 359 647451 103828 2102 31.96484375 7.861328125 0.181640625 1.376953125
map_0 74 1 5 5 5 1 1 0.001020042 0.000714834 0.0010335084 0.0007139586 0.001017 0.000711 0.0010314 0.0007122 5614 1902 3538 1245 33621 656591 78 387159 80606 1901 25.275390625 6.0791015625 0.216796875 1.4033203125
map_1 74 0 5 5 5 1 1 0.0012925 0.001571041 0.0013122748 0.0015730914 0.001292 0.001571 0.0013102 0.0015724 7144 2615 5514 2053 40994 1367726 531 1052807 101458 2615 34.923828125 10.0244140625 0.1875 1.330078125
map_2 74 1 5 5 5 1 1 0.001080916 0.005020167 0.0010711164 0.0050283084 0.00108 0.005017 0.0010686 0.0050252 5839 4931 4657 3736 32896 4478345 109 3488479 86093 4931 30.7392578125 18.2421875 0.2109375 1.705078125
map_3 74 0 5 5 5 1 1 0.001308542 0.0002925 0.0013213168 0.00029245 0.001306 0.000292 0.0013182 0.0002914 7088 1009 5114 881 36709 223475 308 193845 105582 1009 32.970703125 4.3017578125 0.17578125 1.3388671875
map_4 74 1 5 5 5 1 1 0.000890834 0.003639417 0.000901742 0.003426875 0.000887 0.003617 0.0009002 0.0034194 4807 3444 2659 2720 26995 2391346 7 1848343 68799 3444 20.9833984375 13.28125 0.1904296875 1.3271484375
map_5 74 0 5 5 5 1 1 0.000960584 0.000554958 0.0009794252 0.0005556664 0.00096 0.000553 0.0009782 0.0005538 5277 1457 3814 1218 27031 450119 75 370542 76934 1457 26.623046875 5.947265625 0.1904296875 1.3916015625
map_6 74 1 5 5 5 1 1 0.000944917 0.00456575 0.0009555002 0.00456855 0.000945 0.004564 0.0009544 0.004565 5136 4544 3447 3549 30821 4074332 12 3147511 76284 4544 24.8310546875 17.3291015625 0.193359375 1.5087890625
map_7 74 0 5 5 5 1 1 0.000858291 0.000959125 0.0008675498 0.0009617334 0.000858 0.000955 0.0008662 0.0009594 4759 2007 3384 1571 23374 824443 93 616414 67099 2007 24.5234375 7.6708984375 0.1904296875 1.3271484375
map_8 74 1 5 5 5 1 1 0.001185959 0.000704916 0.0012020918 0.0007646666 0.001183 0.000698 0.0011992 0.0007592 6519 1741 4144 1340 39855 558126 132 448517 90740 1741 28.234375 6.54296875 0.17578125 1.423828125
map_9 74 0 5 5 5 1 1 0.000838167 0.007530083 0.0008374168 0.0077533002 0.000839 0.007505 0.0008356 0.0077254 4501 5968 2749 4422 23117 6693677 15 4886905 64862 5967 21.4228515625 21.591796875 0.1787109375 1.318359375
map_0 75 0 5 5 5 1 1 0.001182708 0.005489792 0.0011953336 0.0054871666 0.001182 0.005489 0.0011938 0.0054862 6439 5100 4427 3934 31769 4848250 219 3868976 94044 5099 29.6162109375 19.208984375 0.193359375 1.294921875
map_1 75 1 5 5 5 1 1 0.001027833 0.001558292 0.0010348416 0.0016275 0.001025 0.001558 0.0010334 0.0016208 5648 2558 4375 2043 28686 1340627 116 1042698 85416 2558 29.3623046875 9.9755859375 0.205078125 1.4033203125
map_2 75 0 5 5 5 1 1 0.001222041 0.002420791 0.0012328748 0.0024241832 0.001221 0.002421 0.0012312 0.0024228 6689 3323 5186 2515 35038 2174158 503 1580459 101875 3323 33.322265625 12.2802734375 0.181640625 1.294921875
map_3 75 1 5 5 5 1 1 0.001311375 0.001286292 0.0013310418 0.0012858416 0.001311 0.001285 0.00133 0.001285 7361 2466 6135 1838 37962 1116468 948 844111 110631 2466 37.9560546875 8.974609375 0.1845703125 1.3447265625
map_4 75 0 5 5 5 1 1 0.001337125 0.000329083 0.0013465998 0.0003315334 0.001334 0.000329 0.0013452 0.000331 7326 1098 4964 914 32539 251584 441 208675 108354 1098 32.23828125 4.462890625 0.1669921875 1.3505859375
map_5 75 1 5 5 5 1 1 0.001149959 0.000362208 0.001160725 0.0003630002 0.001147 0.000361 0.0011592 0.000362 6383 1124 4930 991 31101 278172 369 245403 90721 1124 32.072265625 4.8388671875 0.17578125 1.3798828125
map_6 75 0 5 5 5 1 1 0.001289417 0.002654542 0.0013249752 0.002653675 0.00129 0.002651 0.001323 0.0026518 7151 3429 5403 2660 38614 2378285 544 1768795 104515 3429 34.3818359375 12.98828125 0.2197265625 1.83984375
map_7 75 1 5 5 5 1 1 0.000983 0.001039 0.0009923668 0.0010340498 0.000982 0.001035 0.000991 0.0010322 5405 1786 3078 1510 29869 660443 36 569483 76041 1786 23.029296875 7.373046875 0.1875 1.318359375
map_8 75 0 5 5 5 1 1 0.001197917 0.006765583 0.001215325 0.0067631914 0.001198 0.006764 0.0012146 0.0067616 6454 5643 4003 4332 43673 6095674 221 4691454 89954 5643 27.5458984375 21.15234375 0.169921875 1.962890625
map_9 75 1 5 5 5 1 1 0.000891792 0.000669959 0.0009062082 0.0006709916 0.000889 0.000669 0.0009036 0.0006696 4887 1674 3185 1316 25266 563862 43 432521 69198 1674 23.5517578125 6.42578125 0.158203125 1.359375
map_0 76 1 5 5 5 1 1 0.001452667 0.000339334 0.0014603336 0.0003393252 0.001449 0.000338 0.0014536 0.0003388 7799 1088 5861 943 42213 264681 1095 222224 114783 1088 36.6181640625 4.6044921875 0.1728515625 1.3681640625
map_1 76 0 5 5 5 1 1 0.001308583 0.003243833 0.001321275 0.0032460666 0.001308 0.003241 0.0013196 0.003243 7093 3800 5224 2986 41513 2876390 527 2228324 102552 3800 33.5078125 14.580078125 0.1845703125 1.5908203125
map_2 76 1 5 5 5 1 1 0.00123925 0.001292958 0.001262492 0.001294725 0.001237 0.00129 0.0012542 0.0012924 6314 2390 4319 1836 39085 1119069 211 842457 91983 2390 29.0888671875 8.96484375 0.15234375 1.5087890625
map_3 76 0 5 5 5 1 1 0.00127425 0.000916666 0.001288425 0.0009180416 0.001275 0.000916 0.0012868 0.0009174 6970 1946 4511 1561 35377 774862 217 608863 100098 1946 30.0263671875 7.6220703125 0.2021484375 1.37109375
map_4 76 1 5 5 5 1 1 0.001291292 0.001013209 0.0013050668 0.0010114332 0.001288 0.001004 0.0013034 0.0010086 7087 1988 4718 1612 33844 811562 365 649014 103863 1988 31.037109375 7.87109375 0.1962890625 1.44140625
map_5 76 0 5 5 5 1 1 0.001347333 0.001388458 0.0013628916 0.0013937668 0.001344 0.001386 0.0013618 0.0013922 7475 2454 5858 1922 36466 1202882 847 922708 105974 2453 36.603515625 9.384765625 0.2138671875 1.318359375
map_6 76 1 5 5 5 1 1 0.001558959 0.000608917 0.00155835 0.0006088252 0.001556 0.000606 0.0015468 0.0006062 8060 1594 6174 1259 46781 501489 679 395899 116416 1594 38.146484375 6.1474609375 0.2255859375 1.3857421875
map_7 76 0 5 5 5 1 1 0.001048458 0.00050825 0.0010586834 0.000507675 0.001049 0.000505 0.0010584 0.000506 5775 1404 3779 1152 31899 411532 91 331719 80799 1404 26.4521484375 5.625 0.2197265625 1.412109375
map_8 76 1 5 5 5 1 1 0.001284625 0.002429042 0.0012943916 0.0024159416 0.001284 0.002426 0.0012932 0.002414 7061 3371 4672 2470 41125 2133728 305 1524140 102475 3371 30.8125 12.060546875 0.193359375 1.3828125
map_9 76 0 5 5 5 1 1 0.001198125 0.000947791 0.0012108252 0.0009485582 0.001197 0.000947 0.00121 0.0009484 6519 2013 4077 1556 39520 812408 66 604773 94625 2013 27.9072265625 7.59765625 0.2373046875 1.4326171875
map_0 77 0 5 5 5 1 1 0.001064708 0.001560333 0.0010951248 0.00156255 0.001065 0.001557 0.0010914 0.0015588 5485 2701 2790 2002 30726 1389515 106 1001889 76393 2701 21.623046875 9.775390625 0.1904296875 1.740234375
map_1 77 1 5 5 5 1 1 0.001021333 0.00026525 0.0010320166 0.0002678582 0.001021 0.000265 0.001032 0.000267 5610 972 4055 827 31133 203113 125 170881 85877 972 27.7998046875 4.0380859375 0.1611328125 1.3828125
map_2 77 0 5 5 5 1 1 0.00139725 0.000458584 0.001410475 0.0004602666 0.001398 0.000459 0.0014092 0.00046 7574 1354 5023 1106 48437 365544 130 305483 110212 1354 32.5263671875 5.400390625 0.1875 1.3857421875
map_3 77 1 5 5 5 1 1 0.001267375 0.003654042 0.001278725 0.0037771582 0.001264 0.00365 0.0012774 0.0037748 6851 4171 4554 3126 38687 3273415 176 2442549 99662 4170 30.236328125 15.263671875 0.2109375 1.740234375
map_4 77 0 5 5 5 1 1 0.00128925 0.000294625 0.0012821916 0.0002942332 0.00129 0.000292 0.001282 0.000293 6907 1108 3147 859 31779 229701 103 184427 98089 1108 23.3662109375 4.1943359375 0.1875 1.3974609375
map_5 77 1 5 5 5 1 1 0.001320958 0.000441333 0.0013305416 0.0004414666 0.001319 0.000441 0.0013282 0.0004408 7179 1327 5070 1064 38014 359151 638 282845 104041 1327 32.755859375 5.1953125 0.1904296875 1.4853515625
map_6 77 0 5 5 5 1 1 0.001370625 0.005035583 0.0013928914 0.0050350168 0.001367 0.005035 0.0013912 0.005034 7583 4683 5936 3817 42126 4384023 860 3641714 110706 4682 36.984375 18.6376953125 0.2021484375 1.365234375
map_7 77 1 5 5 5 1 1 0.001083833 0.000630542 0.0010969 0.0006306252 0.001083 0.000629 0.001095 0.0006298 5992 1654 3645 1261 33889 533863 149 397158 82925 1654 25.7978515625 6.1572265625 0.216796875 1.4296875
map_8 77 0 5 5 5 1 1 0.001301292 0.000442458 0.0013177586 0.0004428166 0.001298 0.000439 0.0013148 0.0004418 7177 1333 5023 1067 40649 352395 422 284406 102474 1333 32.5263671875 5.2099609375 0.1845703125 1.4150390625
map_9 77 1 5 5 5 1 1 0.001351375 0.000557583 0.0013621584 0.0006005252 0.001348 0.000557 0.00136 0.0005994 7362 1420 5093 1152 37265 402885 613 331520 105273 1420 32.8681640625 5.625 0.1904296875 1.3916015625
map_0 78 1 5 5 5 1 1 0.001526209 0.001631375 0.0015216334 0.001628225 0.001523 0.001628 0.0015182 0.0016256 8200 2830 6000 2024 44164 1460344 925 1023380 118571 2830 37.296875 9.8828125 0.216796875 1.46484375
map_1 78 0 5 5 5 1 1 0.001297333 0.00025975 0.0013037246 0.0002603416 0.001283 0.00026 0.0013 0.0002602 7138 971 5997 824 35357 197899 714 169655 106368 971 37.2822265625 4.0234375 0.2548828125 1.3388671875
map_2 78 1 5 5 5 1 1 0.001350209 0.000519625 0.001373183 0.0005201998 0.001349 0.000518 0.0013726 0.0005188 7393 1626 5668 1145 52210 426258 452 327496 111869 1626 35.67578125 5.5908203125 0.2080078125 1.4296875
map_3 78 0 5 5 5 1 1 0.000929166 0.00046875 0.0009406916 0.0004693916 0.000929 0.000467 0.00094 0.000468 5135 1371 3332 1097 27088 380865 80 300671 76200 1371 24.26953125 5.3564453125 0.1875 1.388671875
map_4 78 1 5 5 5 1 1 0.001004167 0.001173041 0.0010100916 0.0011776668 0.001001 0.001171 0.0010084 0.0011764 5478 2232 2858 1759 30152 1011452 7 773000 76545 2232 21.955078125 8.5888671875 0.1787109375 1.388671875
map_5 78 0 5 5 5 1 1 0.001064125 0.000824625 0.0010807666 0.0008260168 0.001065 0.000824 0.0010802 0.0008246 5867 1912 4258 1434 31853 716860 183 513582 83894 1912 28.791015625 7.001953125 0.193359375 1.34765625
map_6 78 1 5 5 5 1 1 0.001283791 0.000601625 0.0012950498 0.000603392 0.001281 0.000601 0.001293 0.0006028 7049 1551 5385 1269 43247 490695 454 402337 101746 1551 34.2939453125 6.1962890625 0.1611328125 1.41796875
map_7 78 0 5 5 5 1 1 0.001189375 0.002103042 0.0011991086 0.0021038668 0.001189 0.002104 0.0011988 0.0021028 6568 3096 4365 2361 38629 1849009 287 1393094 95704 3096 29.3134765625 11.5283203125 0.2255859375 1.376953125
map_8 78 1 5 5 5 1 1 0.001247291 0.003075417 0.0012703918 0.0030788584 0.001247 0.003072 0.0012588 0.003077 6604 3782 4561 2914 42660 2701515 349 2121539 88514 3782 30.2705078125 14.228515625 0.1875 1.3916015625
map_9 78 0 5 5 5 1 1 0.00130575 0.002996875 0.0013134416 0.002997175 0.001302 0.002994 0.0013116 0.0029942 6712 3670 5179 2869 32314 2649189 554 2057254 97047 3670 33.2880859375 14.0087890625 0.1962890625 1.7490234375
map_0 79 0 5 5 5 1 1 0.0011565 0.004583667 0.0011707334 0.0045883998 0.001156 0.004584 0.0011702 0.0045862 6351 4799 4170 3471 31987 4234375 143 3011251 90493 4799 28.361328125 16.9482421875 0.1875 1.4765625
map_1 79 1 5 5 5 1 1 0.00116725 0.000393584 0.0011358834 0.0003930418 0.001161 0.000391 0.001132 0.0003918 5651 1258 4003 994 27510 315966 155 246874 83478 1258 27.5458984375 4.853515625 0.1962890625 1.3828125
map_2 79 0 5 5 5 1 1 0.0010825 0.002366333 0.0011021918 0.002367292 0.001082 0.002365 0.0011 0.0023648 5890 3212 3985 2559 39177 2055467 113 1636798 90106 3212 27.4580078125 12.4951171875 0.1669921875 1.646484375
map_3 79 1 5 5 5 1 1 0.001108375 0.000856375 0.0011104334 0.0008571752 0.001105 0.000852 0.0011092 0.000854 6141 1929 4290 1505 32839 699149 314 566035 90007 1929 28.947265625 7.3486328125 0.193359375 1.3828125
map_4 79 0 5 5 5 1 1 0.001142208 0.001791042 0.0011558416 0.0017905752 0.001141 0.00179 0.0011554 0.0017884 6206 2845 3333 2182 33784 1552793 143 1189815 89606 2845 24.2744140625 10.654296875 0.1845703125 1.5
map_5 79 1 5 5 5 1 1 0.00117875 0.00193675 0.0011983416 0.0019355832 0.001176 0.001931 0.0011962 0.0019324 6649 2950 5037 2246 38258 1708017 422 1260171 94243 2950 32.5947265625 10.966796875 0.2080078125 1.435546875
map_6 79 0 5 5 5 1 1 0.000864042 0.001712958 0.0008719164 0.0017131914 0.000863 0.001712 0.0008704 0.0017116 4739 2830 2917 2129 28534 1504911 30 1132316 68482 2830 22.2431640625 10.3955078125 0.2109375 1.3974609375
map_7 79 1 5 5 5 1 1 0.0011345 0.001033958 0.0011457748 0.0010021834 0.001134 0.001031 0.001145 0.0010002 6115 1751 3230 1429 46041 649211 98 510200 83227 1751 23.771484375 6.9775390625 0.2138671875 1.3974609375
map_8 79 0 5 5 5 1 1 0.00089675 0.000543625 0.0009078584 0.0005433248 0.000894 0.000542 0.0009058 0.0005422 4820 1501 2641 1163 40396 459316 14 337801 67141 1501 20.8955078125 5.6787109375 0.205078125 1.341796875
map_9 79 1 5 5 5 1 1 0.001004042 0.002678167 0.0010134916 0.0027132916 0.001002 0.002678 0.0010124 0.0027122 5414 3550 3102 2644 38513 2408455 24 1746598 78729 3550 23.146484375 12.91015625 0.17578125 1.40625
map_0 80 1 5 5 5 1 1 0.001209125 0.000604459 0.001231425 0.0006049004 0.001208 0.000604 0.00123 0.000604 6680 1635 4688 1255 36669 496636 198 393571 98351 1635 30.890625 6.1279296875 0.2197265625 1.4736328125
map_1 80 0 5 5 5 1 1 0.00124575 0.000376083 0.001261175 0.0003769996 0.001245 0.000376 0.0012594 0.000376 6845 1177 5721 995 40092 298870 478 247408 99834 1177 35.9345703125 4.8583984375 0.2021484375 1.400390625
map_2 80 1 5 5 5 1 1 0.001219541 0.000712458 0.0012418246 0.0007151166 0.001219 0.000713 0.0012402 0.0007136 6793 1700 5697 1375 34470 593564 548 472254 103466 1700 35.8173828125 6.7138671875 0.1962890625 1.40625
map_3 80 0 5 5 5 1 1 0.001330125 0.001197041 0.0013524916 0.0011993832 0.00133 0.001195 0.001351 0.0011974 7508 2407 5458 1728 38147 1066384 771 745774 109641 2407 34.650390625 8.4375 0.2080078125 1.3623046875
map_4 80 1 5 5 5 1 1 0.001294459 0.002778833 0.001314867 0.0027339748 0.001287 0.002746 0.0013114 0.0027212 6686 3394 4485 2664 33490 2324561 181 1773084 96704 3394 29.8994140625 13.0078125 0.2021484375 1.3447265625
map_5 80 0 5 5 5 1 1 0.001027041 0.000217 0.0010385832 0.0002149418 0.001027 0.000217 0.0010386 0.000215 5605 878 4137 713 33574 153095 219 127078 83706 878 28.2001953125 3.4814453125 0.169921875 1.3330078125
map_6 80 1 5 5 5 1 1 0.001093334 0.000474125 0.0011084416 0.0004753 0.001093 0.000473 0.001107 0.0004744 6100 1322 4533 1112 31664 375718 174 309081 88831 1321 30.1337890625 5.4296875 0.193359375 1.470703125
map_7 80 0 5 5 5 1 1 0.001005292 0.002416625 0.0010179668 0.0024391 0.001002 0.002413 0.0010164 0.0024274 5475 3190 3389 2579 29823 2105313 88 1661819 74686 3190 24.5478515625 12.5927734375 0.1904296875 1.30078125
map_8 80 1 5 5 5 1 1 0.001486792 0.000781667 0.0015063334 0.0007815084 0.001487 0.00078 0.0015058 0.00078 8038 1986 5758 1388 59960 674237 525 481603 114177 1986 36.115234375 6.77734375 0.193359375 1.5556640625
map_9 80 0 5 5 5 1 1 0.001185375 0.00045725 0.0012016414 0.0004563502 0.001185 0.000455 0.0012014 0.000455 6517 1326 4810 1110 40971 358863 462 307882 93878 1326 31.486328125 5.419921875 0.216796875 1.4033203125
map_0 81 0 5 5 5 1 1 0.001426708 0.00026025 0.0014412334 0.0002603082 0.001426 0.00026 0.0014364 0.00026 7404 991 5368 804 43747 202986 622 161600 106790 991 34.2109375 3.92578125 0.1787109375 1.3623046875
map_1 81 1 5 5 5 1 1 0.000862542 0.000303125 0.0008604918 0.0003034084 0.00086 0.000303 0.0008504 0.0003034 4354 1083 3075 876 21684 237200 24 191689 65562 1083 23.0146484375 4.27734375 0.2138671875 1.318359375
map_2 81 0 5 5 5 1 1 0.001137708 0.000708542 0.001151725 0.0007088334 0.001135 0.000706 0.0011492 0.0007072 6261 1780 4978 1379 33268 580063 303 474933 94313 1780 32.306640625 6.7333984375 0.2021484375 1.3857421875
map_3 81 1 5 5 5 1 1 0.0007135 0.001035375 0.0007186752 0.0010348248 0.000711 0.001033 0.0007178 0.0010326 3895 2092 2482 1652 22453 885405 17 681590 57514 2092 20.119140625 8.06640625 0.1787109375 1.2978515625
map_4 81 0 5 5 5 1 1 0.001035125 0.006162 0.0010484666 0.0061809666 0.001035 0.006159 0.001048 0.0061692 5778 5602 4508 4014 26833 5728799 135 4026335 83777 5602 30.01171875 19.599609375 0.234375 1.5205078125
map_5 81 1 5 5 5 1 1 0.001197792 0.000243041 0.00121155 0.0002432248 0.001197 0.000243 0.0012114 0.0002428 6605 925 4926 791 35387 185470 206 156363 93803 925 32.052734375 3.8623046875 0.17578125 1.3359375
map_6 81 0 5 5 5 1 1 0.000758458 0.000230917 0.00075855 0.0002310834 0.000758 0.000231 0.0007566 0.0002312 4076 985 2441 759 25619 176235 19 144017 57933 985 19.9189453125 3.7060546875 0.169921875 1.388671875
map_7 81 1 5 5 5 1 1 0.001132792 0.00039625 0.0011458418 0.000396275 0.00113 0.000396 0.001144 0.0003958 6343 1231 4761 1019 36238 314026 306 259514 92445 1231 31.2470703125 4.9755859375 0.17578125 1.40625
map_8 81 0 5 5 5 1 1 0.001174625 0.000210083 0.0011828416 0.0002102 0.001174 0.00021 0.0011826 0.0002098 6485 869 5390 737 37288 156566 386 135780 95955 869 34.318359375 3.5986328125 0.2197265625 1.3330078125
map_9 81 1 5 5 5 1 1 0.001276208 0.000816625 0.001291 0.0008175334 0.001275 0.000816 0.0012878 0.0008174 7038 1811 4853 1486 40199 680061 282 551580 102367 1811 31.6962890625 7.255859375 0.17578125 1.359375
map_0 82 1 5 5 5 1 1 0.001282833 0.002056792 0.0012975 0.0020590252 0.001282 0.002056 0.0012972 0.0020584 7086 3072 5450 2304 39500 1848349 564 1326459 105455 3072 34.611328125 11.25 0.2080078125 1.4501953125
map_1 82 0 5 5 5 1 1 0.001477959 0.000791084 0.0014803502 0.0007918836 0.001478 0.00079 0.0014784 0.0007912 7956 1771 6004 1470 51944 650002 561 539653 114821 1771 37.31640625 7.177734375 0.1640625 1.2744140625
map_2 82 1 5 5 5 1 1 0.00097925 0.001058291 0.0009829918 0.0010599832 0.000978 0.001057 0.0009822 0.001058 5298 2275 3536 1626 28478 934351 53 660404 79537 2275 25.265625 7.939453125 0.1875 1.447265625
map_3 82 0 5 5 5 1 1 0.001159542 0.000559292 0.001165225 0.0005608 0.001158 0.000557 0.001164 0.0005594 6373 1604 3991 1155 35430 481548 77 333380 95412 1604 27.4873046875 5.6396484375 0.1640625 1.447265625
map_4 82 1 5 5 5 1 1 0.001278833 0.000659875 0.0012842084 0.0006312338 0.001275 0.000659 0.0012806 0.0006292 6613 1423 4414 1110 35295 383561 254 307805 100511 1423 29.552734375 5.419921875 0.205078125 1.4208984375
map_5 82 0 5 5 5 1 1 0.001358375 0.000336709 0.0013630416 0.0003371668 0.001356 0.000336 0.0013618 0.0003356 7401 1149 5079 919 41588 269296 527 210971 107279 1149 32.7998046875 4.4873046875 0.216796875 1.3154296875
map_6 82 1 5 5 5 1 1 0.001331041 0.0035045 0.0013450414 0.0037174332 0.001329 0.003434 0.0013428 0.0035356 7250 3935 6027 2835 39312 2838173 657 2008703 107546 3935 37.4287109375 13.8427734375 0.2314453125 1.3505859375
map_7 82 0 5 5 5 1 1 0.000963709 0.001180666 0.0009692252 0.0011857164 0.000963 0.001177 0.0009686 0.001183 5203 2246 3080 1783 33128 1002157 22 794077 75562 2246 23.0390625 8.7060546875 0.2080078125 1.4267578125
map_8 82 1 5 5 5 1 1 0.001408917 0.000377833 0.0014224252 0.0003767498 0.001405 0.000376 0.001419 0.0003766 7653 1244 4236 979 48138 299860 40 239400 108566 1244 28.68359375 4.7802734375 0.1845703125 1.3623046875
map_9 82 0 5 5 5 1 1 0.001319083 0.002158375 0.0013197752 0.0021607664 0.001317 0.002155 0.0013166 0.0021564 6993 3097 4714 2405 40244 1909486 137 1445167 103806 3097 31.017578125 11.7431640625 0.1787109375 1.3447265625
map_0 83 0 5 5 5 1 1 0.001345416 0.000269333 0.0013635166 0.0002692752 0.001346 0.000269 0.0013616 0.000269 7427 1129 5594 771 36453 223236 810 148588 104106 1129 35.314453125 3.7646484375 0.2138671875 1.4326171875
map_1 83 1 5 5 5 1 1 0.001136458 0.004323208 0.0011509082 0.0043299082 0.001134 0.004324 0.0011486 0.004328 6222 4395 4223 3439 35646 3877385 172 2956403 87555 4395 28.6201171875 16.7919921875 0.2255859375 1.6962890625
map_2 83 0 5 5 5 1 1 0.001247375 0.000510917 0.0012672166 0.0005111918 0.001246 0.00051 0.0012662 0.00051 6969 1493 5034 1121 39633 431212 758 314020 98697 1493 32.580078125 5.4736328125 0.22265625 1.3740234375
map_3 83 1 5 5 5 1 1 0.000983208 0.001763292 0.0009971998 0.0017612082 0.00098 0.00176 0.0009954 0.0017584 5472 2754 3665 2189 27948 1505800 22 1197864 81537 2753 25.8955078125 10.6884765625 0.17578125 1.2275390625
map_4 83 0 5 5 5 1 1 0.000993333 0.000724875 0.0009992082 0.0007259836 0.000993 0.000724 0.0009978 0.0007244 5368 1736 3241 1372 31191 610755 56 470499 77838 1736 23.8251953125 6.69921875 0.1845703125 1.453125
map_5 83 1 5 5 5 1 1 0.001007 0.000472208 0.0010221998 0.0004281664 0.001006 0.000472 0.0010212 0.0004266 5636 1107 3906 946 29287 268112 160 223553 81765 1107 27.072265625 4.619140625 0.17578125 1.3359375
map_6 83 0 5 5 5 1 1 0.001093167 0.002057042 0.001107 0.0020565502 0.001093 0.002054 0.0011062 0.0020544 6027 2949 3991 2394 39172 1768172 102 1432378 86397 2949 27.4873046875 11.689453125 0.2021484375 1.5146484375
map_7 83 1 5 5 5 1 1 0.001117625 0.000521416 0.001128825 0.0005221416 0.001114 0.000521 0.0011264 0.0005212 6147 1460 4262 1162 36476 427659 160 337252 88521 1460 28.810546875 5.673828125 0.1875 1.3798828125
map_8 83 0 5 5 5 1 1 0.001245375 0.002767375 0.001262175 0.002767342 0.001243 0.002767 0.0012616 0.0027654 6717 3574 4524 2749 53876 2426794 272 1889157 95734 3574 30.08984375 13.4228515625 0.1875 1.599609375
map_9 83 1 5 5 5 1 1 0.001213041 0.000328 0.0012283084 0.0003279584 0.001209 0.000327 0.0012266 0.0003274 6717 1214 4772 900 31548 260448 376 202365 96374 1214 31.30078125 4.39453125 0.17578125 1.376953125
map_0 84 1 5 5 5 1 1 0.000963583 0.000386625 0.0009729834 0.0003870664 0.00096 0.000384 0.0009712 0.000384 5234 1187 3173 1009 26506 303960 40 254286 74111 1187 23.4931640625 4.9267578125 0.17578125 1.376953125
map_1 84 0 5 5 5 1 1 0.001138292 0.000547625 0.0011525832 0.0005484748 0.001135 0.000547 0.0011504 0.0005478 6344 1401 4987 1253 35674 425790 216 392094 90327 1401 32.3505859375 6.1181640625 0.1962890625 1.2744140625
map_2 84 1 5 5 5 1 1 0.001083 0.001184458 0.0010875582 0.0011844332 0.00108 0.001183 0.0010852 0.0011828 5797 2258 3480 1752 43073 1034009 59 766937 80208 2258 24.9921875 8.5546875 0.2109375 1.41796875
map_3 84 0 5 5 5 1 1 0.0013685 0.000360208 0.0013564752 0.000360625 0.001346 0.00036 0.0013462 0.0003598 7110 1176 5173 967 38920 285240 541 233619 101153 1176 33.2587890625 4.7216796875 0.1787109375 1.3681640625
map_4 84 1 5 5 5 1 1 0.000770666 0.002577834 0.0007806914 0.0025779418 0.000771 0.002574 0.0007782 0.0025764 4148 3484 2170 2625 22328 2284075 6 1721501 60625 3484 18.595703125 12.8173828125 0.1669921875 1.3505859375
map_5 84 0 5 5 5 1 1 0.000847791 0.000647541 0.00085375 0.0006460834 0.000846 0.000647 0.0008518 0.0006456 4606 1556 2750 1309 22267 510142 43 427946 64816 1556 21.427734375 6.3916015625 0.1640625 1.3505859375
map_6 84 1 5 5 5 1 1 0.0009805 0.001365375 0.0009918 0.0013640584 0.000979 0.001365 0.0009904 0.0013636 5376 2547 3399 1837 32025 1222110 10 842908 76855 2547 24.5966796875 8.9697265625 0.1875 1.376953125
map_7 84 0 5 5 5 1 1 0.001501625 0.000498708 0.0015141252 0.0004884416 0.001498 0.000499 0.0015116 0.0004874 8197 1187 6203 957 46826 297032 855 228794 116978 1187 38.2880859375 4.6728515625 0.234375 1.353515625
map_8 84 1 5 5 5 1 1 0.001369417 0.0004325 0.0013804666 0.000432975 0.001369 0.000432 0.0013782 0.0004328 7424 1350 4907 1055 53603 349206 231 278114 105449 1350 31.9599609375 5.1513671875 0.234375 1.412109375
map_9 84 0 5 5 5 1 1 0.001434792 0.000780792 0.0014499334 0.0007867336 0.001435 0.000778 0.0014488 0.0007844 7727 1849 5436 1401 46299 671697 443 490659 111757 1849 34.54296875 6.8408203125 0.2021484375 1.39453125
map_0 85 0 5 5 5 1 1 0.001213583 0.000455917 0.0012212668 0.0004400416 0.001211 0.000457 0.0012188 0.0004396 6557 1122 3847 917 37734 268034 108 210044 95451 1122 26.7841796875 4.4775390625 0.1787109375 1.3125
map_1 85 1 5 5 5 1 1 0.001275791 0.00106525 0.0012910832 0.0010649666 0.001275 0.001062 0.0012888 0.001063 6976 2152 4995 1699 42663 893953 258 721050 99332 2152 32.3896484375 8.2958984375 0.181640625 1.412109375
map_2 85 0 5 5 5 1 1 0.001119041 0.000632458 0.0011356168 0.00063515 0.001118 0.000632 0.0011336 0.0006344 6006 1671 4102 1270 37212 531172 89 402795 92299 1671 28.029296875 6.201171875 0.1728515625 1.353515625
map_3 85 1 5 5 5 1 1 0.001016959 0.0009755 0.0010238752 0.0009743748 0.001014 0.000972 0.001022 0.0009724 5506 2144 3760 1589 28746 830063 113 630664 80624 2144 26.359375 7.7587890625 0.158203125 1.34765625
map_4 85 0 5 5 5 1 1 0.001369917 0.002410959 0.0013811 0.002411367 0.001367 0.002408 0.0013792 0.0024096 7428 3517 4909 2499 36865 2184805 347 1561006 108181 3517 31.9697265625 12.2021484375 0.1611328125 1.74609375
map_5 85 1 5 5 5 1 1 0.001210458 0.000820292 0.0012198918 0.000820142 0.00121 0.000817 0.0012178 0.0008176 6686 1861 4882 1419 36540 695776 478 503345 96081 1860 31.837890625 6.9287109375 0.2197265625 1.5849609375
map_6 85 0 5 5 5 1 1 0.001028958 0.001900541 0.0010470916 0.0018995998 0.001027 0.001898 0.0010452 0.0018974 5640 2893 3948 2278 35350 1643974 80 1296869 81227 2893 27.27734375 11.123046875 0.17578125 1.705078125
map_7 85 1 5 5 5 1 1 0.0011275 0.000848542 0.0011427168 0.0008481832 0.001127 0.000848 0.0011404 0.0008478 6207 1902 4470 1459 35608 738753 481 532080 90093 1902 29.826171875 7.1240234375 0.216796875 1.458984375
map_8 85 0 5 5 5 1 1 0.001021291 0.000395041 0.0010242668 0.0003957082 0.001019 0.000395 0.001022 0.0003954 5448 1331 2737 983 43665 324980 30 241528 75925 1331 21.3642578125 4.7998046875 0.2197265625 1.46484375
map_9 85 1 5 5 5 1 1 0.00143125 0.000622875 0.0014375916 0.0006227082 0.00143 0.000622 0.0014358 0.0006224 7694 1598 5304 1286 45472 509500 521 413047 112621 1598 33.8984375 6.279296875 0.2021484375 1.3095703125
map_0 86 1 5 5 5 1 1 0.001221875 0.001946125 0.001229525 0.001947975 0.001219 0.001943 0.0012274 0.0019456 6650 2938 4561 2278 36721 1718701 470 1296919 92613 2938 30.2705078125 11.123046875 0.1845703125 1.5732421875
map_1 86 0 5 5 5 1 1 0.001161792 0.001564584 0.0011723416 0.0015969834 0.001158 0.00156 0.0011696 0.0015946 6469 2574 5563 2039 33726 1346070 226 1038875 94913 2574 35.1630859375 9.9560546875 0.1728515625 1.341796875
map_2 86 1 5 5 5 1 1 0.001192667 0.003590958 0.0011901584 0.0035900332 0.00119 0.003588 0.0011882 0.0035874 6382 4122 5060 3129 35292 3199188 164 2447443 97731 4122 32.70703125 15.2783203125 0.2080078125 1.69921875
map_3 86 0 5 5 5 1 1 0.001201958 0.00064175 0.0012150582 0.0006823336 0.001201 0.00064 0.001213 0.0006806 6533 1657 5035 1242 29608 516944 378 385319 95815 1657 32.5849609375 6.064453125 0.228515625 1.4267578125
map_4 86 1 5 5 5 1 1 0.001057041 0.000812708 0.0010677082 0.0008121164 0.001054 0.000812 0.0010654 0.0008114 5829 1918 3411 1435 29222 692876 179 514358 81345 1918 24.6552734375 7.0068359375 0.240234375 1.3359375
map_5 86 0 5 5 5 1 1 0.001129125 0.003416959 0.0011488332 0.003417125 0.00113 0.003414 0.0011474 0.0034146 6202 3851 4197 3075 37225 3021574 162 2362775 91395 3850 28.4931640625 15.0146484375 0.193359375 1.4560546875
map_6 86 1 5 5 5 1 1 0.001207959 0.0007395 0.0012213086 0.0007402834 0.001207 0.000738 0.0012184 0.0007386 6711 1783 5176 1376 32621 625141 441 473093 97476 1783 33.2734375 6.71875 0.1875 1.376953125
map_7 86 0 5 5 5 1 1 0.000892792 0.003021042 0.0008980918 0.0030245334 0.000892 0.003017 0.0008978 0.0030214 4876 3757 2789 2863 33720 2658980 29 2047874 66645 3757 21.6181640625 13.9794921875 0.19921875 1.4091796875
map_8 86 1 5 5 5 1 1 0.001106459 0.000549792 0.0011251918 0.0005517084 0.001106 0.000549 0.0011248 0.0005508 5965 1605 3706 1179 56430 457572 42 347149 84578 1605 26.095703125 5.7568359375 0.1640625 1.4150390625
map_9 86 0 5 5 5 1 1 0.001278041 0.00075575 0.0012882584 0.0007554414 0.001278 0.000754 0.0012874 0.000754 6996 1864 5050 1374 45036 650704 411 471490 100795 1864 32.658203125 6.708984375 0.193359375 1.353515625
map_0 87 0 5 5 5 1 1 0.001181416 0.00036825 0.0011888582 0.0003704666 0.001181 0.000368 0.001187 0.0003698 6276 1274 3976 944 41605 301660 151 222645 91493 1274 27.4140625 4.609375 0.228515625 1.4384765625
map_1 87 1 5 5 5 1 1 0.0008265 0.000807542 0.0008332418 0.000807625 0.000826 0.000805 0.0008316 0.0008048 4505 1754 3091 1472 23720 672178 6 541238 68781 1754 23.0927734375 7.1875 0.1728515625 1.3447265625
map_2 87 0 5 5 5 1 1 0.001345792 0.000766334 0.0013578502 0.0007760166 0.001342 0.000766 0.0013548 0.0007678 7319 1763 5409 1400 46479 640065 277 489577 111104 1763 34.4111328125 6.8359375 0.205078125 1.388671875
map_3 87 1 5 5 5 1 1 0.001298709 0.000307625 0.0013208252 0.0003090002 0.001295 0.000307 0.0013182 0.0003082 7373 1091 6080 896 38187 237707 1003 200695 110142 1091 37.6875 4.375 0.1845703125 1.40625
map_4 87 0 5 5 5 1 1 0.00099825 0.000663875 0.0010071002 0.0006660666 0.000997 0.000662 0.0010066 0.000665 5501 1680 3102 1312 25816 553462 110 429935 74234 1680 23.146484375 6.40625 0.1962890625 1.3916015625
map_5 87 1 5 5 5 1 1 0.0009485 0.000564209 0.0009561168 0.0005650586 0.000946 0.000564 0.0009548 0.0005648 5208 1531 3245 1219 29558 455713 111 371239 73568 1531 23.8447265625 5.9521484375 0.181640625 1.41796875
map_6 87 0 5 5 5 1 1 0.001165709 0.000547667 0.0011783832 0.000611675 0.001166 0.000544 0.001177 0.0006098 6305 1487 3897 1160 46388 436202 179 336101 88348 1487 27.0283203125 5.6640625 0.1845703125 1.3740234375
map_7 87 1 5 5 5 1 1 0.001196875 0.010555166 0.0012196918 0.0105431582 0.001197 0.010553 0.0012178 0.0105398 6716 7219 5041 5381 40811 9646032 375 7238095 96594 7217 32.6142578125 26.2744140625 0.2109375 1.7109375
map_8 87 0 5 5 5 1 1 0.001038667 0.000434125 0.0010466584 0.000435583 0.001039 0.000434 0.0010454 0.0004348 5627 1276 2827 1074 39388 346327 42 288291 76103 1276 21.8037109375 5.244140625 0.1845703125 1.376953125
map_9 87 1 5 5 5 1 1 0.001177084 0.000693875 0.0011907834 0.000638625 0.001177 0.000691 0.0011892 0.0006374 6570 1377 4495 1147 32145 403090 361 328594 96131 1377 29.9482421875 5.6005859375 0.2080078125 1.3447265625
map_0 88 1 5 5 5 1 1 0.001091875 0.004050333 0.0011018498 0.0040529248 0.001091 0.004051 0.0010998 0.004051 5996 4459 3915 3218 32116 3663107 215 2587963 87669 4458 27.1162109375 15.712890625 0.2138671875 1.400390625
map_1 88 0 5 5 5 1 1 0.001105459 0.006984875 0.0011161084 0.0069743 0.001105 0.006979 0.0011154 0.0069714 6035 5819 4674 4356 34501 6327914 224 4743652 87781 5818 30.822265625 21.26953125 0.1904296875 1.6142578125
map_2 88 1 5 5 5 1 1 0.001270584 0.000502042 0.0012839418 0.00050225 0.00127 0.000499 0.0012834 0.0005006 6950 1509 5006 1128 46380 409476 364 318094 101546 1509 32.443359375 5.5078125 0.169921875 1.517578125
map_3 88 0 5 5 5 1 1 0.001224042 0.000534583 0.0012343836 0.0005379914 0.001223 0.000534 0.0012322 0.0005378 6809 1506 4850 1114 36121 424486 553 309905 97742 1506 31.681640625 5.439453125 0.205078125 1.3447265625
map_4 88 1 5 5 5 1 1 0.00133775 0.002030166 0.0013245834 0.0020253834 0.001338 0.00203 0.0013238 0.0020206 7214 2965 5769 2296 35088 1742265 776 1317394 104685 2965 36.1689453125 11.2109375 0.205078125 1.5234375
map_5 88 0 5 5 5 1 1 0.001397833 0.000251459 0.0013968998 0.0002522168 0.001373 0.000251 0.0013812 0.0002514 6938 904 5081 825 34936 188026 327 170110 98015 904 32.8095703125 4.0283203125 0.181640625 1.34765625
map_6 88 1 5 5 5 1 1 0.001448292 0.000323958 0.0014509336 0.0003238084 0.001446 0.000322 0.001448 0.0003224 7541 1136 6291 906 39100 255237 932 205055 111287 1136 38.7177734375 4.423828125 0.193359375 1.37109375
map_7 88 0 5 5 5 1 1 0.000918083 0.000251125 0.0009315498 0.0002520248 0.000914 0.000251 0.0009298 0.0002512 5035 971 3479 770 27762 204020 14 148218 71416 971 24.9873046875 3.759765625 0.2109375 1.341796875
map_8 88 1 5 5 5 1 1 0.001450458 0.000733625 0.0014643998 0.0007341832 0.001447 0.000732 0.0014626 0.0007328 7850 1894 5635 1351 49727 630018 581 456009 112117 1894 35.5146484375 6.5966796875 0.2080078125 1.40625
map_9 88 0 5 5 5 1 1 0.001124 0.002228125 0.0011383084 0.0022294168 0.001123 0.002227 0.0011364 0.0022274 6278 3189 4737 2434 31657 1978778 273 1480495 91332 3188 31.1298828125 11.884765625 0.19921875 1.3212890625
map_0 89 0 5 5 5 1 1 0.001249042 0.001700708 0.0012514502 0.0017079334 0.001249 0.0017 0.00125 0.001706 6787 2797 5123 2100 32941 1511486 319 1101613 95761 2797 33.0146484375 10.25390625 0.2138671875 1.412109375
map_1 89 1 5 5 5 1 1 0.001126541 0.001727209 0.001140225 0.0017550918 0.001124 0.001724 0.001138 0.001743 6074 2837 4064 2137 32454 1505068 189 1141345 86106 2837 27.84375 10.4345703125 0.234375 1.5029296875
map_2 89 0 5 5 5 1 1 0.000897584 0.000682125 0.000910842 0.0007366834 0.000895 0.000682 0.0009096 0.0007362 4879 1658 2655 1340 25377 561114 72 448460 71321 1658 20.9638671875 6.54296875 0.181640625 1.40625
map_3 89 1 5 5 5 1 1 0.001306958 0.00029675 0.0013192998 0.000295175 0.001306 0.000297 0.0013184 0.0002952 7289 1038 5031 858 39555 224900 480 183991 106836 1038 32.5654296875 4.189453125 0.1962890625 1.3916015625
map_4 89 0 5 5 5 1 1 0.001061166 0.001375375 0.0010781666 0.0013781916 0.00106 0.001372 0.0010776 0.0013768 5797 2427 3179 1935 25714 1171211 97 935342 79862 2427 23.5224609375 9.4482421875 0.1904296875 1.4443359375
map_5 89 1 5 5 5 1 1 0.000858875 0.000362709 0.0008715916 0.0003701418 0.000858 0.000362 0.0008704 0.0003696 4712 1118 2474 992 26893 279938 67 245964 67214 1118 20.080078125 4.84375 0.1728515625 1.388671875
map_6 89 0 5 5 5 1 1 0.001194667 0.001470667 0.0012079336 0.0014711832 0.001192 0.001466 0.001206 0.001469 6550 2563 4619 1966 40989 1279798 296 965468 93883 2563 30.5537109375 9.599609375 0.1962890625 1.359375
map_7 89 1 5 5 5 1 1 0.000904 0.000877208 0.0009084834 0.0008376416 0.000904 0.000877 0.0009076 0.0008362 4954 1561 3129 1284 27650 520817 76 412138 70399 1561 23.2783203125 6.26953125 0.19921875 1.453125
map_8 89 0 5 5 5 1 1 0.000946125 0.000421458 0.0009603248 0.0004231166 0.000945 0.000421 0.00096 0.0004222 5128 1268 3392 1048 28658 339629 104 274375 74761 1268 24.5625 5.1171875 0.193359375 1.376953125
map_9 89 1 5 5 5 1 1 0.001257416 0.00032675 0.0012691498 0.000327042 0.001254 0.000327 0.0012676 0.000327 6930 1112 4559 922 35755 256553 314 212398 101816 1112 30.2607421875 4.501953125 0.1904296875 1.400390625
map_0 90 1 5 5 5 1 1 0.001345542 0.001808334 0.0013576668 0.0018205084 0.001346 0.001809 0.001357 0.0018182 7419 2955 5394 2143 40569 1615550 728 1147750 109081 2955 34.337890625 10.4638671875 0.2109375 1.4970703125
map_1 90 0 5 5 5 1 1 0.000603792 0.000735667 0.0005955836 0.0007363252 0.000605 0.000735 0.0005938 0.0007358 3039 1775 2145 1379 13562 624216 2 474885 43448 1775 18.4736328125 6.7333984375 0.1552734375 1.3271484375
map_2 90 1 5 5 5 1 1 0.001244 0.000389375 0.001229725 0.0004227916 0.001239 0.000388 0.001228 0.000419 6384 1394 4972 950 36543 311122 358 225535 98607 1394 32.27734375 4.638671875 0.1904296875 1.4384765625
map_3 90 0 5 5 5 1 1 0.001071167 0.000412875 0.0010775586 0.000436075 0.001068 0.000409 0.0010752 0.0004346 5804 1204 4033 1018 29850 312106 157 259030 84677 1204 27.6923828125 4.970703125 0.17578125 1.4326171875
map_4 90 1 5 5 5 1 1 0.00150325 0.00468525 0.0015066084 0.0051022 0.0015 0.004672 0.0015028 0.005098 7908 4457 5080 3613 39616 3946214 524 3263348 109199 4456 32.8046875 17.6416015625 0.1962890625 1.8427734375
map_5 90 0 5 5 5 1 1 0.001042667 0.000516709 0.0010546082 0.0005655586 0.001041 0.000516 0.0010542 0.0005642 5721 1444 4014 1141 32512 411263 109 325187 80933 1444 27.599609375 5.5712890625 0.205078125 1.3564453125
map_6 90 1 5 5 5 1 1 0.001104208 0.000592 0.0011212168 0.0005911334 0.001105 0.000589 0.0011192 0.0005894 6124 1594 4127 1231 32868 492121 198 378762 88475 1594 28.1513671875 6.0107421875 0.1640625 1.4501953125
map_7 90 0 5 5 5 1 1 0.001331792 0.001731583 0.001348225 0.0017337498 0.001332 0.00173 0.0013458 0.0017314 7396 2908 5417 2115 43479 1547097 521 1117493 104736 2908 34.4501953125 10.3271484375 0.193359375 1.3798828125
map_8 90 1 5 5 5 1 1 0.001329167 0.001507667 0.0013126752 0.0017387838 0.001329 0.001507 0.0013098 0.0017364 6886 2546 4656 2004 49740 1311294 384 1003207 96611 2546 30.734375 9.78515625 0.1962890625 1.359375
map_9 90 0 5 5 5 1 1 0.000809833 0.001361625 0.0008435996 0.0013721752 0.00081 0.001361 0.0008398 0.0013708 4313 2458 2501 1918 23239 1158233 8 919623 62851 2458 20.2119140625 9.365234375 0.1845703125 1.4091796875
map_0 91 0 5 5 5 1 1 0.001036834 0.000587833 0.0010428086 0.00054215 0.001034 0.000587 0.00104 0.000539 5639 1274 3166 1078 35826 352357 131 290323 80306 1274 23.458984375 5.263671875 0.1875 1.34765625
map_1 91 1 5 5 5 1 1 0.001097834 0.000569125 0.0011140668 0.0005694668 0.001097 0.000569 0.0011122 0.0005682 6040 1493 4598 1205 32309 473958 109 362639 90136 1493 30.451171875 5.8837890625 0.2080078125 1.2919921875
map_2 91 0 5 5 5 1 1 0.001326416 0.000741333 0.0013352082 0.000742358 0.001323 0.000739 0.001333 0.0007412 7170 1732 5322 1420 40986 606728 495 503607 105659 1732 33.986328125 6.93359375 0.1787109375 1.3916015625
map_3 91 1 5 5 5 1 1 0.001217541 0.003542958 0.0012075666 0.0035609832 0.001217 0.00354 0.0012056 0.0035562 6513 3933 4824 3114 33278 3137381 194 2424039 97016 3933 31.5546875 15.205078125 0.1962890625 1.8720703125
map_4 91 0 5 5 5 1 1 0.001512167 0.002033708 0.0015111666 0.0020274334 0.001508 0.00203 0.001497 0.0020254 7579 3024 5510 2338 37602 1736283 484 1366136 108656 3024 34.904296875 11.416015625 0.205078125 1.4384765625
map_5 91 1 5 5 5 1 1 0.001167417 0.001120625 0.0011796918 0.001127475 0.001167 0.00112 0.0011776 0.0011272 6361 2148 4586 1760 32679 930290 199 773909 91783 2148 30.392578125 8.59375 0.169921875 1.458984375
map_6 91 0 5 5 5 1 1 0.000789209 0.000931458 0.0007942918 0.00093165 0.000789 0.000928 0.0007928 0.0009296 4254 1940 2404 1574 28232 782445 7 618775 61510 1940 19.73828125 7.685546875 0.19921875 1.3564453125
map_7 91 1 5 5 5 1 1 0.001387 0.002127042 0.0013992582 0.0021275164 0.00138 0.002125 0.0013914 0.0021252 6961 3183 4827 2357 42969 1903320 515 1387874 98914 3183 31.5693359375 11.5087890625 0.1875 1.3857421875
map_8 91 0 5 5 5 1 1 0.001476334 0.000385 0.0014972 0.000385375 0.001475 0.000385 0.0014962 0.000385 8114 1286 5400 984 47722 310500 521 241875 118358 1286 34.3671875 4.8046875 0.2109375 1.3857421875
map_9 91 1 5 5 5 1 1 0.000956583 0.00039875 0.0009680332 0.0003992418 0.000956 0.000396 0.0009656 0.0003976 5274 1287 3325 1002 29037 319235 32 250885 75101 1287 24.2353515625 4.892578125 0.181640625 1.3828125
