# map seed opt_first repeats opt_success con_success opt_deterministic con_deterministic opt_run_time con_run_time opt_wall_mean con_wall_mean opt_cpu_time con_cpu_time opt_cpu_mean con_cpu_mean opt_iterations con_iterations opt_nodes con_nodes opt_nn_checks con_nn_checks opt_connection_checks con_connection_checks opt_collision_checks con_collision_checks opt_tree_mem con_tree_mem opt_path_mem con_path_mem
map_0 42 1 5 5 5 1 1 0.003481291 0.0025245 0.0034835834 0.0025251502 0.003481 0.002524 0.003482 0.002524 17961 5281 3177 2023 224294 2806545 8 1023128 202753 5281 23.5126953125 9.8779296875 0.240234375 1.669921875
map_1 42 0 5 5 5 1 1 0.00230825 0.0013775 0.0023067668 0.0013777502 0.002306 0.001376 0.0023036 0.0013758 11893 3701 1373 1505 123772 1470017 31 565898 142910 3701 14.7041015625 7.3486328125 0.2373046875 1.587890625
map_2 42 1 5 5 5 1 1 0.00204075 0.000305292 0.0020512334 0.0003060334 0.002041 0.000305 0.0020506 0.0003052 10964 1438 1579 750 109206 273233 3 140616 113615 1438 15.7099609375 3.662109375 0.2373046875 1.4267578125
map_3 42 0 5 5 5 1 1 0.00196925 0.000999916 0.00197865 0.0010005332 0.001967 0.000997 0.0019758 0.000998 10508 2859 2123 1349 106160 1001492 43 454565 129567 2859 18.3662109375 6.5869140625 0.3017578125 1.4794921875
map_4 42 1 5 5 5 1 1 0.003282417 0.001684 0.0032909334 0.0016849084 0.003282 0.001683 0.0032884 0.0016834 16926 5205 3049 1514 194436 1899568 123 572552 202231 5205 22.8876953125 7.392578125 0.2490234375 1.51171875
map_5 42 0 5 5 5 1 1 0.003039125 0.002427291 0.0030430082 0.0024286412 0.003036 0.002425 0.0030412 0.0024268 15728 35265 2300 1228 275570 2362366 30 376655 171984 35265 19.23046875 5.99609375 0.2255859375 1.3095703125
map_6 42 1 5 5 5 1 1 0.002797291 0.001313625 0.0028134664 0.0013141916 0.002796 0.001312 0.0028128 0.0013118 14833 4424 3237 1481 146764 1362434 180 547910 192686 4424 23.8056640625 7.2314453125 0.2841796875 1.4765625
map_7 42 0 5 5 5 1 1 0.002659292 0.002820417 0.0026736086 0.0028193334 0.002659 0.002819 0.0026726 0.0028168 14302 16126 3513 1901 171645 3039133 257 902640 158498 16125 25.1533203125 9.2822265625 0.28125 1.3125
map_8 42 1 5 5 5 1 1 0.002390917 0.008067583 0.0023969168 0.0080658582 0.00239 0.008067 0.0023942 0.0080648 12491 10369 1874 3647 116854 9294456 103 3323717 158075 10369 17.150390625 17.8076171875 0.2490234375 1.5556640625
map_9 42 0 5 5 5 1 1 0.002888709 0.002450875 0.0028872 0.0024531418 0.002888 0.00245 0.0028854 0.0024508 15172 5613 2085 1910 177547 2779704 227 911266 178229 5613 18.1806640625 9.326171875 0.2607421875 1.5087890625
map_0 43 0 5 5 5 1 1 0.002731416 0.008544084 0.0027423168 0.0085293584 0.002731 0.00854 0.0027402 0.0085266 14746 9117 2564 3901 134214 9564112 107 3803511 168383 9117 20.51953125 19.0478515625 0.275390625 1.798828125
map_1 43 1 5 5 5 1 1 0.003301167 0.001386459 0.0033173166 0.0013911836 0.0033 0.001386 0.0033156 0.0013894 17553 3738 4186 1452 142311 1530338 220 526632 217448 3738 28.439453125 7.08984375 0.28125 1.576171875
map_2 43 0 5 5 5 1 1 0.0036095 0.001574583 0.00362555 0.0015764752 0.003606 0.001572 0.0036232 0.0015742 19213 3887 2384 1625 182399 1685277 353 659549 234046 3887 19.640625 7.9345703125 0.251953125 1.60546875
map_3 43 1 5 5 5 1 1 0.001849458 0.000963625 0.0018450334 0.0009646168 0.001847 0.000963 0.001843 0.000963 9504 2739 1240 1274 112882 1007753 69 405389 113806 2739 14.0546875 6.220703125 0.2109375 1.4560546875
map_4 43 0 5 5 5 1 1 0.002587167 0.004415125 0.002606492 0.004415292 0.002588 0.004415 0.0026056 0.004415 13651 11480 2398 2012 149896 5629955 44 1011676 157577 11480 19.708984375 9.82421875 0.2578125 1.7431640625
map_5 43 1 5 5 5 1 1 0.002304958 0.002801709 0.0023106166 0.0028066084 0.002302 0.002802 0.0023088 0.0028062 11954 7828 1277 2012 192716 3182240 2 1011857 130257 7827 14.2353515625 9.82421875 0.2109375 1.6728515625
map_6 43 0 5 5 5 1 1 0.001689166 0.001985667 0.0016931248 0.0019882584 0.001686 0.001985 0.0016916 0.0019874 8621 4552 993 1853 115527 2121488 92 858080 102692 4551 12.8486328125 9.0478515625 0.205078125 1.693359375
map_7 43 1 5 5 5 1 1 0.002966625 0.004780542 0.0029729168 0.0047852414 0.002965 0.004774 0.0029708 0.004782 15482 6999 3528 2843 162585 5381750 292 2019411 176934 6999 25.2265625 13.8818359375 0.2900390625 1.5703125
map_8 43 0 5 5 5 1 1 0.00147425 0.00892425 0.0014774086 0.0089227416 0.001472 0.008921 0.0014752 0.008921 7595 132257 772 2937 99562 8163367 2 2156352 93212 132257 11.76953125 14.3408203125 0.216796875 2.1357421875
map_9 43 1 5 5 5 1 1 0.003155333 0.00150825 0.0031479582 0.00150965 0.003152 0.001506 0.003144 0.0015078 16181 4011 2808 1596 166041 1597084 53 636365 196515 4011 21.7109375 7.79296875 0.2607421875 1.6728515625
map_0 44 1 5 5 5 1 1 0.003296083 0.0004755 0.003309308 0.000474675 0.003295 0.000473 0.0033072 0.0004738 17734 1649 3766 974 182638 432660 223 236947 191488 1649 26.388671875 4.755859375 0.3134765625 1.39453125
map_1 44 0 5 5 5 1 1 0.003062125 0.000310333 0.0030663166 0.0003111582 0.003061 0.000309 0.003064 0.0003104 16117 1302 2382 752 178025 284370 192 141372 191339 1302 19.630859375 3.671875 0.24609375 1.435546875
map_2 44 1 5 5 5 1 1 0.003658542 0.003967958 0.0036572586 0.0039743914 0.003658 0.003965 0.0036558 0.003972 18828 35024 4743 1969 179185 4279019 404 968945 222874 35024 31.1591796875 9.6142578125 0.2666015625 1.9716796875
map_3 44 0 5 5 5 1 1 0.00289675 0.001015959 0.0029089166 0.0010032 0.002896 0.001016 0.0029074 0.0010018 15376 2968 3568 1179 146516 1061080 155 347195 182666 2968 25.421875 5.7568359375 0.2490234375 1.4326171875
map_4 44 1 5 5 5 1 1 0.002461542 0.000854541 0.00245655 0.000856958 0.002461 0.000855 0.0024548 0.0008562 12770 4239 2691 883 120214 991760 74 194877 157803 4239 21.1396484375 4.3115234375 0.2607421875 1.41796875
map_5 44 0 5 5 5 1 1 0.004081583 0.001145583 0.0040941666 0.0011476834 0.004081 0.001146 0.0040918 0.0011464 21654 3127 2951 1334 319779 1246519 453 444693 232204 3127 22.4091796875 6.513671875 0.2548828125 1.4765625
map_6 44 1 5 5 5 1 1 0.001698875 0.000295292 0.0017063584 0.0002956916 0.001695 0.000295 0.0017038 0.0002952 8851 1327 1343 739 83323 266994 164 136502 107074 1327 14.5576171875 3.6083984375 0.2314453125 1.388671875
map_7 44 0 5 5 5 1 1 0.003613791 0.001377583 0.0036247998 0.0013775748 0.003614 0.001376 0.003623 0.001377 19023 3345 6261 1534 193772 1464628 1005 587677 225574 3345 38.5712890625 7.490234375 0.3134765625 1.3388671875
map_8 44 1 5 5 5 1 1 0.001939208 0.011694125 0.0019527082 0.0116928252 0.001939 0.011691 0.001952 0.0116896 9945 257703 1480 1919 153344 9918204 140 920026 121394 257702 15.2265625 9.3701171875 0.234375 1.6201171875
map_9 44 0 5 5 5 1 1 0.00344525 0.007205125 0.00346165 0.0072059666 0.003441 0.007201 0.0034584 0.007204 18524 11873 4564 3390 154604 8270082 601 2873016 230440 11872 30.28515625 16.552734375 0.2900390625 1.7841796875
map_0 45 0 5 5 5 1 1 0.002937667 0.000426375 0.0029511834 0.000430608 0.002934 0.000426 0.002949 0.0004294 15857 2762 3238 799 166255 397896 127 159564 169384 2762 23.810546875 3.9013671875 0.2490234375 1.4677734375
map_1 45 1 5 5 5 1 1 0.003116791 0.001680375 0.003140733 0.001679875 0.003115 0.001677 0.0031392 0.0016774 16455 6340 2993 1392 193867 1942438 281 483932 197459 6340 22.6142578125 6.796875 0.2607421875 1.5263671875
map_2 45 0 5 5 5 1 1 0.003186333 0.000261792 0.0032025248 0.0002624336 0.003183 0.000261 0.0031998 0.0002614 16819 1260 4522 715 155270 222927 286 127791 212609 1260 30.080078125 3.4912109375 0.28125 1.412109375
map_3 45 1 5 5 5 1 1 0.002095584 0.002148708 0.0021099836 0.0021489416 0.002095 0.002146 0.0021076 0.002147 11299 4701 1877 1820 86824 2414732 96 827355 137559 4701 17.1650390625 8.88671875 0.228515625 1.2919921875
map_4 45 0 5 5 5 1 1 0.003284166 0.004006416 0.0032926246 0.0040158914 0.003282 0.004005 0.0032908 0.0040142 17446 8272 2534 2139 164144 4952209 6 1143270 214620 8272 20.373046875 10.4443359375 0.3046875 1.67578125
map_5 45 1 5 5 5 1 1 0.003028875 0.001369 0.0030443246 0.0013683082 0.003028 0.001369 0.0030426 0.0013664 16051 15884 3529 1150 214526 1307927 102 330426 173847 15884 25.2314453125 5.615234375 0.29296875 1.5849609375
map_6 45 0 5 5 5 1 1 0.002499625 0.003203292 0.0025161416 0.0032062082 0.002499 0.0032 0.0025142 0.0032034 13167 17703 2667 1707 141023 3744516 35 728029 163872 17702 21.0224609375 8.3349609375 0.2958984375 1.5673828125
map_7 45 1 5 5 5 1 1 0.002148417 0.002938375 0.002165825 0.0029395914 0.002145 0.002935 0.0021644 0.0029364 11368 10645 2133 2113 113541 3194600 113 1115409 138143 10645 18.4150390625 10.3173828125 0.22265625 1.587890625
map_8 45 0 5 5 5 1 1 0.002389791 0.014618625 0.0023774 0.0146305916 0.00239 0.014615 0.0023738 0.0146268 11355 40673 1385 4626 127225 16903618 29 5349952 129242 40673 14.7626953125 22.587890625 0.240234375 2.0712890625
map_9 45 1 5 5 5 1 1 0.004721084 0.000990042 0.0047564668 0.0009931838 0.004716 0.000989 0.0047504 0.0009908 22771 5864 3843 916 218370 994426 366 209677 274450 5864 26.7646484375 4.47265625 0.2255859375 1.4443359375
map_0 46 1 5 5 5 1 1 0.003508125 0.001428792 0.0035200168 0.0014273832 0.003508 0.001426 0.0035166 0.0014252 16804 3764 4070 1443 160485 1376644 343 520509 181599 3764 27.873046875 7.0458984375 0.3046875 1.5791015625
map_1 46 0 5 5 5 1 1 0.002668542 0.000412833 0.0026811002 0.0004144912 0.002665 0.000409 0.002677 0.000413 12286 1583 1679 772 163023 341394 37 148974 153876 1583 16.1982421875 3.76953125 0.2314453125 1.447265625
map_2 46 1 5 5 5 1 1 0.002267 0.001460208 0.0022834414 0.0014595666 0.002267 0.001457 0.0022812 0.0014586 11100 5158 1791 1375 90995 1412660 83 472317 130116 5158 16.7451171875 6.7138671875 0.216796875 1.564453125
map_3 46 0 5 5 5 1 1 0.003472291 0.001924666 0.003470325 0.0019327082 0.003472 0.001918 0.0034692 0.0019294 16681 3876 3771 1712 153628 1858851 369 732007 199850 3876 26.4130859375 8.359375 0.298828125 1.259765625
map_4 46 1 5 5 5 1 1 0.002643333 0.003258583 0.0026475162 0.0032595918 0.002642 0.003257 0.0026454 0.0032562 12558 6606 1506 2212 113781 3199967 52 1222239 155360 6606 15.353515625 10.80078125 0.2548828125 1.517578125
map_5 46 0 5 5 5 1 1 0.003122 0.003141709 0.0031237168 0.0031497918 0.003121 0.003132 0.0031216 0.003137 14539 53852 1584 799 199455 2617139 217 159589 146745 53852 15.734375 3.9013671875 0.2021484375 1.482421875
map_6 46 1 5 5 5 1 1 0.002570583 0.000921541 0.0025685084 0.00092165 0.002568 0.000921 0.0025658 0.0009214 11993 2620 2687 1138 127829 881294 58 323389 152376 2620 21.1201171875 5.556640625 0.2548828125 1.330078125
map_7 46 0 5 5 5 1 1 0.003381083 0.005110084 0.0033880582 0.0051059586 0.003378 0.005107 0.0033856 0.005102 16143 8550 4149 2654 162573 5323228 477 1760663 191158 8549 28.2587890625 12.958984375 0.234375 1.7666015625
map_8 46 1 5 5 5 1 1 0.002177 0.006942333 0.0021671752 0.0069378752 0.002177 0.006935 0.002167 0.0069346 10297 8578 1793 3068 108265 7406886 54 2353022 126914 8578 16.7548828125 14.98046875 0.2255859375 1.6962890625
map_9 46 0 5 5 5 1 1 0.003343875 0.000594916 0.003346175 0.0005970084 0.003341 0.000593 0.0033454 0.0005964 16033 4545 1860 820 155798 508590 28 168025 193481 4545 17.08203125 4.00390625 0.2548828125 1.4443359375
map_0 47 0 5 5 5 1 1 0.003587458 0.002032459 0.0035906418 0.0020322834 0.003586 0.002029 0.0035884 0.00203 16816 4927 3205 1588 170440 2084772 95 630054 196597 4927 23.6494140625 7.75390625 0.2841796875 1.740234375
map_1 47 1 5 5 5 1 1 0.002694541 0.000739125 0.002691233 0.0007387002 0.002691 0.000738 0.0026868 0.0007376 12390 2335 1534 1066 156984 664000 85 283876 167758 2335 15.490234375 5.205078125 0.19921875 1.5087890625
map_2 47 0 5 5 5 1 1 0.00363975 0.002315125 0.0036456834 0.0023167836 0.00364 0.002315 0.0036444 0.0023148 19278 74112 2687 806 207174 1479903 256 162336 238493 74112 21.1201171875 3.935546875 0.2490234375 1.4326171875
map_3 47 1 5 5 5 1 1 0.0028575 0.000543291 0.0028613168 0.0005433584 0.002857 0.000543 0.0028592 0.0005432 15009 2164 3557 948 133459 543349 418 224626 192589 2164 25.3681640625 4.62890625 0.2431640625 1.458984375
map_4 47 0 5 5 5 1 1 0.0031015 0.001483417 0.0031290082 0.0014832918 0.003101 0.001481 0.0031286 0.0014824 16814 4544 3668 1477 135822 1631167 426 545127 196527 4544 25.91015625 7.2119140625 0.28125 1.4619140625
map_5 47 1 5 5 5 1 1 0.003039791 0.002459 0.0030604416 0.0024574082 0.00304 0.002457 0.0030588 0.0024552 15926 9296 2446 1977 204921 2607429 285 976296 182832 9296 19.943359375 9.6533203125 0.2578125 1.4765625
map_6 47 0 5 5 5 1 1 0.002595291 0.000588125 0.0026103998 0.0005880168 0.002593 0.000586 0.002609 0.0005864 13658 1942 3091 1090 137493 540542 120 296766 160323 1942 23.0927734375 5.322265625 0.216796875 1.39453125
map_7 47 1 5 5 5 1 1 0.002867292 0.0010445 0.0028713418 0.001049775 0.002864 0.001043 0.0028698 0.001048 14724 3089 2545 1237 210666 1139886 225 382386 150928 3089 20.4267578125 6.0400390625 0.228515625 1.5322265625
map_8 47 0 5 5 5 1 1 0.002535417 0.003856708 0.0025440916 0.0038586498 0.002535 0.003854 0.0025424 0.0038556 13324 78293 1558 1549 158106 3348311 56 599389 151605 78293 15.607421875 7.5634765625 0.2548828125 1.7197265625
map_9 47 1 5 5 5 1 1 0.00349775 0.000971208 0.0035145418 0.0009726748 0.003496 0.000971 0.0035128 0.0009718 18467 2710 3886 1272 195687 1017019 250 404107 216395 2710 26.974609375 6.2109375 0.22265625 1.3828125
map_0 48 1 5 5 5 1 1 0.002897375 0.0058545 0.00291295 0.0058606416 0.002894 0.005854 0.0029112 0.0058588 15187 9222 2178 2991 160331 6809671 68 2236217 188769 9221 18.634765625 14.6044921875 0.2373046875 1.65234375
map_1 48 0 5 5 5 1 1 0.003348458 0.00610275 0.0033462248 0.0061049918 0.003348 0.006099 0.0033452 0.006102 17545 9896 2673 3011 187259 7162693 346 2265466 210632 9896 21.0517578125 14.7021484375 0.234375 1.5732421875
map_2 48 1 5 5 5 1 1 0.003112875 0.004665542 0.0031182 0.0046725666 0.00311 0.004665 0.0031168 0.0046718 16461 109744 2540 1557 163793 3571659 81 605893 173056 109744 20.40234375 7.6025390625 0.2109375 1.6318359375
map_3 48 0 5 5 5 1 1 0.001966875 0.004115291 0.0019691666 0.004119683 0.001965 0.004114 0.0019672 0.0041174 10537 8391 1273 2414 75508 4819903 120 1456746 130514 8391 14.2158203125 11.787109375 0.17578125 1.822265625
map_4 48 1 5 5 5 1 1 0.003272875 0.001030916 0.0032725252 0.0010340248 0.003269 0.001029 0.0032688 0.0010318 17097 3574 3567 1250 133879 1091154 162 390503 226687 3574 25.4169921875 6.103515625 0.275390625 1.5908203125
map_5 48 0 5 5 5 1 1 0.003325959 0.007818208 0.0033388836 0.0078178996 0.003325 0.007815 0.0033372 0.0078156 17808 10872 3544 3322 210179 9381476 173 2758359 193051 10871 25.3046875 16.220703125 0.263671875 1.5322265625
map_6 48 1 5 5 5 1 1 0.00280175 0.000234875 0.0028230418 0.0002353668 0.002799 0.000235 0.0028216 0.0002348 15266 1156 3817 682 114526 196951 91 116278 195155 1156 26.6376953125 3.330078125 0.2080078125 1.3916015625
map_7 48 0 5 5 5 1 1 0.002226584 0.001730792 0.0022299338 0.001730292 0.002224 0.001728 0.0022276 0.0017276 11592 11460 1999 1042 116968 2051467 62 271314 145277 11459 17.7607421875 5.087890625 0.2255859375 1.5439453125
map_8 48 1 5 5 5 1 1 0.003518625 0.003436666 0.0035275332 0.0034233746 0.003518 0.003434 0.0035256 0.0034208 18197 106822 2552 804 272497 2072860 9 161415 211790 106822 20.4609375 3.92578125 0.24609375 1.3447265625
map_9 48 0 5 5 5 1 1 0.002302583 0.00149725 0.0023148334 0.0014984834 0.0023 0.001497 0.0023128 0.001497 12296 6370 2041 1370 116008 1664416 42 468825 140218 6370 17.9658203125 6.689453125 0.26953125 1.48828125
map_0 49 0 5 5 5 1 1 0.002967875 0.000283 0.0029843748 0.0002846332 0.002967 0.000283 0.0029816 0.0002842 15535 1138 2723 797 178396 234642 49 158687 195320 1138 21.2958984375 3.8916015625 0.2666015625 1.400390625
map_1 49 1 5 5 5 1 1 0.001980542 0.002163917 0.0019832336 0.0021655748 0.00198 0.002164 0.001981 0.0021636 10128 5489 1096 1831 145792 2397026 101 837332 118893 5489 13.3515625 8.9404296875 0.2021484375 1.318359375
map_2 49 0 5 5 5 1 1 0.001960667 0.002091125 0.0019637336 0.0020917914 0.00196 0.002091 0.0019616 0.0020898 10382 13068 1854 903 91320 2654485 83 203851 126365 13068 17.052734375 4.4091796875 0.2958984375 1.4765625
map_3 49 1 5 5 5 1 1 0.001891 0.000658333 0.0018968582 0.0006572166 0.001888 0.000655 0.0018944 0.0006556 9796 2070 1223 1112 113697 638710 42 308867 123322 2070 13.9716796875 5.4296875 0.2109375 1.423828125
map_4 49 0 5 5 5 1 1 0.002904208 0.000886166 0.0029207002 0.0008842582 0.002903 0.000884 0.0029172 0.000883 15614 2840 2546 1162 140046 932769 196 337462 180849 2840 20.431640625 5.673828125 0.2109375 1.5849609375
map_5 49 1 5 5 5 1 1 0.00202575 0.003028625 0.0020264836 0.0030313666 0.002022 0.003028 0.0020244 0.0030288 10741 8360 841 1930 107642 3597905 31 930428 114410 8360 12.1064453125 9.423828125 0.19921875 1.611328125
map_6 49 0 5 5 5 1 1 0.002717416 0.001882916 0.0027115998 0.001890358 0.002714 0.001881 0.0027094 0.0018888 14110 11270 3217 1269 147699 2172914 82 402213 179753 11270 23.7080078125 6.1962890625 0.234375 1.44140625
map_7 49 1 5 5 5 1 1 0.002059209 0.000776958 0.0020658086 0.0007765164 0.002059 0.000774 0.002064 0.0007752 10909 2603 2053 1133 99234 790763 10 320742 125256 2603 18.0244140625 5.5322265625 0.2958984375 1.5
map_8 49 0 5 5 5 1 1 0.001978333 0.000603541 0.0019850332 0.0006043 0.001975 0.000603 0.0019826 0.0006028 10352 3217 2174 1009 135790 567540 6 254332 124483 3217 18.615234375 4.9267578125 0.24609375 1.51171875
map_9 49 1 5 5 5 1 1 0.00303325 0.00175725 0.0030516586 0.001757917 0.003029 0.001757 0.0030486 0.0017574 15727 3766 2736 1882 203675 1764205 194 884782 194574 3766 21.359375 9.189453125 0.298828125 1.4853515625
map_0 50 1 5 5 5 1 1 0.002556417 0.001626167 0.0025665584 0.0016247084 0.002553 0.001623 0.0025638 0.001623 13341 6305 1598 1412 184375 1834223 110 498302 139419 6305 15.802734375 6.89453125 0.251953125 1.81640625
map_1 50 0 5 5 5 1 1 0.003519542 0.000411458 0.0035228084 0.0004118668 0.003517 0.000412 0.0035202 0.0004118 18006 1619 3521 856 294019 392114 193 183138 216806 1619 25.1923828125 4.1796875 0.2490234375 1.4150390625
map_2 50 1 5 5 5 1 1 0.00280325 0.005433334 0.0028190084 0.005440267 0.002803 0.005431 0.0028172 0.005438 15011 7594 2433 3018 144157 6161014 102 2276125 173255 7594 19.8798828125 14.736328125 0.2666015625 1.5908203125
map_3 50 0 5 5 5 1 1 0.002751083 0.001079291 0.0027684248 0.001079875 0.00275 0.001079 0.0027654 0.0010786 14729 3288 2585 1231 120961 1200100 406 378444 175624 3288 20.6220703125 6.0107421875 0.275390625 1.4033203125
map_4 50 1 5 5 5 1 1 0.0025415 0.003210625 0.002551133 0.0032189418 0.002541 0.003207 0.0025498 0.0032164 13302 7585 1431 2001 138354 3831688 53 1000713 165443 7585 14.9873046875 9.7705078125 0.205078125 1.6962890625
map_5 50 0 5 5 5 1 1 0.003592958 0.024223542 0.0035918664 0.0242502082 0.003589 0.024223 0.0035892 0.024249 18406 21518 1546 6296 262689 28554089 41 9909394 198705 21517 15.548828125 30.7421875 0.2666015625 2.4140625
map_6 50 1 5 5 5 1 1 0.003040208 0.007872709 0.0030529166 0.007877142 0.003039 0.00787 0.0030516 0.007875 16339 10416 4366 3531 143611 9161485 686 3116250 196054 10416 29.318359375 17.2412109375 0.2138671875 1.869140625
map_7 50 0 5 5 5 1 1 0.002478583 0.000471792 0.0024909916 0.0004755916 0.002478 0.000469 0.0024888 0.0004744 13156 3162 2956 888 113474 417909 84 197042 158896 3162 22.43359375 4.3359375 0.2783203125 1.4033203125
map_8 50 1 5 5 5 1 1 0.003517208 0.005860042 0.0035167914 0.0058658416 0.003516 0.005858 0.0035142 0.0058634 17784 116235 3902 1994 264071 4837907 388 993774 221309 116235 27.052734375 9.736328125 0.216796875 1.576171875
map_9 50 0 5 5 5 1 1 0.003324917 0.002958375 0.003335425 0.0029654502 0.003322 0.002959 0.0033328 0.0029646 17359 5904 2462 2161 187914 3326438 28 1167468 195959 5904 20.021484375 10.5517578125 0.3017578125 1.6552734375
map_0 51 0 5 5 5 1 1 0.003329542 0.000185417 0.0033216416 0.0001847498 0.003328 0.000183 0.0033206 0.0001842 17448 895 2990 624 209770 147262 133 97341 178456 895 22.599609375 3.046875 0.2578125 1.3447265625
map_1 51 1 5 5 5 1 1 0.002706333 0.001151291 0.0027297334 0.0011562916 0.002706 0.001151 0.0027282 0.001156 14598 2999 3082 1437 116414 1182312 256 515774 178079 2999 23.048828125 7.0166015625 0.2607421875 1.400390625
map_2 51 0 5 5 5 1 1 0.002759958 0.000391666 0.002770075 0.0003923498 0.002759 0.000391 0.0027696 0.0003918 14775 1528 2725 888 140475 349749 208 197126 176772 1528 21.3056640625 4.3359375 0.2783203125 1.4443359375
map_3 51 1 5 5 5 1 1 0.002885417 0.002388875 0.002894375 0.0023853166 0.002884 0.002386 0.0028928 0.002383 15479 6484 2527 1670 124558 2831451 494 696685 190336 6484 20.3388671875 8.154296875 0.2314453125 1.4736328125
map_4 51 0 5 5 5 1 1 0.003685125 0.002324625 0.003694042 0.0023251498 0.003682 0.002323 0.003691 0.0023234 19377 5046 4001 1982 169009 2528732 183 981697 248213 5046 27.5361328125 9.677734375 0.31640625 1.482421875
map_5 51 1 5 5 5 1 1 0.003516125 0.005184917 0.0035305666 0.005184675 0.003513 0.005181 0.0035278 0.0051818 18164 26257 3164 1636 267969 6722787 33 669049 203806 26257 23.44921875 7.98828125 0.263671875 1.681640625
map_6 51 0 5 5 5 1 1 0.001802375 0.000896125 0.0018135084 0.0008971166 0.0018 0.000895 0.001811 0.0008958 9422 2710 1176 1216 101336 936224 17 369250 115520 2710 13.7421875 5.9375 0.19921875 1.353515625
map_7 51 1 5 5 5 1 1 0.002919084 0.003109584 0.0029098086 0.0031124088 0.002915 0.003108 0.0029062 0.0031096 14373 25584 2610 2088 179463 3093513 64 1089079 162633 25584 20.744140625 10.1953125 0.2373046875 1.4560546875
map_8 51 0 5 5 5 1 1 0.0035525 0.008210542 0.0035631416 0.0082166666 0.003553 0.00821 0.0035606 0.0082138 18028 12795 2748 3406 317749 9843468 174 2899258 219625 12794 21.41796875 16.630859375 0.2666015625 1.59375
map_9 51 1 5 5 5 1 1 0.002978875 0.00319275 0.0029734582 0.0031936332 0.002977 0.00319 0.0029714 0.0031918 15823 5760 4718 2239 140037 3627184 500 1252507 185047 5760 31.037109375 10.9326171875 0.263671875 1.541015625
map_0 52 1 5 5 5 1 1 0.002271375 0.000927709 0.0022832666 0.0009280168 0.002269 0.000926 0.0022812 0.0009268 12145 3069 2090 1121 92882 1033082 77 314082 139535 3069 18.205078125 5.4736328125 0.2578125 1.44140625
map_1 52 0 5 5 5 1 1 0.002702083 0.001712208 0.0027037166 0.0017117248 0.002699 0.001711 0.0027014 0.0017106 14186 4109 1706 1648 147111 1874803 326 678310 166081 4109 16.330078125 8.046875 0.234375 1.4677734375
map_2 52 1 5 5 5 1 1 0.003295792 0.000265458 0.0033003834 0.0002655248 0.003296 0.000265 0.003297 0.000265 17027 1239 3089 731 158803 225848 187 133559 204435 1239 23.0830078125 3.5693359375 0.26953125 1.4384765625
map_3 52 0 5 5 5 1 1 0.003323125 0.000813959 0.0033305668 0.0008144668 0.00332 0.000814 0.0033282 0.0008134 17810 2543 4464 1176 172662 832316 315 345347 194658 2543 29.796875 5.7421875 0.3076171875 1.3740234375
map_4 52 1 5 5 5 1 1 0.003781584 0.002739167 0.0038486002 0.0027377752 0.003781 0.002736 0.0038462 0.0027352 19827 5243 4286 2165 189906 2995261 441 1171091 254046 5243 28.927734375 10.5712890625 0.2373046875 1.69921875
map_5 52 0 5 5 5 1 1 0.002812708 0.0060075 0.0028202332 0.00600495 0.002811 0.006005 0.0028184 0.006002 14838 38009 1596 2754 222992 6456477 145 1894907 160969 38008 15.79296875 13.447265625 0.205078125 1.53515625
map_6 52 1 5 5 5 1 1 0.00172175 0.002159917 0.001722325 0.0021624668 0.001719 0.002158 0.0017208 0.0021602 8892 9308 1117 1308 110176 2666576 62 427577 109025 9308 13.4541015625 6.38671875 0.2080078125 1.6611328125
map_7 52 0 5 5 5 1 1 0.002610167 0.000727542 0.0026175666 0.0007278586 0.00261 0.000726 0.002616 0.0007268 13876 2321 2526 1134 134312 727263 175 321289 168137 2321 20.333984375 5.537109375 0.287109375 1.4560546875
map_8 52 1 5 5 5 1 1 0.002822583 0.01027225 0.00282065 0.0102790916 0.002819 0.010268 0.0028184 0.0102748 14241 315632 3013 1195 175412 6691965 94 357005 181548 315632 22.7119140625 5.8349609375 0.240234375 1.53515625
map_9 52 0 5 5 5 1 1 0.003740291 0.000714708 0.003767058 0.0007155916 0.00374 0.000715 0.0037646 0.0007146 19759 5997 4536 906 185302 707915 238 205111 242144 5997 30.1484375 4.423828125 0.251953125 1.48828125
map_0 53 0 5 5 5 1 1 0.003292583 0.002204625 0.0033006166 0.0022086586 0.003289 0.002201 0.0032974 0.0022054 17574 4801 3030 1915 182526 2398870 483 916303 198368 4801 22.794921875 9.3505859375 0.228515625 1.599609375
map_1 53 1 5 5 5 1 1 0.004128834 0.000500042 0.0041375002 0.0005004748 0.004126 0.000499 0.0041348 0.0005 21124 1677 2812 991 322171 468103 46 245230 247965 1677 21.73046875 4.8388671875 0.3134765625 1.2744140625
map_2 53 0 5 5 5 1 1 0.003571042 0.000404125 0.0035828416 0.0004040416 0.003568 0.000402 0.003581 0.0004032 18723 1657 3828 853 210826 376218 95 181801 248276 1657 26.69140625 4.1650390625 0.3076171875 1.376953125
map_3 53 1 5 5 5 1 1 0.002748375 0.013814583 0.0027348584 0.013850275 0.002745 0.013812 0.0027324 0.0138458 14536 127154 3731 2783 138789 15794145 732 1935945 173231 127154 26.2177734375 13.5888671875 0.2578125 1.3359375
map_4 53 0 5 5 5 1 1 0.002503375 0.01624875 0.0025103252 0.0162572498 0.0025 0.016246 0.0025082 0.0162546 13004 46951 2164 3020 165397 22167618 304 2278818 152341 46949 18.56640625 14.74609375 0.205078125 1.576171875
map_5 53 1 5 5 5 1 1 0.00261625 0.00079525 0.0026126002 0.0007948334 0.002613 0.000794 0.00261 0.000794 14030 9503 2262 892 128393 733926 211 198818 163735 9503 19.044921875 4.35546875 0.2548828125 1.365234375
map_6 53 0 5 5 5 1 1 0.003107 0.002563 0.003122875 0.0025594418 0.003105 0.00256 0.0031208 0.0025576 16307 5214 3821 2031 167840 2834451 177 1030990 193121 5214 26.6572265625 9.9169921875 0.3310546875 1.6845703125
map_7 53 1 5 5 5 1 1 0.002876417 0.000439792 0.002882275 0.0004396918 0.002874 0.000438 0.0028804 0.0004384 15169 2757 3387 896 160357 381655 252 200593 180227 2757 24.5380859375 4.375 0.263671875 1.4912109375
map_8 53 0 5 5 5 1 1 0.00311475 0.001699208 0.0031185334 0.0016985666 0.003114 0.001696 0.0031178 0.0016966 15903 43310 3289 933 242926 1178896 77 217493 202056 43310 24.0595703125 4.5556640625 0.2255859375 1.587890625
map_9 53 1 5 5 5 1 1 0.002360041 0.002317916 0.0023679414 0.0023192664 0.002358 0.002315 0.0023656 0.0023162 12477 16736 1247 1466 130382 2578324 164 536836 135196 16736 14.0888671875 7.158203125 0.275390625 1.634765625
map_0 54 1 5 5 5 1 1 0.003120542 0.007837834 0.0031403832 0.0078386502 0.003121 0.007834 0.0031398 0.0078318 16869 24498 4152 2802 150576 9688794 245 1962527 189110 24498 28.2734375 13.681640625 0.251953125 1.7109375
map_1 54 0 5 5 5 1 1 0.003005083 0.014412333 0.0030122582 0.014412933 0.003001 0.014409 0.0030096 0.0144086 15773 14859 2446 4707 209123 17193582 73 5537661 196991 14859 19.943359375 22.9833984375 0.2783203125 1.86328125
map_2 54 1 5 5 5 1 1 0.001875 0.003409333 0.0018830918 0.0034109 0.001875 0.003406 0.0018804 0.0034086 9999 5750 1404 2365 90429 3837632 83 1397300 110436 5750 14.85546875 11.5478515625 0.22265625 1.5146484375
map_3 54 0 5 5 5 1 1 0.002247875 0.010085958 0.0022535916 0.0100917582 0.002246 0.01008 0.0022512 0.0100904 11764 10583 1692 4152 138892 11561928 128 4308126 130827 10583 16.26171875 20.2734375 0.26953125 1.5146484375
map_4 54 1 5 5 5 1 1 0.003626208 0.001008625 0.0036236668 0.0010103666 0.003624 0.001005 0.0036194 0.0010072 18870 3435 4409 1196 216695 1092485 370 357302 235616 3435 29.5283203125 5.83984375 0.2958984375 1.5380859375
map_5 54 0 5 5 5 1 1 0.002655833 0.002788375 0.0026562084 0.0027858914 0.002654 0.002785 0.0026544 0.0027824 14183 8487 2256 1873 144666 3228752 73 876655 157432 8487 19.015625 9.1455078125 0.193359375 1.7900390625
map_6 54 1 5 5 5 1 1 0.002911041 0.000543542 0.0029084748 0.0005454168 0.002908 0.00054 0.0029054 0.0005434 15261 2226 3551 949 156373 533436 446 224907 188043 2226 25.3388671875 4.6337890625 0.216796875 1.4296875
map_7 54 0 5 5 5 1 1 0.003571583 0.000886666 0.0035919 0.0008887002 0.003571 0.000884 0.0035896 0.000887 19002 17755 3608 738 209802 705550 446 136144 219392 17755 25.6171875 3.603515625 0.2783203125 1.447265625
map_8 54 1 5 5 5 1 1 0.00322 0.000364916 0.0032244918 0.0003650832 0.003214 0.000365 0.0032208 0.000365 16443 1436 3206 809 256542 334844 223 163499 200482 1436 23.654296875 3.9501953125 0.22265625 1.3388671875
map_9 54 0 5 5 5 1 1 0.002783916 0.008527666 0.002793625 0.0085315832 0.002782 0.008525 0.0027916 0.0085282 14927 11144 2251 3669 133670 9971488 40 3365159 179643 11144 18.9912109375 17.9150390625 0.29296875 1.86328125
map_0 55 0 5 5 5 1 1 0.003124625 0.000613375 0.0031477332 0.0006164668 0.003121 0.000613 0.0031446 0.0006158 16400 2344 2832 987 170339 625201 91 243460 207822 2344 21.828125 4.8193359375 0.28125 1.4736328125
map_1 55 1 5 5 5 1 1 0.003272875 0.00120625 0.0032757334 0.0012052082 0.003269 0.001205 0.003273 0.0012028 16752 4517 2958 1219 219983 1342072 183 371207 214857 4517 22.443359375 5.9521484375 0.24609375 1.5234375
map_2 55 0 5 5 5 1 1 0.002934125 0.000654917 0.0029465166 0.000654525 0.002931 0.000652 0.002943 0.0006526 15666 3542 2691 931 161765 673436 36 216594 178134 3542 21.1396484375 4.5458984375 0.2841796875 1.435546875
map_3 55 1 5 5 5 1 1 0.00260525 0.002183542 0.0026087834 0.0021838416 0.002602 0.002181 0.0026058 0.0021812 13809 4722 1210 1852 91111 2434749 1 857225 176385 4722 13.908203125 9.04296875 0.24609375 1.611328125
map_4 55 0 5 5 5 1 1 0.003254083 0.00743125 0.0032556084 0.0074326252 0.003254 0.007429 0.0032542 0.0074236 17258 9812 3511 3399 140391 8387349 481 2888073 213283 9811 25.1435546875 16.5966796875 0.29296875 1.81640625
map_5 55 1 5 5 5 1 1 0.002561333 0.001791375 0.0025716916 0.0018114584 0.002558 0.001791 0.0025692 0.0018096 13422 23532 1277 1211 187940 1712807 423 366361 144350 23532 14.2353515625 5.9130859375 0.181640625 1.4560546875
map_6 55 0 5 5 5 1 1 0.001959291 0.004147875 0.0019631916 0.00414735 0.001957 0.004145 0.0019614 0.0041444 9976 10866 1019 2474 132097 4712403 41 1530128 118876 10865 12.9755859375 12.080078125 0.22265625 1.7138671875
map_7 55 1 5 5 5 1 1 0.002179125 0.005476084 0.0021871582 0.0054812916 0.002176 0.005473 0.002184 0.0054784 11606 9355 1981 2891 102642 6350144 17 2088125 131688 9355 17.6728515625 14.1162109375 0.2314453125 1.5205078125
map_8 55 0 5 5 5 1 1 0.001976333 0.005959125 0.0019895166 0.00595835 0.001973 0.005956 0.0019872 0.005956 10346 167714 1487 1137 126197 4176095 95 322901 122846 167713 15.2607421875 5.5517578125 0.2109375 1.517578125
map_9 55 1 5 5 5 1 1 0.003605916 0.001193208 0.0036290416 0.0011955002 0.003603 0.001191 0.0036268 0.001194 19191 4780 4190 1254 201106 1272249 190 392841 221172 4780 28.458984375 6.123046875 0.26953125 1.5849609375
map_0 56 1 5 5 5 1 1 0.002754667 0.005746041 0.0027608668 0.0057492164 0.002751 0.005745 0.0027576 0.0057468 14477 9643 2164 3067 150744 6526249 129 2350211 177189 9642 18.56640625 14.9755859375 0.251953125 1.3974609375
map_1 56 0 5 5 5 1 1 0.003711416 0.0002715 0.0037389914 0.0002755334 0.00371 0.000271 0.0037364 0.0002724 18385 1105 2625 768 229199 226609 166 147319 229884 1105 20.8173828125 3.75 0.22265625 1.3125
map_2 56 1 5 5 5 1 1 0.003208583 0.002373625 0.0031992498 0.0023741416 0.003206 0.002373 0.0031974 0.0023736 16753 66333 3523 1019 151378 1556506 196 259411 194512 66333 25.2021484375 4.9755859375 0.251953125 1.482421875
map_3 56 0 5 5 5 1 1 0.002847083 0.000388958 0.0028583332 0.0003890332 0.002847 0.000389 0.0028498 0.000389 14951 1612 3193 798 118355 378497 42 159176 179648 1612 23.5908203125 3.896484375 0.2548828125 1.3740234375
map_4 56 1 5 5 5 1 1 0.003216416 0.000914125 0.0032220084 0.0009135084 0.003216 0.000912 0.0032176 0.0009128 16738 2861 3749 1189 169480 969807 315 353148 205228 2861 26.3056640625 5.8056640625 0.22265625 1.4296875
map_5 56 0 5 5 5 1 1 0.004335166 0.00386425 0.0043500332 0.003843425 0.004331 0.003843 0.0043466 0.003834 22706 21188 3036 2093 271126 4071028 120 1094864 247447 21187 22.82421875 10.2197265625 0.29296875 1.8603515625
map_6 56 1 5 5 5 1 1 0.002646667 0.000878458 0.0026578082 0.0008874832 0.002647 0.000878 0.002656 0.0008856 14210 2684 3692 1195 129464 907954 137 356947 153587 2684 26.02734375 5.8349609375 0.251953125 1.48828125
map_7 56 0 5 5 5 1 1 0.002751167 0.003399375 0.0027485668 0.0033993498 0.00275 0.003397 0.0027462 0.0033968 14619 6701 3631 2224 137474 3941316 225 1236166 175654 6701 25.7294921875 10.859375 0.2255859375 1.4091796875
map_8 56 1 5 5 5 1 1 0.003140375 0.010005875 0.0031535332 0.0099913584 0.003137 0.010003 0.0031514 0.0099874 16637 280848 2389 1362 156462 7052591 336 463444 214408 280848 19.6650390625 6.650390625 0.24609375 1.576171875
map_9 56 0 5 5 5 1 1 0.002706541 0.023800917 0.0027201748 0.0238052248 0.002704 0.023798 0.002719 0.0238004 14368 17217 2669 6471 151863 27475729 14 10467124 171830 17215 21.0322265625 31.5966796875 0.2548828125 1.857421875
map_0 57 0 5 5 5 1 1 0.002909209 0.006128417 0.0029248836 0.0061334834 0.002909 0.006126 0.0029228 0.0061312 15759 17964 3295 2450 135523 7688670 447 1499640 176758 17964 24.0888671875 11.962890625 0.298828125 1.69921875
map_1 57 1 5 5 5 1 1 0.003666583 0.001721333 0.0036332414 0.0017272582 0.003643 0.001722 0.0036192 0.001723 18103 4154 2687 1700 244825 1845881 106 721822 207986 4154 21.1201171875 8.30078125 0.2666015625 1.3974609375
map_2 57 0 5 5 5 1 1 0.0026525 0.000736792 0.0026684248 0.0007393334 0.002649 0.000737 0.0026626 0.0007378 13794 2275 2069 1165 141325 730556 208 338976 157601 2275 18.1025390625 5.6884765625 0.2431640625 1.4267578125
map_3 57 1 5 5 5 1 1 0.002155792 0.005293833 0.0021628168 0.0052946418 0.002152 0.005291 0.0021602 0.0052922 11375 62619 1291 1012 98535 6082705 41 256008 143980 62619 14.3037109375 4.94140625 0.193359375 1.6201171875
map_4 57 0 5 5 5 1 1 0.00228025 0.008915208 0.0022904752 0.0089101332 0.002278 0.008912 0.0022872 0.0089076 12053 12233 1699 3613 83061 10570965 64 3263030 154911 12232 16.2958984375 17.6416015625 0.2021484375 1.9072265625
map_5 57 1 5 5 5 1 1 0.003100333 0.004482334 0.0030895832 0.0044824582 0.0031 0.004479 0.003088 0.0044796 16289 14790 2538 2310 204088 5281098 176 1333940 173507 14790 20.392578125 11.279296875 0.2431640625 1.8515625
map_6 57 0 5 5 5 1 1 0.003264792 0.002636875 0.003281767 0.0026355334 0.003264 0.002636 0.0032796 0.0026316 17066 6129 3478 2109 193613 2733227 218 1111068 208133 6129 24.982421875 10.2978515625 0.24609375 1.5615234375
map_7 57 1 5 5 5 1 1 0.002926042 0.000491583 0.0029318084 0.0004928496 0.002923 0.000492 0.0029296 0.0004922 14917 1798 2352 958 210536 463683 138 229300 158954 1798 19.484375 4.677734375 0.251953125 1.400390625
map_8 57 0 5 5 5 1 1 0.002894459 0.001041917 0.002900875 0.0010465584 0.002888 0.001041 0.002898 0.0010446 15511 3042 2847 1358 115561 1055549 263 460819 196246 3042 21.9013671875 6.630859375 0.2724609375 1.6875
map_9 57 1 5 5 5 1 1 0.00282575 0.010434583 0.0028332666 0.0105056332 0.002825 0.010413 0.0028316 0.0104926 15004 17380 3248 4209 163042 11461860 56 4427156 169511 17379 23.859375 20.5517578125 0.333984375 1.59375
map_0 58 1 5 5 5 1 1 0.003564167 0.00135875 0.0035795002 0.0013593082 0.003551 0.001357 0.003574 0.001358 18360 3230 3595 1586 191683 1396505 146 628187 195749 3230 25.5537109375 7.744140625 0.3193359375 1.341796875
map_1 58 0 5 5 5 1 1 0.003805875 0.00044175 0.003808575 0.0004365248 0.003802 0.000442 0.0038052 0.0004354 19432 1627 4028 829 238362 378112 238 171790 233655 1627 27.66796875 4.0478515625 0.240234375 1.4794921875
map_2 58 1 5 5 5 1 1 0.002994083 0.001598708 0.0030052416 0.0016021668 0.002991 0.001596 0.0030012 0.0015996 15565 4237 2543 1478 141733 1820810 63 545671 168728 4237 20.4169921875 7.216796875 0.2666015625 1.5966796875
map_3 58 0 5 5 5 1 1 0.002312709 0.000370125 0.0022481502 0.0003703752 0.002182 0.000369 0.0022004 0.0003692 11067 1629 2072 769 96137 365176 36 147789 126783 1629 18.1171875 3.7548828125 0.2783203125 1.423828125
map_4 58 1 5 5 5 1 1 0.003550541 0.000733875 0.003556225 0.0007352916 0.003547 0.000734 0.0035538 0.0007348 18439 2569 3238 1035 171620 786377 334 267597 237314 2569 23.810546875 5.0537109375 0.2255859375 1.4267578125
map_5 58 0 5 5 5 1 1 0.004591041 0.003369125 0.0045996 0.00337045 0.004588 0.003366 0.0045968 0.0033682 23881 8569 4485 1779 311455 4266251 77 791152 254426 8569 29.8994140625 8.6865234375 0.2958984375 1.634765625
map_6 58 1 5 5 5 1 1 0.002065875 0.00461425 0.002064675 0.0046159252 0.002066 0.004614 0.0020626 0.0046134 10787 7655 1386 2600 117802 5416579 306 1689477 134826 7655 14.767578125 12.6953125 0.2197265625 1.30078125
map_7 58 0 5 5 5 1 1 0.00247425 0.001209458 0.0024906416 0.0012144916 0.00247 0.001208 0.0024878 0.0012142 13084 16583 2802 1070 134468 1098178 114 286186 155980 16583 21.681640625 5.224609375 0.29296875 1.5087890625
map_8 58 1 5 5 5 1 1 0.002648459 0.003970375 0.0026414084 0.0039743668 0.002645 0.003966 0.0026388 0.003968 13593 8521 2604 2087 147708 4895675 65 1088621 172245 8521 20.71484375 10.1904296875 0.228515625 1.8515625
map_9 58 0 5 5 5 1 1 0.003800417 0.002722166 0.0038081084 0.0027187916 0.003797 0.002719 0.0038038 0.002712 19897 7112 3811 1990 176814 2927787 297 989638 231840 7112 26.6083984375 9.716796875 0.2578125 1.6640625
map_0 59 0 5 5 5 1 1 0.003148875 0.000704833 0.0031549418 0.000704775 0.003146 0.000703 0.0031524 0.0007032 16272 2283 2364 1099 211890 710604 108 301746 191831 2283 19.54296875 5.3662109375 0.2724609375 1.3916015625
map_1 59 1 5 5 5 1 1 0.003363042 0.009364834 0.0033675086 0.009377192 0.00336 0.009362 0.0033608 0.0093744 16874 13173 2684 3824 230599 10959966 433 3655227 190615 13173 21.10546875 18.671875 0.2080078125 1.7314453125
map_2 59 0 5 5 5 1 1 0.003492958 0.000842583 0.0035614914 0.0008409832 0.003491 0.000838 0.0035542 0.000839 18261 21929 4862 722 178788 534762 551 130238 214329 21929 31.740234375 3.525390625 0.31640625 1.4091796875
map_3 59 1 5 5 5 1 1 0.003986916 0.000843833 0.004011125 0.0008478832 0.003984 0.000842 0.0040074 0.0008462 19963 2838 4213 1112 185631 908333 299 308852 260532 2838 28.5712890625 5.4296875 0.263671875 1.494140625
map_4 59 0 5 5 5 1 1 0.003113792 0.002680333 0.0031351166 0.0026877836 0.00311 0.002678 0.0031314 0.0026856 16363 14089 2238 1140 151149 3433201 313 324686 200593 14089 18.927734375 5.56640625 0.2490234375 1.4736328125
map_5 59 1 5 5 5 1 1 0.002022792 0.000511708 0.0020288752 0.0005143082 0.00202 0.000511 0.0020264 0.0005134 10743 1789 1089 963 134608 494205 1 231810 110964 1789 13.3173828125 4.7021484375 0.2138671875 1.4912109375
map_6 59 0 5 5 5 1 1 0.002398167 0.001321166 0.0024038334 0.001324433 0.002397 0.001319 0.0024016 0.0013216 12700 4861 3119 1251 110709 1512932 105 391217 155478 4861 23.2294921875 6.1083984375 0.2255859375 1.6201171875
map_7 59 1 5 5 5 1 1 0.002425125 0.00035725 0.0024296334 0.0003583168 0.002422 0.000357 0.0024278 0.0003582 12629 1770 1842 776 145056 333231 152 150531 147497 1770 16.994140625 3.7890625 0.2578125 1.458984375
map_8 59 0 5 5 5 1 1 0.003359333 0.002094 0.0033563998 0.0020950496 0.003355 0.002093 0.003354 0.0020934 16699 35172 3379 1446 273939 1724393 270 522342 207772 35172 24.4990234375 7.060546875 0.2314453125 1.5615234375
map_9 59 1 5 5 5 1 1 0.003691666 0.002114458 0.0036850164 0.00211385 0.003691 0.002111 0.003681 0.0021106 19068 5805 3920 1778 200221 2337650 155 789594 213680 5805 27.140625 8.681640625 0.3544921875 1.564453125
map_0 60 1 5 5 5 1 1 0.004913875 0.006428542 0.00493045 0.006428875 0.004911 0.006426 0.004928 0.0064268 25765 14894 7567 2505 299641 8186824 553 1567586 289762 14894 44.9482421875 12.2314453125 0.2958984375 1.318359375
map_1 60 0 5 5 5 1 1 0.00250525 0.000381583 0.00251915 0.0003804836 0.002502 0.000379 0.0025166 0.000379 13208 1559 2386 836 134133 350797 247 174716 167175 1559 19.650390625 4.08203125 0.1904296875 1.4033203125
map_2 60 1 5 5 5 1 1 0.003691084 0.01800225 0.003693 0.0180078998 0.003691 0.017998 0.0036908 0.018005 19318 25138 4665 5190 196737 21527575 256 6732025 237415 25137 30.7783203125 25.341796875 0.2578125 1.6787109375
map_3 60 0 5 5 5 1 1 0.001888333 0.001076833 0.0018873 0.0010741832 0.001889 0.001076 0.0018862 0.0010736 9867 2864 1104 1340 90003 1080313 3 448698 117448 2864 13.390625 6.54296875 0.240234375 1.5322265625
map_4 60 1 5 5 5 1 1 0.00260575 0.0043175 0.0026043668 0.004276133 0.002605 0.004307 0.0026038 0.0042608 13815 9382 2353 2006 117341 5255745 54 1005755 170880 9382 19.4892578125 9.794921875 0.2724609375 1.6845703125
map_5 60 0 5 5 5 1 1 0.003985209 0.00261575 0.0039860336 0.002613175 0.003948 0.002611 0.003932 0.0026106 18635 5278 4331 2036 241683 2904930 423 1035512 206334 5278 29.1474609375 9.94140625 0.310546875 1.453125
map_6 60 1 5 5 5 1 1 0.002026208 0.00407325 0.00202915 0.0040677002 0.002023 0.00407 0.0020264 0.0040652 10520 7281 1456 2528 113136 4614210 162 1596598 130447 7281 15.109375 12.34375 0.228515625 1.611328125
map_7 60 0 5 5 5 1 1 0.001984208 0.003606125 0.0019945334 0.0036140168 0.001984 0.003601 0.0019916 0.0036056 10470 5948 2157 2397 95660 3960868 161 1436360 125714 5948 18.5322265625 11.7041015625 0.181640625 1.505859375
map_8 60 1 5 5 5 1 1 0.003155792 0.001533542 0.0031827002 0.0015443418 0.003153 0.00153 0.0031774 0.0015424 16263 38936 3318 897 179622 1053212 47 201129 198897 38936 24.201171875 4.3798828125 0.2841796875 1.5263671875
map_9 60 0 5 5 5 1 1 0.002836834 0.004908167 0.0028472084 0.0049121836 0.002833 0.004907 0.002845 0.0049098 15056 8097 2561 2669 155816 5786574 57 1780692 179953 8095 20.5048828125 13.0322265625 0.3046875 1.7373046875
map_0 61 0 5 5 5 1 1 0.002925625 0.000209833 0.0029397832 0.0002092082 0.002925 0.000209 0.002937 0.0002084 15615 893 2917 697 152870 165480 53 121410 163794 893 22.2431640625 3.4033203125 0.2373046875 1.3564453125
map_1 61 1 5 5 5 1 1 0.00320325 0.001643625 0.0032173584 0.0016782166 0.003204 0.001643 0.0032168 0.0016652 16363 13882 2413 1219 255604 1687787 68 371217 198977 13882 19.7822265625 5.9521484375 0.2900390625 1.48828125
map_2 61 0 5 5 5 1 1 0.003017959 0.001030792 0.0030140086 0.0010381498 0.003012 0.001028 0.0030096 0.0010362 15342 16450 2174 1037 127507 853785 400 268561 155918 16450 18.615234375 5.0634765625 0.2373046875 1.4150390625
map_3 61 1 5 5 5 1 1 0.003511791 0.000791041 0.0035123996 0.0007966498 0.003512 0.00079 0.0035096 0.0007952 18463 2948 3242 1014 130086 875871 281 256804 220773 2948 23.830078125 4.951171875 0.2666015625 1.4150390625
map_4 61 0 5 5 5 1 1 0.003299291 0.000723459 0.0033131834 0.0007241836 0.003296 0.000721 0.0033106 0.000723 17607 2526 3509 1054 171426 758848 325 277555 217331 2526 25.1337890625 5.146484375 0.298828125 1.46484375
map_5 61 1 5 5 5 1 1 0.002077291 0.002940834 0.002087775 0.0029415166 0.002075 0.002938 0.002086 0.0029388 11241 49278 1950 1135 111000 2785736 47 321962 128875 49278 17.521484375 5.5419921875 0.216796875 1.5615234375
map_6 61 0 5 5 5 1 1 0.002372167 0.001975209 0.0023840832 0.0019751 0.002368 0.001974 0.0023812 0.001973 12702 7559 2265 1420 110573 2351462 125 503755 157488 7559 19.0595703125 6.93359375 0.2138671875 1.6552734375
map_7 61 1 5 5 5 1 1 0.003012792 0.006660458 0.0030198168 0.006879092 0.003009 0.006647 0.0030172 0.0068284 15793 19853 3227 3169 157605 7401069 289 2510457 183968 19853 23.7568359375 15.4736328125 0.2666015625 1.8603515625
map_8 61 0 5 5 5 1 1 0.002744208 0.000410667 0.0027361916 0.0004112666 0.002741 0.000411 0.0027318 0.0004106 14051 1770 2085 800 190414 410727 15 159969 174944 1770 18.1806640625 3.90625 0.2431640625 1.3974609375
map_9 61 1 5 5 5 1 1 0.002946 0.001930584 0.0029566584 0.0019316502 0.002943 0.001929 0.0029538 0.0019296 15546 5993 2341 1548 186126 2245466 116 598629 168812 5993 19.4306640625 7.55859375 0.216796875 1.5498046875
map_0 62 1 5 5 5 1 1 0.00215425 0.00026875 0.0021568084 0.000269375 0.002154 0.000267 0.002155 0.000268 11282 1104 1179 760 110290 225005 22 144396 120296 1104 13.7568359375 3.7109375 0.2431640625 1.3974609375
map_1 62 0 5 5 5 1 1 0.002065541 0.000484792 0.0020814748 0.0004874002 0.002062 0.000481 0.0020786 0.0004864 11138 1690 1557 945 99275 453902 22 223005 120108 1690 15.6025390625 4.6142578125 0.240234375 1.365234375
map_2 62 1 5 5 5 1 1 0.004029417 0.010615917 0.0040426084 0.0106159418 0.004026 0.010612 0.0040398 0.0106136 20757 11356 3175 4205 241733 12274806 210 4419792 242073 11356 23.5029296875 20.5322265625 0.3134765625 1.6435546875
map_3 62 0 5 5 5 1 1 0.003083042 0.001981 0.0030867416 0.001983525 0.00308 0.001978 0.0030838 0.0019804 16395 5751 3634 1563 187727 2315314 259 610128 187178 5751 25.744140625 7.6318359375 0.3251953125 1.3212890625
map_4 62 1 5 5 5 1 1 0.0035045 0.0011725 0.003526425 0.0011765584 0.003501 0.001169 0.0035246 0.001175 18218 3639 2692 1269 160635 1307319 266 402409 217237 3639 21.14453125 6.1962890625 0.2841796875 1.7080078125
map_5 62 0 5 5 5 1 1 0.003047333 0.015083542 0.0030653582 0.0150412418 0.003037 0.014967 0.0030462 0.0149808 15048 40448 1992 4717 198364 16228009 25 5562207 162284 40448 17.7265625 23.0322265625 0.251953125 2.54296875
map_6 62 1 5 5 5 1 1 0.001273959 0.005283125 0.0012737 0.0052891334 0.001273 0.005283 0.0012728 0.0052858 6727 9615 930 2848 63060 6078399 14 2027205 79270 9615 12.541015625 13.90625 0.2021484375 1.7958984375
map_7 62 0 5 5 5 1 1 0.002964542 0.00207875 0.0029653252 0.0020993086 0.002964 0.002078 0.0029628 0.0020954 15245 12339 3591 1300 155086 2422114 212 422205 177095 12339 25.5341796875 6.34765625 0.22265625 1.5966796875
map_8 62 1 5 5 5 1 1 0.002621709 0.005140167 0.0026143334 0.0051418418 0.002619 0.005137 0.0026126 0.005137 13339 11880 2245 2742 209887 5931275 33 1878840 162882 11879 18.9619140625 13.388671875 0.24609375 1.7021484375
map_9 62 0 5 5 5 1 1 0.003386375 0.009896875 0.0033998584 0.0099141582 0.003383 0.009894 0.0033964 0.0099094 18133 18501 3749 3795 183745 11612191 144 3599066 203333 18501 26.3056640625 18.5302734375 0.3193359375 1.6435546875
map_0 63 0 5 5 5 1 1 0.003459958 0.007362667 0.0034751332 0.007368167 0.003458 0.007359 0.0034744 0.0073618 18392 9146 3240 3591 183256 8256450 83 3222800 200268 9146 23.8203125 17.5341796875 0.3017578125 1.4267578125
map_1 63 1 5 5 5 1 1 0.0025655 0.003233041 0.00257175 0.0035165332 0.002563 0.003223 0.0025698 0.0032566 13520 6270 2330 2229 122507 3546729 290 1241175 171776 6270 19.376953125 10.8837890625 0.2255859375 1.3828125
map_2 63 0 5 5 5 1 1 0.002706125 0.002839 0.0027152334 0.002840058 0.002703 0.002837 0.0027128 0.002838 14242 49767 2042 1536 153901 2428494 34 589587 156736 49766 17.970703125 7.5 0.2724609375 1.5029296875
map_3 63 1 5 5 5 1 1 0.002480625 0.001060708 0.0024911332 0.0010697748 0.002478 0.00106 0.002488 0.0010674 13345 3424 2257 1147 122331 1217414 171 328545 148615 3424 19.0205078125 5.6005859375 0.216796875 1.3681640625
map_4 63 0 5 5 5 1 1 0.002039541 0.008846125 0.0020781666 0.0088477164 0.002039 0.008843 0.0020708 0.0088446 10590 10618 1209 3837 110078 10162134 33 3680310 135851 10616 13.9033203125 18.7353515625 0.234375 2.0625
map_5 63 1 5 5 5 1 1 0.003549083 0.002497042 0.003558875 0.0024997336 0.003546 0.002495 0.0035548 0.0024972 18580 22454 3084 1555 212483 2631850 280 604333 198922 22454 23.05859375 7.5927734375 0.2578125 1.65234375
map_6 63 0 5 5 5 1 1 0.00313925 0.001883208 0.0031455414 0.0018833416 0.003136 0.001884 0.0031436 0.0018828 16368 4043 3597 1796 175152 2032576 472 805700 207520 4043 25.5634765625 8.76953125 0.228515625 1.4501953125
map_7 63 1 5 5 5 1 1 0.00249475 0.0121145 0.0024983672 0.0121115584 0.002491 0.012115 0.002495 0.0121104 13124 19208 2737 3276 128517 16070009 218 2681997 159822 19208 21.3642578125 15.99609375 0.26953125 1.74609375
map_8 63 0 5 5 5 1 1 0.00271975 0.005047166 0.0027216334 0.0050480998 0.002718 0.005047 0.0027196 0.0050472 13946 91658 2569 1945 201856 4346235 6 944915 174900 91657 20.5439453125 9.4970703125 0.28125 1.4912109375
map_9 63 1 5 5 5 1 1 0.003599292 0.002374959 0.0036320332 0.0023749 0.003596 0.002375 0.0036284 0.0023738 19139 5209 2465 1860 150338 2713633 61 864422 225186 5209 20.0361328125 9.08203125 0.3076171875 1.482421875
map_0 64 1 5 5 5 1 1 0.002088708 0.001468958 0.0021025916 0.0014697166 0.002085 0.001466 0.0020998 0.0014658 11268 29428 1936 936 96388 1194299 220 218850 127559 29428 17.453125 4.5703125 0.1787109375 1.4208984375
map_1 64 0 5 5 5 1 1 0.003346875 0.000274708 0.0033567582 0.0002747416 0.003346 0.000274 0.003356 0.0002742 17398 1172 4219 750 229032 236627 532 140623 220347 1172 28.6005859375 3.662109375 0.31640625 1.3740234375
map_2 64 1 5 5 5 1 1 0.002170375 0.000876375 0.0021708584 0.0008759166 0.00217 0.000873 0.0021704 0.0008738 11362 2737 988 1231 112867 886362 122 378428 137335 2737 12.82421875 6.0107421875 0.22265625 1.51171875
map_3 64 0 5 5 5 1 1 0.002705792 0.016380459 0.002712417 0.0163826584 0.002698 0.01638 0.0027096 0.0163796 14285 143935 2519 3307 94007 18613726 566 2732510 174664 143935 20.2998046875 16.1474609375 0.169921875 1.4970703125
map_4 64 1 5 5 5 1 1 0.003816083 0.002527833 0.0038331418 0.0025340834 0.003813 0.002524 0.003828 0.0025292 20212 6991 3511 1751 204217 2992104 357 766341 241571 6991 25.1435546875 8.5498046875 0.2900390625 1.658203125
map_5 64 0 5 5 5 1 1 0.00427275 0.001143292 0.0042888748 0.001143642 0.004271 0.001143 0.0042876 0.0011426 22633 2736 3436 1507 311884 1128259 238 567149 243948 2736 24.77734375 7.3583984375 0.2578125 1.3447265625
map_6 64 1 5 5 5 1 1 0.001530709 0.001371125 0.0015371254 0.0013712916 0.001527 0.001368 0.0015344 0.0013692 7838 3739 1083 1445 102581 1506546 41 521586 99919 3739 13.2880859375 7.0556640625 0.2080078125 1.400390625
map_7 64 0 5 5 5 1 1 0.002731416 0.004376084 0.0027515248 0.0043755834 0.002728 0.004373 0.0027484 0.0043732 14489 8163 3433 2618 135520 4998840 424 1712300 165992 8162 24.7626953125 12.783203125 0.2314453125 1.3798828125
map_8 64 1 5 5 5 1 1 0.002710208 0.001439583 0.0027265332 0.001439925 0.002707 0.001436 0.002724 0.0014372 14321 3743 2605 1426 152952 1628615 70 508087 174274 3743 20.7197265625 6.962890625 0.2373046875 1.412109375
map_9 64 0 5 5 5 1 1 0.003401833 0.026401541 0.0034028416 0.026423983 0.003399 0.026395 0.0034004 0.0264206 18038 20844 3561 6293 147181 32085547 359 9900432 218039 20842 25.3876953125 30.7275390625 0.251953125 1.810546875
map_0 65 0 5 5 5 1 1 0.002729292 0.000521042 0.0027409168 0.0005211166 0.002729 0.000518 0.0027384 0.0005186 14286 2069 2404 897 181751 528307 37 201141 173168 2069 19.73828125 4.3798828125 0.234375 1.55859375
map_1 65 1 5 5 5 1 1 0.002259708 0.000533541 0.0022576164 0.0005360166 0.002257 0.000532 0.0022548 0.0005344 11389 1953 1765 966 170401 518303 8 233142 136628 1953 16.6181640625 4.716796875 0.22265625 1.447265625
map_2 65 0 5 5 5 1 1 0.003082291 0.00387325 0.0031041998 0.00387575 0.003081 0.00387 0.003102 0.0038728 16273 6055 3266 2636 202432 4233193 161 1736833 187420 6055 23.947265625 12.87109375 0.28125 1.6142578125
map_3 65 1 5 5 5 1 1 0.002885208 0.00112625 0.002886825 0.0011251086 0.002881 0.001123 0.0028836 0.0011238 15213 3021 1774 1359 129618 1198937 113 461608 181922 3021 16.662109375 6.6357421875 0.2255859375 1.59375
map_4 65 0 5 5 5 1 1 0.003286625 0.002701083 0.0032946166 0.0026991166 0.003286 0.002699 0.0032928 0.0026958 17599 6998 2723 1827 156289 3188170 399 834217 224821 6998 21.2958984375 8.9208984375 0.205078125 1.681640625
map_5 65 1 5 5 5 1 1 0.002862958 0.005313625 0.0028688914 0.0053127082 0.002859 0.005311 0.0028664 0.0053098 14969 24079 1996 2704 235977 5883270 301 1827398 156879 24078 17.74609375 13.203125 0.2431640625 2.0712890625
map_6 65 0 5 5 5 1 1 0.002616916 0.00057125 0.002626625 0.0005715084 0.002613 0.000571 0.0026238 0.0005712 13919 2138 2954 924 127101 599960 280 213368 165669 2138 22.423828125 4.51171875 0.2431640625 1.4267578125
map_7 65 1 5 5 5 1 1 0.002303 0.001332917 0.0023166166 0.0013326586 0.002302 0.00133 0.0023154 0.00133 12132 3857 2167 1381 128160 1484331 167 476284 135547 3857 18.5810546875 6.7431640625 0.193359375 1.4033203125
map_8 65 0 5 5 5 1 1 0.003046834 0.000740417 0.0030544166 0.000741158 0.003044 0.000738 0.0030518 0.000739 15689 2159 2653 1191 231042 721712 268 354235 191812 2159 20.9541015625 5.8154296875 0.216796875 1.3916015625
map_9 65 1 5 5 5 1 1 0.003431166 0.005241167 0.0034329498 0.005240425 0.00343 0.005237 0.0034314 0.0052366 18013 12177 2747 2349 142560 6566030 498 1378501 230561 12177 21.4130859375 11.4697265625 0.2724609375 1.728515625
map_0 66 1 5 5 5 1 1 0.003389041 0.005545875 0.0033940164 0.0055556168 0.003389 0.005533 0.0033916 0.0055468 18310 10153 3309 2606 178476 6531213 33 1697132 203206 10153 24.1572265625 12.724609375 0.298828125 1.5673828125
map_1 66 0 5 5 5 1 1 0.00362975 0.003415667 0.0036395834 0.0034149834 0.003629 0.003413 0.0036278 0.003412 17786 6767 3941 2253 267321 3923920 324 1268786 204004 6767 27.2431640625 11.0009765625 0.287109375 1.8134765625
map_2 66 1 5 5 5 1 1 0.002609917 0.000516292 0.0026196166 0.0005185084 0.002607 0.000516 0.0026176 0.0005174 13807 1759 1941 999 130262 486149 64 249439 166361 1759 17.4775390625 4.8779296875 0.2490234375 1.4853515625
map_3 66 0 5 5 5 1 1 0.002465667 0.005341875 0.0024711082 0.005336625 0.002463 0.005338 0.0024682 0.005332 13037 7968 2097 2841 143337 6158623 273 2016723 139396 7967 18.2392578125 13.8720703125 0.234375 1.60546875
map_4 66 1 5 5 5 1 1 0.002321375 0.00234625 0.0023307334 0.0023659916 0.002319 0.002345 0.0023292 0.0023632 12352 5436 2534 1841 102487 2633975 144 846794 151202 5436 20.373046875 8.9892578125 0.1875 1.6611328125
map_5 66 0 5 5 5 1 1 0.001893 0.00396025 0.0019037416 0.0039641916 0.00189 0.003957 0.0019012 0.003961 10006 11487 1091 2428 132718 4455173 102 1473769 111897 11487 13.3271484375 11.85546875 0.2255859375 2.1591796875
map_6 66 1 5 5 5 1 1 0.001370583 0.007159667 0.0013731582 0.0071637416 0.001367 0.007156 0.0013716 0.007159 7072 23589 1200 2819 85704 8657535 38 1986149 92295 23589 13.859375 13.7646484375 0.1962890625 1.59375
map_7 66 0 5 5 5 1 1 0.002186667 0.001903209 0.0022056584 0.0019036002 0.002183 0.0019 0.0022032 0.0019012 11871 11295 3626 1206 112402 2244141 467 363324 139325 11295 25.705078125 5.888671875 0.2578125 1.5908203125
map_8 66 1 5 5 5 1 1 0.002333208 0.000634083 0.0023452248 0.0006360586 0.002331 0.000633 0.0023422 0.0006344 12075 2129 1881 1037 176075 619858 73 268622 151227 2129 17.1845703125 5.0634765625 0.2666015625 1.4970703125
map_9 66 0 5 5 5 1 1 0.002319209 0.0023255 0.0023242002 0.0023264916 0.002319 0.002323 0.0023222 0.002324 12342 7804 1386 1823 116990 2587525 2 830807 146198 7804 14.767578125 8.9013671875 0.263671875 1.8310546875
map_0 67 0 5 5 5 1 1 0.003693459 0.000521125 0.0037012418 0.0005213832 0.003693 0.000521 0.0036986 0.0005208 19415 1883 3236 961 187959 508317 37 230679 233500 1883 23.80078125 4.6923828125 0.2548828125 1.376953125
map_1 67 1 5 5 5 1 1 0.002689166 0.001989708 0.0026988666 0.00199095 0.002686 0.001986 0.0026966 0.0019878 13790 13954 1702 1599 203691 2048682 65 638614 156129 13954 16.310546875 7.8076171875 0.263671875 1.4677734375
map_2 67 0 5 5 5 1 1 0.003229708 0.001951583 0.0032293498 0.0019517164 0.003227 0.001948 0.0032264 0.0019486 17064 19938 3623 1490 186650 1908698 321 554678 199217 19938 25.6904296875 7.275390625 0.22265625 1.546875
map_3 67 1 5 5 5 1 1 0.002571791 0.000364292 0.0025887166 0.0003637 0.002571 0.000362 0.0025858 0.000363 13405 1566 3108 811 129661 334832 275 164351 157735 1566 23.17578125 3.9599609375 0.2373046875 1.4267578125
map_4 67 0 5 5 5 1 1 0.002874 0.002416542 0.0028813834 0.0024202 0.002871 0.002416 0.0028788 0.0024174 15200 5764 2642 1915 186130 2709059 208 916288 186883 5764 20.900390625 9.3505859375 0.2607421875 1.6025390625
map_5 67 1 5 5 5 1 1 0.002515417 0.012435042 0.0025087666 0.012434742 0.002512 0.012431 0.0025058 0.0124314 13499 15782 1887 4067 152040 15346255 2 4133793 142759 15782 17.2138671875 19.8583984375 0.234375 1.9189453125
map_6 67 0 5 5 5 1 1 0.002939667 0.002536875 0.0029232334 0.0025381168 0.002939 0.002534 0.0029196 0.0025358 15076 10475 3994 1521 154772 3068694 202 578131 190323 10475 27.501953125 7.4267578125 0.2548828125 1.599609375
map_7 67 1 5 5 5 1 1 0.002344959 0.000975375 0.0023383332 0.0009758 0.002342 0.000974 0.0023354 0.0009742 12331 2843 1886 1268 131530 1023168 45 401760 124969 2843 17.208984375 6.19140625 0.1845703125 1.294921875
map_8 67 0 5 5 5 1 1 0.002440708 0.004753167 0.0024591416 0.0047557 0.002441 0.00475 0.0024572 0.0047518 12456 10136 1549 2445 197854 5735509 85 1494405 149492 10136 15.5634765625 11.9384765625 0.22265625 2.1708984375
map_9 67 1 5 5 5 1 1 0.002875083 0.001199083 0.0028887918 0.0011987498 0.002872 0.001196 0.0028864 0.0011976 15185 3575 3447 1406 149242 1256724 147 493823 180834 3575 24.8310546875 6.865234375 0.2724609375 1.564453125
map_0 68 1 5 5 5 1 1 0.002070333 0.002696042 0.0020741334 0.0026971084 0.002068 0.002694 0.0020708 0.0026946 10687 14621 1501 1216 130994 3396281 195 369360 131199 14621 15.3291015625 5.9375 0.22265625 1.453125
map_1 68 0 5 5 5 1 1 0.003445459 0.004446583 0.0034550418 0.00444815 0.003442 0.004444 0.0034518 0.0044456 18132 9943 3230 2162 212059 5574483 316 1168166 197960 9943 23.771484375 10.556640625 0.2607421875 1.8251953125
map_2 68 1 5 5 5 1 1 0.003585708 0.004721292 0.00358385 0.0047207584 0.003585 0.004719 0.00358 0.004719 19117 129052 4243 1220 154047 3312932 569 371822 238518 129052 28.7177734375 5.95703125 0.287109375 1.541015625
map_3 68 0 5 5 5 1 1 0.002970417 0.002103666 0.0029820666 0.0021023752 0.002968 0.002103 0.0029788 0.0021006 16058 4723 2395 1879 103488 2276528 289 882640 191394 4723 19.6943359375 9.1748046875 0.240234375 1.7958984375
map_4 68 1 5 5 5 1 1 0.003981416 0.006609333 0.003992275 0.0066109414 0.003978 0.006609 0.0039902 0.0066092 21401 9114 4832 3344 200640 7503186 388 2794932 273634 9114 31.59375 16.328125 0.2900390625 1.669921875
map_5 68 0 5 5 5 1 1 0.003934416 0.000626875 0.0039240082 0.0006300666 0.003932 0.000627 0.0039102 0.0006292 19682 2056 3760 996 321713 621742 203 247832 217057 2056 26.359375 4.86328125 0.2900390625 1.353515625
map_6 68 1 5 5 5 1 1 0.001387542 0.000282583 0.0013911334 0.0002851416 0.001384 0.000282 0.0013882 0.0002842 7494 1200 1594 725 46566 252649 18 131323 91385 1200 15.783203125 3.5400390625 0.216796875 1.3623046875
map_7 68 0 5 5 5 1 1 0.002787333 0.005464667 0.0028014416 0.0054596166 0.002784 0.005462 0.0027996 0.0054564 14873 8453 3230 2926 129061 6296265 185 2139126 182005 8452 23.771484375 14.287109375 0.1904296875 1.7021484375
map_8 68 1 5 5 5 1 1 0.00319525 0.007405708 0.0032081336 0.0074034918 0.003192 0.007402 0.0032052 0.0074012 16787 151704 4245 2102 158872 6130676 240 1104108 201489 151704 28.7275390625 10.263671875 0.2900390625 1.59375
map_9 68 0 5 5 5 1 1 0.002401875 0.005430666 0.0024057584 0.0054288998 0.002402 0.005429 0.0024034 0.0054266 12873 8889 1966 2871 137799 6308304 97 2060273 136885 8889 17.599609375 14.0185546875 0.24609375 1.9189453125
map_0 69 0 5 5 5 1 1 0.002926209 0.000358708 0.0029152334 0.0003730502 0.002923 0.000358 0.0029132 0.0003716 14892 1314 2264 854 210601 314660 226 182301 186739 1314 19.0546875 4.169921875 0.240234375 1.3974609375
map_1 69 1 5 5 5 1 1 0.004409958 0.004224917 0.0044429916 0.0042238166 0.004408 0.004221 0.00444 0.004221 22764 22813 5200 2197 266441 4766419 447 1206012 265093 22812 33.390625 10.7275390625 0.26953125 1.6083984375
map_2 69 0 5 5 5 1 1 0.002502583 0.007266416 0.0025096832 0.0072670082 0.002502 0.007259 0.0025072 0.0072626 13159 23763 1910 3168 124055 8384115 10 2508431 161177 23763 17.326171875 15.46875 0.275390625 1.728515625
map_3 69 1 5 5 5 1 1 0.002595917 0.001992042 0.0026063836 0.001992725 0.002592 0.001989 0.0026034 0.0019906 13736 4340 2878 1778 160174 2208905 561 790025 162125 4340 22.052734375 8.681640625 0.205078125 1.6962890625
map_4 69 0 5 5 5 1 1 0.00301325 0.005143541 0.0030081918 0.00514205 0.00301 0.00514 0.0030056 0.005141 16116 7552 3240 2969 138500 5754689 148 2202461 190351 7551 23.8203125 14.4970703125 0.2666015625 1.62890625
map_5 69 1 5 5 5 1 1 0.002621041 0.001626541 0.00262675 0.0016267914 0.002618 0.001626 0.002625 0.0016264 13630 3653 898 1619 214414 1789717 70 654786 140608 3653 12.384765625 7.9052734375 0.228515625 1.400390625
map_6 69 0 5 5 5 1 1 0.003143875 0.000959834 0.0031623332 0.0009593166 0.003143 0.00096 0.003162 0.0009594 16708 2958 4660 1182 158950 1048340 312 349163 208634 2958 30.75390625 5.771484375 0.2958984375 1.458984375
map_7 69 1 5 5 5 1 1 0.003258666 0.000935625 0.0032775248 0.0009372584 0.003258 0.000935 0.0032768 0.0009364 17364 2883 3945 1199 167336 1004299 52 359008 206669 2883 27.2626953125 5.8544921875 0.3369140625 1.3916015625
map_8 69 0 5 5 5 1 1 0.001811542 0.000642333 0.0018197334 0.0006422834 0.001811 0.00064 0.001819 0.0006408 9554 5782 1226 1036 113568 549645 330 268011 118627 5782 13.986328125 5.05859375 0.1904296875 1.3359375
map_9 69 1 5 5 5 1 1 0.003601125 0.00291225 0.0036163168 0.0029114 0.003598 0.002909 0.003614 0.0029094 19304 6187 4043 2259 184794 3138982 232 1275105 231267 6186 27.7412109375 11.0302734375 0.2900390625 1.5791015625
map_0 70 1 5 5 5 1 1 0.002779917 0.000606458 0.002781475 0.0006069332 0.00278 0.000606 0.0027788 0.0006066 14374 2335 2222 1030 207284 591141 554 265019 177146 2335 18.849609375 5.029296875 0.216796875 1.5234375
map_1 70 0 5 5 5 1 1 0.002587958 0.001712833 0.0026080662 0.00171645 0.002587 0.00171 0.0026062 0.0017146 13437 3822 2465 1738 177037 1804880 50 754543 156831 3822 20.0361328125 8.486328125 0.2724609375 1.4033203125
map_2 70 1 5 5 5 1 1 0.002748292 0.000603583 0.0027502 0.0006052832 0.002748 0.000603 0.0027484 0.0006044 14320 4504 1852 994 182516 544834 179 246998 165227 4504 17.04296875 4.853515625 0.22265625 1.5966796875
map_3 70 0 5 5 5 1 1 0.003543208 0.01198725 0.0035569832 0.0119890584 0.00354 0.011978 0.0035552 0.0119852 19336 14539 3717 3804 140393 15143405 512 3616642 235631 14538 26.1494140625 18.57421875 0.287109375 1.6318359375
map_4 70 1 5 5 5 1 1 0.002620042 0.005100875 0.0026234 0.0051160082 0.002619 0.005091 0.0026204 0.0051122 13950 10828 1560 2639 115575 6038441 104 1740185 150822 10827 15.6171875 12.8857421875 0.205078125 1.9951171875
map_5 70 0 5 5 5 1 1 0.001644208 0.0002325 0.0016509164 0.0002333168 0.001644 0.000233 0.001649 0.0002326 8232 1107 662 684 146479 195979 26 116923 90975 1107 11.232421875 3.33984375 0.193359375 1.37109375
map_6 70 1 5 5 5 1 1 0.002592666 0.001766167 0.0025905248 0.001767975 0.002589 0.001766 0.002588 0.001766 13789 7740 3863 1365 123858 2049982 317 465500 168820 7740 26.8623046875 6.6650390625 0.2724609375 1.5322265625
map_7 70 0 5 5 5 1 1 0.003106083 0.0044115 0.0030930248 0.0044140334 0.003105 0.004409 0.0030918 0.004411 15972 6704 3515 2696 189631 4992793 501 1816183 192816 6704 25.1630859375 13.1640625 0.2578125 1.529296875
map_8 70 1 5 5 5 1 1 0.002202208 0.008680542 0.002209375 0.008666558 0.0022 0.008668 0.0022066 0.0086544 11638 213337 1999 1313 112880 6825385 125 430915 135212 213337 17.7607421875 6.4111328125 0.2314453125 1.7080078125
map_9 70 0 5 5 5 1 1 0.002405417 0.004204 0.002436625 0.0041985084 0.002403 0.004201 0.0024256 0.0041944 12303 7253 1911 2412 140428 4955216 38 1454406 126822 7253 17.3310546875 11.77734375 0.216796875 1.7900390625
map_0 71 0 5 5 5 1 1 0.002904292 0.000846041 0.0029144 0.0008475248 0.002904 0.000843 0.002907 0.0008458 15065 2417 2820 1245 164225 844583 72 387448 174336 2417 21.76953125 6.0791015625 0.228515625 1.423828125
map_1 71 1 5 5 5 1 1 0.002084875 0.000253459 0.0020878832 0.0002536082 0.002082 0.000252 0.0020854 0.0002528 10502 1108 1064 714 186490 218628 61 127444 120120 1108 13.1953125 3.486328125 0.234375 1.3916015625
map_2 71 0 5 5 5 1 1 0.003381583 0.000577709 0.0033987834 0.0005783418 0.003378 0.000576 0.0033956 0.0005776 18097 2278 2681 982 176103 571151 305 241052 218888 2278 21.0908203125 4.794921875 0.287109375 1.4970703125
map_3 71 1 5 5 5 1 1 0.002789792 0.000317959 0.0027966084 0.0003190418 0.002787 0.000317 0.0027942 0.0003178 14856 1376 3154 751 175844 298055 263 140948 172317 1376 23.400390625 3.6669921875 0.251953125 1.4501953125
map_4 71 0 5 5 5 1 1 0.002043333 0.005630708 0.002036975 0.0056284334 0.002042 0.005627 0.0020364 0.0056246 10622 7836 1566 3115 124024 6313982 15 2424506 133659 7836 15.646484375 15.2099609375 0.2255859375 1.5732421875
map_5 71 1 5 5 5 1 1 0.001934708 0.006603 0.0019422748 0.006606142 0.001932 0.006601 0.00194 0.0066034 10234 11570 1229 2987 138069 7946626 82 2229416 116697 11569 14.0009765625 14.5849609375 0.22265625 1.58203125
map_6 71 0 5 5 5 1 1 0.003201709 0.000296834 0.0032267084 0.0002971748 0.003199 0.000296 0.003225 0.0002966 17090 1250 3874 754 176328 265004 406 142088 210084 1250 26.916015625 3.681640625 0.287109375 1.4208984375
map_7 71 1 5 5 5 1 1 0.0024295 0.003344167 0.0024145498 0.0033456666 0.002429 0.003343 0.0024128 0.0033448 12848 14939 2734 1974 122502 3819065 461 973540 151288 14939 21.349609375 9.638671875 0.22265625 1.6376953125
map_8 71 0 5 5 5 1 1 0.002077334 0.008166084 0.0020850336 0.0081691584 0.002074 0.008163 0.0020824 0.0081662 10891 226393 1749 1369 116222 5769806 19 468007 139318 226393 16.5400390625 6.6845703125 0.22265625 1.39453125
map_9 71 1 5 5 5 1 1 0.002285791 0.004517459 0.0022988668 0.0045193502 0.002282 0.004514 0.0022936 0.0045128 11901 21864 1398 1786 134897 5607664 92 797045 139589 21864 14.826171875 8.720703125 0.228515625 1.623046875
map_0 72 1 5 5 5 1 1 0.003254333 0.001395333 0.0032766168 0.0013940414 0.003255 0.001395 0.0032764 0.0013928 17389 5765 2821 1248 202771 1596903 147 389098 194510 5765 21.7744140625 6.09375 0.287109375 1.6494140625
map_1 72 0 5 5 5 1 1 0.00322175 0.000286542 0.0032212502 0.000287275 0.003219 0.000286 0.0032196 0.0002864 17119 1175 2681 775 180429 246669 296 150066 195262 1175 21.0908203125 3.7841796875 0.24609375 1.353515625
map_2 72 1 5 5 5 1 1 0.002882125 0.002269375 0.0028927334 0.0022769084 0.002882 0.002269 0.0028912 0.0022744 15039 25312 2594 1736 176013 2068284 74 753119 180714 25312 20.666015625 8.4765625 0.228515625 1.72265625
map_3 72 0 5 5 5 1 1 0.001653125 0.000969458 0.0016526002 0.0009719832 0.001649 0.000969 0.0016494 0.0009704 8553 2905 807 1262 91419 1013673 20 398109 104055 2905 11.9404296875 6.162109375 0.1845703125 1.5908203125
map_4 72 1 5 5 5 1 1 0.002939125 0.001710042 0.0029486168 0.0017099834 0.002936 0.001707 0.0029452 0.0017078 15750 4188 3135 1591 130859 1916813 566 632354 185268 4188 23.3076171875 7.7685546875 0.240234375 1.529296875
map_5 72 0 5 5 5 1 1 0.002177167 0.010042875 0.0021813502 0.010051325 0.002174 0.010041 0.002179 0.0100494 11483 71001 1115 3342 112971 11050855 24 2791194 143935 71001 13.4443359375 16.318359375 0.2021484375 2.0478515625
map_6 72 1 5 5 5 1 1 0.002380667 0.000563458 0.0023951834 0.0005695 0.002378 0.000563 0.0023922 0.0005682 12534 2045 2645 936 118387 573758 28 219022 136622 2045 20.9150390625 4.5703125 0.2373046875 1.529296875
map_7 72 0 5 5 5 1 1 0.00357675 0.00037325 0.0035945914 0.0003734668 0.003574 0.000373 0.0035924 0.0003734 19023 1466 3386 831 168071 349419 140 172551 224987 1466 24.533203125 4.0576171875 0.31640625 1.4267578125
map_8 72 1 5 5 5 1 1 0.002552792 0.004936834 0.0025728586 0.0048879584 0.002552 0.004935 0.0025698 0.0048854 13625 120469 3060 1515 129370 3454634 204 573319 163664 120469 22.94140625 7.3974609375 0.1845703125 1.5322265625
map_9 72 0 5 5 5 1 1 0.003686417 0.000353791 0.0036882336 0.0003547334 0.003684 0.000353 0.0036862 0.0003538 19511 2864 4116 719 202641 318621 86 129225 232143 2864 28.09765625 3.5107421875 0.29296875 1.4501953125
map_0 73 0 5 5 5 1 1 0.002587416 0.0009415 0.0025997332 0.0009425082 0.002587 0.000939 0.0025972 0.0009406 13564 3367 1730 1205 165604 991120 27 362647 160163 3367 16.447265625 5.8837890625 0.2314453125 1.5146484375
map_1 73 1 5 5 5 1 1 0.002419958 0.00189925 0.0024218498 0.0018993916 0.002417 0.001897 0.0024182 0.0018972 12389 4223 1138 1736 151670 2101226 71 752792 150888 4223 13.556640625 8.4765625 0.216796875 1.4033203125
map_2 73 0 5 5 5 1 1 0.004088208 0.000878 0.0040970582 0.0008784082 0.004084 0.000874 0.0040946 0.0008758 21727 2820 4710 1104 180186 960489 541 304679 257455 2820 30.998046875 5.390625 0.2900390625 1.587890625
map_3 73 1 5 5 5 1 1 0.002688625 0.010420292 0.002696183 0.0104208836 0.002687 0.010417 0.002694 0.0104178 14317 11855 2483 3957 127726 12452721 259 3913071 177182 11855 20.1240234375 19.3212890625 0.2314453125 1.5498046875
map_4 73 0 5 5 5 1 1 0.003579958 0.009971083 0.0035969498 0.0099792916 0.003576 0.009968 0.0035944 0.0099728 18923 13702 3863 3891 181761 11716314 585 3784724 229952 13702 26.8623046875 18.9990234375 0.2724609375 1.76953125
map_5 73 1 5 5 5 1 1 0.002695459 0.003367542 0.0027031834 0.0033679502 0.002695 0.003364 0.0027022 0.0033646 14230 5745 1934 2353 193057 3724329 204 1383378 155090 5745 17.443359375 11.4892578125 0.2607421875 1.5205078125
map_6 73 0 5 5 5 1 1 0.002756584 0.00876425 0.0027677086 0.0087903248 0.002756 0.008762 0.002765 0.008786 14691 10471 3312 3764 128639 10170074 128 3541519 171732 10470 24.171875 18.37890625 0.251953125 1.95703125
map_7 73 1 5 5 5 1 1 0.002798666 0.000406625 0.0027992418 0.000406708 0.002795 0.000406 0.0027968 0.0004064 14586 1708 3115 843 142999 388159 634 177632 175759 1708 23.2099609375 4.1162109375 0.2548828125 1.3974609375
map_8 73 0 5 5 5 1 1 0.002735375 0.0020285 0.0027386582 0.002033525 0.002735 0.002027 0.0027364 0.0020316 14506 4361 2077 1774 137691 2263206 151 786065 176934 4360 18.1416015625 8.662109375 0.2607421875 1.41796875
map_9 73 1 5 5 5 1 1 0.003152166 0.009133916 0.0031822918 0.0091468748 0.003081 0.009131 0.0031434 0.0091428 15457 15568 1960 3522 138377 11059135 175 3100854 174150 15568 17.5703125 17.197265625 0.22265625 2.0361328125
map_0 74 1 5 5 5 1 1 0.003028792 0.001222 0.0030346002 0.0012218086 0.003029 0.001219 0.0030338 0.0012196 15799 20318 2746 1036 191138 1026374 110 268289 203332 20318 21.408203125 5.05859375 0.2783203125 1.4267578125
map_1 74 0 5 5 5 1 1 0.003399084 0.009967667 0.003416917 0.0099702002 0.003397 0.009966 0.003415 0.0099684 17770 10969 3138 4048 212457 11589061 245 4095911 204172 10969 23.322265625 19.765625 0.2578125 1.974609375
map_2 74 1 5 5 5 1 1 0.002838958 0.002592875 0.002833775 0.0026079166 0.002836 0.002593 0.0028314 0.0026074 14921 5031 2707 2057 149234 2828516 245 1056883 156722 5031 21.2177734375 10.0439453125 0.24609375 1.34765625
map_3 74 0 5 5 5 1 1 0.00279225 0.000232208 0.0028013166 0.0002328082 0.002789 0.000232 0.0027988 0.0002318 14759 1037 2473 691 156641 196926 251 119345 182256 1037 20.0751953125 3.3740234375 0.275390625 1.3388671875
map_4 74 1 5 5 5 1 1 0.003058666 0.017465458 0.0030677166 0.017469875 0.003058 0.017463 0.0030654 0.0174654 16436 92041 3250 1928 148048 23891287 9 928806 194878 92040 23.869140625 9.4140625 0.2841796875 1.6435546875
map_5 74 0 5 5 5 1 1 0.002410041 0.002214375 0.0024095664 0.0022121916 0.00241 0.002208 0.0024076 0.0022086 12924 34511 2128 1090 127931 2097776 113 296792 145493 34511 18.390625 5.322265625 0.2197265625 1.5556640625
map_6 74 1 5 5 5 1 1 0.002584083 0.001441542 0.0025923834 0.0014418668 0.002582 0.001439 0.0025902 0.0014396 13683 3800 3427 1421 124460 1632822 185 504633 162797 3800 24.7333984375 6.9384765625 0.2900390625 1.5205078125
map_7 74 0 5 5 5 1 1 0.003036208 0.00271175 0.0030554746 0.0027124584 0.003033 0.002709 0.0030528 0.0027098 16149 5702 4121 2096 151273 3004068 449 1097571 196576 5702 28.1220703125 10.234375 0.2607421875 1.517578125
map_8 74 1 5 5 5 1 1 0.003019041 0.000366542 0.0030332996 0.0003671834 0.003015 0.000366 0.0030298 0.0003666 15672 1649 2449 792 207715 347175 90 156728 186079 1649 19.9580078125 3.8671875 0.24609375 1.4033203125
map_9 74 0 5 5 5 1 1 0.002583625 0.000970667 0.0025934 0.0009692832 0.002581 0.000967 0.0025908 0.0009674 13481 5197 1867 1013 163669 1084248 34 256399 160904 5197 17.1162109375 4.9462890625 0.3046875 1.587890625
map_0 75 0 5 5 5 1 1 0.002422541 0.00027875 0.0024296834 0.0002792084 0.002419 0.000278 0.0024264 0.0002782 13206 1166 2346 752 109908 241469 42 141315 146301 1166 19.455078125 3.671875 0.240234375 1.3330078125
map_1 75 1 5 5 5 1 1 0.003305708 0.000596875 0.0033168084 0.000598225 0.003303 0.000597 0.0033142 0.0005972 16518 2153 2556 1026 306036 585713 163 263150 208987 2153 20.48046875 5.009765625 0.2490234375 1.5322265625
map_2 75 0 5 5 5 1 1 0.0027145 0.007183917 0.0027265334 0.0071848752 0.002714 0.007181 0.0027216 0.0071818 14081 100000 2327 2744 157853 6585840 4 1881442 162211 100000 19.3623046875 13.3984375 0.3076171875 1.634765625
map_3 75 1 5 5 5 1 1 0.00248675 0.00536725 0.0024990582 0.0053685836 0.002486 0.005366 0.0024968 0.0053664 13419 7976 2011 2889 135142 6222876 24 2085823 144992 7974 17.8193359375 14.1064453125 0.287109375 1.482421875
map_4 75 0 5 5 5 1 1 0.003642583 0.009045417 0.0036206414 0.009044225 0.003639 0.009043 0.0036166 0.0090412 19248 13994 3406 3536 164312 10902751 448 3125701 231394 13994 24.630859375 17.265625 0.2783203125 2.326171875
map_5 75 1 5 5 5 1 1 0.001728125 0.004654458 0.0017356666 0.0046540664 0.001725 0.004652 0.0017326 0.0046524 8863 50444 754 2092 134693 4695067 76 1093726 94152 50443 11.681640625 10.21484375 0.228515625 1.681640625
map_6 75 0 5 5 5 1 1 0.001418125 0.009508417 0.001423725 0.0095077082 0.001417 0.009506 0.0014218 0.0095046 7462 20212 981 3351 66791 11730409 15 2806180 86818 20211 12.7900390625 16.3623046875 0.216796875 1.640625
map_7 75 1 5 5 5 1 1 0.002441708 0.001102584 0.0024508168 0.0011024084 0.002437 0.001101 0.0024474 0.0011012 12837 3158 2402 1342 133102 1165141 136 449704 155373 3158 19.728515625 6.552734375 0.22265625 1.3212890625
map_8 75 0 5 5 5 1 1 0.00301875 0.004112833 0.0030352418 0.0041133748 0.003018 0.004112 0.0030328 0.0041118 15943 98367 4316 1219 196963 3223593 6 371179 185543 98367 29.07421875 5.9521484375 0.2900390625 1.5556640625
map_9 75 1 5 5 5 1 1 0.003386292 0.005427667 0.0033866168 0.0054281002 0.003383 0.005425 0.0033844 0.0054252 17806 19571 3359 2273 179273 6698438 173 1290938 214082 19571 24.4013671875 11.0986328125 0.2607421875 1.8779296875
map_0 76 1 5 5 5 1 1 0.002512292 0.003589209 0.0025093668 0.003588925 0.002512 0.003586 0.0025084 0.0035864 13213 6567 2347 2432 144681 4021393 146 1477780 160958 6567 19.4599609375 11.875 0.234375 1.576171875
map_1 76 0 5 5 5 1 1 0.004148834 0.000813125 0.0041448252 0.0008135002 0.004148 0.000813 0.004141 0.000813 21181 2353 3887 1217 282247 807922 303 369914 249383 2353 26.9794921875 5.9423828125 0.26953125 1.4619140625
map_2 76 1 5 5 5 1 1 0.00329775 0.001879833 0.0033108414 0.0018824666 0.003294 0.00188 0.0033076 0.0018822 17371 47094 3264 1087 184174 1403533 169 295237 199878 47094 23.9375 5.3076171875 0.2373046875 1.5380859375
map_3 76 0 5 5 5 1 1 0.003554667 0.002349625 0.00356505 0.0023523084 0.003552 0.002348 0.0035622 0.0023504 18989 5023 4411 2006 169001 2532464 350 1005721 239597 5023 29.5380859375 9.794921875 0.251953125 1.74609375
map_4 76 1 5 5 5 1 1 0.001870125 0.001038625 0.00187355 0.0010382586 0.00187 0.001038 0.0018714 0.0010364 9779 12701 765 727 80969 1061682 58 132088 116673 12701 11.7353515625 3.5498046875 0.22265625 1.3681640625
map_5 76 0 5 5 5 1 1 0.002035291 0.000285041 0.0020506416 0.000287783 0.002034 0.000285 0.0020484 0.000287 10619 1152 1016 773 134807 243608 9 149335 113331 1152 12.9609375 3.7744140625 0.2373046875 1.3828125
map_6 76 1 5 5 5 1 1 0.002180583 0.004077959 0.00217835 0.0040771082 0.002178 0.004077 0.0021756 0.004075 11243 7329 1899 2533 121543 4650817 184 1603744 136218 7329 17.2724609375 12.3681640625 0.216796875 1.7607421875
map_7 76 0 5 5 5 1 1 0.001827 0.002435959 0.00183335 0.002435375 0.001824 0.002434 0.0018314 0.0024336 9436 5116 793 1891 112424 2799349 52 893333 110925 5116 11.8720703125 9.2333984375 0.2431640625 1.5322265625
map_8 76 1 5 5 5 1 1 0.002904541 0.002007209 0.0029019414 0.0020085 0.002904 0.002005 0.0028992 0.0020062 14861 48575 2514 1045 239588 1564476 197 272897 181758 48575 20.275390625 5.1025390625 0.2314453125 1.517578125
map_9 76 0 5 5 5 1 1 0.003212417 0.005511166 0.003219925 0.005512508 0.003208 0.005511 0.0032168 0.00551 16821 8930 2806 2827 186694 6519585 248 1997702 202615 8929 21.701171875 13.8037109375 0.26953125 1.8134765625
map_0 77 0 5 5 5 1 1 0.0035195 0.000422209 0.0035404916 0.0004221418 0.003516 0.000421 0.0035378 0.0004214 18897 1631 3952 827 186464 425064 313 170858 202348 1631 27.296875 4.0380859375 0.240234375 1.3740234375
map_1 77 1 5 5 5 1 1 0.003460417 0.000339667 0.0034696004 0.0003405584 0.003458 0.000338 0.003467 0.0003392 18135 1557 3436 776 205307 309322 274 150445 238494 1557 24.77734375 3.7890625 0.22265625 1.4208984375
map_2 77 0 5 5 5 1 1 0.002682791 0.000271916 0.0026996664 0.0002721 0.002682 0.000271 0.0026976 0.0002716 14606 1331 2168 729 122121 231735 303 132835 156307 1331 18.5859375 3.5595703125 0.22265625 1.4208984375
map_3 77 1 5 5 5 1 1 0.002584 0.003119417 0.0026026998 0.0031313084 0.002584 0.00312 0.0026012 0.0031294 13830 5702 2766 2290 149967 3458636 128 1310723 167106 5702 21.505859375 11.181640625 0.2607421875 1.8193359375
map_4 77 0 5 5 5 1 1 0.003602417 0.004180666 0.0036091834 0.0041829166 0.003599 0.004179 0.0036074 0.00418 18888 7344 2713 2459 179812 4908547 104 1510930 215239 7344 21.2470703125 12.0068359375 0.216796875 1.634765625
map_5 77 1 5 5 5 1 1 0.002765125 0.00030725 0.0027812834 0.0003081334 0.002763 0.000307 0.002778 0.0003076 14672 1223 1947 779 186723 261081 43 151703 161622 1223 17.5068359375 3.8037109375 0.2021484375 1.4296875
map_6 77 0 5 5 5 1 1 0.002159916 0.002555542 0.0021749002 0.0025544668 0.002159 0.002552 0.002173 0.002552 11346 5578 1585 1868 128036 2981818 13 871527 142197 5578 15.7392578125 9.12109375 0.2197265625 1.3359375
map_7 77 1 5 5 5 1 1 0.002846 0.000745292 0.002848025 0.0007460502 0.002843 0.000746 0.0028454 0.0007454 14682 2353 2661 1116 166002 765574 8 311315 171052 2353 20.9931640625 5.44921875 0.2373046875 1.58203125
map_8 77 0 5 5 5 1 1 0.003073791 0.004376959 0.0030846414 0.0043743836 0.003071 0.004374 0.003082 0.0043728 15748 101649 2043 1454 245787 3383892 71 527977 191491 101649 17.9755859375 7.099609375 0.2490234375 1.44140625
map_9 77 1 5 5 5 1 1 0.003372083 0.002853916 0.0033940082 0.002854083 0.003369 0.00285 0.0033908 0.0028506 17884 9118 3334 1967 178053 3249782 216 966638 218078 9118 24.279296875 9.6044921875 0.2607421875 1.6962890625
map_0 78 1 5 5 5 1 1 0.002402917 0.000941208 0.0024041752 0.0009414246 0.002402 0.00094 0.0024022 0.0009394 12767 2489 1664 1322 117007 947136 71 436437 144296 2489 16.125 6.455078125 0.234375 1.3154296875
map_1 78 0 5 5 5 1 1 0.001824875 0.000575833 0.0018301668 0.0005757916 0.001821 0.000576 0.0018274 0.0005756 9644 1900 1432 1046 90829 551924 12 273220 115370 1900 14.9921875 5.107421875 0.19921875 1.3359375
map_2 78 1 5 5 5 1 1 0.0026245 0.00031425 0.0026319252 0.0003149086 0.002621 0.000314 0.0026288 0.0003144 13878 1483 2365 756 161397 283980 10 142866 148909 1483 19.5478515625 3.69140625 0.251953125 1.44140625
map_3 78 0 5 5 5 1 1 0.002139333 0.00231275 0.0021501 0.0023130252 0.002138 0.002313 0.0021474 0.002313 11322 5223 2223 1901 131745 2580472 172 902568 133403 5223 18.8544921875 9.2822265625 0.26953125 1.294921875
map_4 78 1 5 5 5 1 1 0.003360458 0.000916542 0.0033748666 0.000915617 0.003357 0.000914 0.0033722 0.0009148 17873 2976 2927 1168 183021 982663 350 340936 223325 2976 22.2919921875 5.703125 0.251953125 1.5556640625
map_5 78 0 5 5 5 1 1 0.002840959 0.000400292 0.0028484668 0.0003971584 0.002838 0.0004 0.0028462 0.0003966 15054 1573 2330 853 198695 383832 208 181820 165140 1573 19.376953125 4.1650390625 0.2138671875 1.4443359375
map_6 78 1 5 5 5 1 1 0.002862458 0.002359334 0.0028724084 0.0023650918 0.00286 0.002356 0.0028698 0.002362 15107 5767 3616 1673 146032 2840372 162 699627 196338 5767 25.65625 8.1689453125 0.322265625 1.69921875
map_7 78 0 5 5 5 1 1 0.00207425 0.00483375 0.0020825168 0.0048343 0.00207 0.004833 0.0020808 0.0048324 10835 8904 1600 2620 147748 5711769 65 1715239 112138 8904 15.8125 12.79296875 0.2197265625 1.4970703125
map_8 78 1 5 5 5 1 1 0.002925292 0.003957209 0.0029254 0.0039599586 0.002925 0.003955 0.0029226 0.0039576 15647 109368 2200 1227 143779 2650984 271 376014 186481 109368 18.7421875 5.9912109375 0.263671875 1.541015625
map_9 78 0 5 5 5 1 1 0.002991209 0.006089917 0.0030089918 0.0060891084 0.002991 0.006086 0.0030086 0.0060858 16164 10346 4050 3142 150551 6915610 155 2467421 197131 10346 27.775390625 15.341796875 0.328125 1.845703125
map_0 79 0 5 5 5 1 1 0.0032585 0.006273 0.0032644334 0.006272525 0.003256 0.00627 0.003262 0.0062714 17412 11078 4305 3079 164249 7291407 296 2368534 200478 11078 29.0205078125 15.0341796875 0.328125 1.1865234375
map_1 79 1 5 5 5 1 1 0.002522541 0.005261417 0.0025281332 0.0052617584 0.002522 0.005258 0.0025256 0.0052598 12999 7945 1592 2771 134950 6212330 88 1919602 150643 7943 15.7734375 13.5302734375 0.2314453125 1.904296875
map_2 79 0 5 5 5 1 1 0.003356125 0.000498625 0.003360325 0.00049985 0.003352 0.000499 0.003358 0.0004994 17469 1715 2236 1005 205386 457131 38 252416 210435 1715 18.91796875 4.9072265625 0.2548828125 1.4296875
map_3 79 1 5 5 5 1 1 0.003434083 0.00025225 0.0034311166 0.0002527916 0.003431 0.000252 0.0034284 0.0002526 17824 1076 3316 739 196707 211967 350 136459 210702 1076 24.19140625 3.6083984375 0.310546875 1.3359375
map_4 79 0 5 5 5 1 1 0.003202166 0.005489667 0.0032158584 0.0054935834 0.0032 0.005489 0.0032134 0.0054922 16921 8078 3011 3068 148842 6155527 429 2352738 214187 8077 22.7021484375 14.98046875 0.28125 1.8515625
map_5 79 1 5 5 5 1 1 0.003408459 0.005064625 0.0034054168 0.0050916332 0.003405 0.005064 0.0034022 0.0050894 17825 44926 1887 2326 255141 5231495 8 1351988 190071 44926 17.2138671875 11.357421875 0.263671875 1.51171875
map_6 79 0 5 5 5 1 1 0.002393167 0.003892708 0.0023969082 0.0038957416 0.002391 0.003892 0.0023948 0.0038946 12577 8407 2582 2354 125764 4531056 240 1384377 154665 8407 20.607421875 11.494140625 0.216796875 1.646484375
map_7 79 1 5 5 5 1 1 0.00351775 0.000361333 0.0035290166 0.0003619582 0.003515 0.000361 0.003526 0.0003614 18553 2078 4577 807 182652 322393 681 162759 214303 2078 30.3486328125 3.9404296875 0.2373046875 1.4208984375
map_8 79 0 5 5 5 1 1 0.001569292 0.038154958 0.0015726332 0.0381931336 0.001566 0.038154 0.0015712 0.0381876 7925 184710 753 7441 124084 42285558 5 13841437 99290 184709 11.6767578125 36.3330078125 0.24609375 2.4755859375
map_9 79 1 5 5 5 1 1 0.002644625 0.002313625 0.002649475 0.0023155668 0.002642 0.002311 0.0026472 0.0023138 13809 8867 912 1823 144501 2536198 59 830370 148842 8867 12.453125 8.9013671875 0.234375 1.552734375
map_0 80 1 5 5 5 1 1 0.002024167 0.00979725 0.00202635 0.0097956168 0.002021 0.009794 0.0020238 0.0097922 10775 11953 1979 3783 92352 11768866 207 3577290 116631 11952 17.6630859375 18.4716796875 0.2255859375 1.5380859375
map_1 80 0 5 5 5 1 1 0.003319542 0.006437875 0.0033292668 0.0064429918 0.003319 0.006435 0.0033278 0.0064404 16853 11273 3639 3099 250412 7518877 121 2399635 206003 11272 25.7685546875 15.1318359375 0.2373046875 1.3095703125
map_2 80 1 5 5 5 1 1 0.002773333 0.002536166 0.0027747164 0.0025364746 0.002771 0.002533 0.002772 0.0025338 14671 12357 2392 1772 141588 2796629 294 784992 176815 12357 19.6796875 8.65234375 0.2373046875 1.8310546875
map_3 80 0 5 5 5 1 1 0.001834375 0.006493041 0.001844625 0.0064945914 0.001832 0.006493 0.001843 0.006492 9829 8864 1297 3183 69624 7551278 95 2532531 124567 8864 14.3330078125 15.5419921875 0.2080078125 1.939453125
map_4 80 1 5 5 5 1 1 0.002329666 0.000860959 0.0023375832 0.0008672502 0.002328 0.000858 0.0023356 0.000866 12222 3000 1071 1078 127442 939710 88 290477 142521 3000 13.2294921875 5.263671875 0.234375 1.552734375
map_5 80 0 5 5 5 1 1 0.002219708 0.001833083 0.0022411 0.0018321498 0.002219 0.00183 0.0022386 0.0018306 11796 20072 1650 1381 152585 1752792 23 476282 125268 20072 16.056640625 6.7431640625 0.2607421875 1.3857421875
map_6 80 1 5 5 5 1 1 0.001651375 0.00328425 0.001654575 0.003284975 0.001652 0.003281 0.001653 0.003283 8547 5618 1075 2457 92938 3528030 81 1508942 105552 5618 13.2490234375 11.9970703125 0.2021484375 1.6669921875
map_7 80 0 5 5 5 1 1 0.003311625 0.001089833 0.0033334584 0.0010903082 0.00331 0.001089 0.0033314 0.0010896 17450 3153 4471 1339 177032 1147887 149 447756 206537 3153 29.8310546875 6.5380859375 0.29296875 1.4296875
map_8 80 1 5 5 5 1 1 0.002278584 0.004052583 0.0022867838 0.0040550914 0.002278 0.00405 0.002286 0.0040528 11591 7771 1761 2382 168534 4774379 15 1418168 140397 7771 16.5986328125 11.630859375 0.2431640625 2.0302734375
map_9 80 0 5 5 5 1 1 0.003728834 0.002417375 0.003780967 0.0024179502 0.003699 0.002417 0.0037714 0.0024176 18776 5485 5277 1772 164446 2866362 489 784497 234482 5485 33.7666015625 8.65234375 0.3251953125 1.6728515625
map_0 81 0 5 5 5 1 1 0.003273292 0.004907041 0.0032920582 0.0049078666 0.00327 0.004908 0.0032894 0.004906 17345 10949 2493 2577 192644 5803207 322 1659949 201259 10948 20.1728515625 12.5830078125 0.2314453125 1.921875
map_1 81 1 5 5 5 1 1 0.003182584 0.005709792 0.0031874582 0.0057106586 0.003182 0.005709 0.003187 0.0057082 16543 9924 3069 2799 182522 6843003 65 1957406 179973 9923 22.9853515625 13.6669921875 0.28125 1.400390625
map_2 81 0 5 5 5 1 1 0.00293525 0.005073334 0.0029519418 0.0050721252 0.002933 0.005072 0.0029492 0.0050694 15553 8907 2518 2657 150024 6040981 279 1763952 181851 8907 20.294921875 12.9736328125 0.2666015625 1.4208984375
map_3 81 1 5 5 5 1 1 0.001508792 0.001313833 0.0015142168 0.0013149998 0.001509 0.001313 0.0015128 0.001313 7947 3506 1078 1445 85285 1418028 15 521410 88955 3506 13.263671875 7.0556640625 0.1611328125 1.2890625
map_4 81 0 5 5 5 1 1 0.003228125 0.00224725 0.0032459 0.002247333 0.003228 0.002244 0.0032446 0.002244 17002 5045 3319 1886 175071 2499545 125 888738 203112 5045 24.2060546875 9.208984375 0.2724609375 1.67578125
map_5 81 1 5 5 5 1 1 0.003732208 0.006003459 0.0037361666 0.0060025334 0.003729 0.006001 0.0037318 0.0060002 19433 7858 3397 3109 285241 6938814 605 2416217 209850 7857 24.5869140625 15.1806640625 0.2138671875 1.4443359375
map_6 81 0 5 5 5 1 1 0.002318375 0.003480833 0.0023259668 0.0034821246 0.002318 0.003478 0.0023256 0.0034806 12250 6205 2229 2309 113123 3994523 14 1332402 147818 6205 18.8837890625 11.2744140625 0.2255859375 1.5849609375
map_7 81 1 5 5 5 1 1 0.00340625 0.005000209 0.0034168084 0.00499925 0.003403 0.004997 0.0034144 0.0049976 17932 8360 3561 2690 186138 5896888 219 1808055 198369 8360 25.3876953125 13.134765625 0.2490234375 1.72265625
map_8 81 0 5 5 5 1 1 0.002821375 0.00293075 0.0028229914 0.003070875 0.002819 0.002929 0.0028208 0.0029482 14324 82588 3108 983 213545 1956559 242 241421 178720 82588 23.17578125 4.7998046875 0.2080078125 1.4970703125
map_9 81 1 5 5 5 1 1 0.003551458 0.003602792 0.003564275 0.0036026834 0.003549 0.003601 0.0035614 0.0036006 18748 7494 2914 2256 210717 4208613 198 1271442 202980 7494 22.228515625 11.015625 0.3427734375 1.5498046875
map_0 82 1 5 5 5 1 1 0.003531583 0.009141209 0.0035439668 0.0091598168 0.003528 0.009138 0.0035408 0.009153 18941 11202 4068 3757 196846 10789114 278 3528541 211741 11201 27.86328125 18.3447265625 0.28125 1.9072265625
map_1 82 0 5 5 5 1 1 0.003550625 0.00037575 0.0035668166 0.0003755502 0.003551 0.000375 0.003566 0.0003748 18500 1399 3272 859 249429 344740 80 184320 229872 1399 23.9765625 4.1943359375 0.275390625 1.318359375
map_2 82 1 5 5 5 1 1 0.003467666 0.001640583 0.0034873164 0.0016448916 0.003467 0.001637 0.0034864 0.001641 18144 42279 3468 1038 192053 1165096 176 269316 228288 42279 24.93359375 5.068359375 0.2578125 1.453125
map_3 82 0 5 5 5 1 1 0.002545417 0.001727667 0.0025612 0.0017273834 0.002545 0.001724 0.0025608 0.0017252 13474 4100 2651 1664 137719 1879557 160 692124 157621 4100 20.9443359375 8.125 0.2578125 1.6142578125
map_4 82 1 5 5 5 1 1 0.002554083 0.00546675 0.002564975 0.0054652666 0.002552 0.005463 0.0025626 0.005462 13353 9152 1870 2956 179115 6251321 5 2183748 151084 9152 17.130859375 14.43359375 0.287109375 1.8251953125
map_5 82 0 5 5 5 1 1 0.003641125 0.000916583 0.0036538834 0.0009167836 0.003638 0.000915 0.0036508 0.000915 19058 2848 2446 1210 303952 966916 239 365568 195028 2848 19.943359375 5.908203125 0.2578125 1.318359375
map_6 82 1 5 5 5 1 1 0.001251959 0.001073125 0.001256525 0.0010732832 0.00125 0.001071 0.0012542 0.001072 6665 3216 887 1307 50870 1139281 22 426594 80660 3216 12.3310546875 6.3818359375 0.2109375 1.4560546875
map_7 82 0 5 5 5 1 1 0.003645083 0.001013709 0.0036505084 0.0010197084 0.003643 0.001014 0.0036472 0.0010184 18773 3106 5390 1199 204334 1108974 725 359368 216731 3105 34.318359375 5.8544921875 0.3427734375 1.6640625
map_8 82 1 5 5 5 1 1 0.002946583 0.003867292 0.00295425 0.0038665334 0.002946 0.003865 0.0029518 0.003864 15614 46093 2310 2103 141427 3771186 185 1104704 194904 46093 19.279296875 10.2685546875 0.2431640625 1.470703125
map_9 82 0 5 5 5 1 1 0.003405584 0.001572667 0.003412775 0.001573058 0.003404 0.00157 0.0034104 0.0015704 18146 3900 3286 1628 180308 1679648 89 662466 212306 3900 24.044921875 7.94921875 0.2255859375 1.6787109375
map_0 83 0 5 5 5 1 1 0.003744458 0.000308791 0.0037243834 0.000309675 0.003745 0.000308 0.0037228 0.0003086 19041 1224 4069 797 247867 272097 153 158739 238574 1224 27.8681640625 3.8916015625 0.310546875 1.341796875
map_1 83 1 5 5 5 1 1 0.001934 0.001106 0.0019378082 0.0011061836 0.001931 0.001105 0.0019352 0.0011054 10057 3498 663 1255 105379 1218923 5 393333 129597 3498 11.2373046875 6.1279296875 0.1904296875 1.3447265625
map_2 83 0 5 5 5 1 1 0.002759125 0.004028667 0.00275555 0.004025675 0.002759 0.004028 0.0027528 0.0040236 14485 8701 2007 2699 181297 4301214 17 1820762 143189 8701 17.7998046875 13.1787109375 0.298828125 1.517578125
map_3 83 1 5 5 5 1 1 0.002437334 0.000317333 0.002438625 0.0003187832 0.002434 0.000317 0.0024344 0.000318 12742 1489 2099 738 121860 298355 130 136138 153510 1489 18.2490234375 3.603515625 0.216796875 1.4384765625
map_4 83 0 5 5 5 1 1 0.002277083 0.000562041 0.0022970748 0.000561958 0.002276 0.000561 0.0022964 0.0005616 12149 2167 2442 983 130031 549807 72 241537 141839 2167 19.923828125 4.7998046875 0.251953125 1.4765625
map_5 83 1 5 5 5 1 1 0.001783792 0.002785959 0.001787275 0.0027863834 0.001783 0.002782 0.0017872 0.0027828 9224 10293 755 2182 134336 2892955 12 1189310 102480 10293 11.6865234375 10.654296875 0.1845703125 1.4296875
map_6 83 0 5 5 5 1 1 0.001918333 0.001929125 0.0019185248 0.001929833 0.001915 0.001927 0.001915 0.0019266 9763 4853 1355 1634 113789 2210173 23 667295 116116 4853 14.6162109375 7.978515625 0.2197265625 1.7255859375
map_7 83 1 5 5 5 1 1 0.003308 0.000380458 0.0033198082 0.0003805998 0.003305 0.00038 0.0033174 0.00038 17148 1469 3976 844 183647 356028 122 177916 208792 1469 27.4140625 4.12109375 0.3076171875 1.34765625
map_8 83 0 5 5 5 1 1 0.002970875 0.01349275 0.0029820418 0.0134944832 0.002971 0.013493 0.0029814 0.0134928 15225 14838 2789 4540 240574 16079441 103 5150839 184028 14836 21.6181640625 22.16796875 0.2548828125 1.5234375
map_9 83 1 5 5 5 1 1 0.004263792 0.003810708 0.0042643168 0.0038105834 0.004263 0.003808 0.0042642 0.003808 22514 7523 4965 2365 244668 4413721 621 1398054 259727 7523 32.2431640625 11.5478515625 0.3017578125 1.91015625
map_0 84 1 5 5 5 1 1 0.003424 0.000798042 0.0034382836 0.0007981336 0.003421 0.000797 0.0034358 0.0007966 18123 2290 3627 1240 178245 776337 200 383928 214892 2290 25.7099609375 6.0546875 0.275390625 1.306640625
map_1 84 0 5 5 5 1 1 0.001470458 0.0003145 0.001473483 0.0003149834 0.00147 0.000314 0.0014726 0.0003142 7529 1202 561 813 82395 274632 7 165199 99148 1202 10.7392578125 3.9697265625 0.216796875 1.37109375
map_2 84 1 5 5 5 1 1 0.002532041 0.002759167 0.0025495082 0.002762475 0.002532 0.002757 0.0025476 0.0027604 13679 7441 2318 2068 129212 3052694 170 1068642 133532 7441 19.318359375 10.09765625 0.28125 1.7138671875
map_3 84 0 5 5 5 1 1 0.002714042 0.005911792 0.0027239584 0.0059159834 0.00271 0.005909 0.002722 0.0059126 14561 56051 2696 2171 121277 6379140 118 1177538 175089 56050 21.1640625 10.6005859375 0.2373046875 1.564453125
map_4 84 1 5 5 5 1 1 0.003354 0.01956225 0.0033650664 0.0195850916 0.003352 0.019561 0.003363 0.019584 17755 17287 3446 5678 231170 22983572 73 8057887 203442 17286 24.826171875 27.724609375 0.298828125 1.7666015625
map_5 84 0 5 5 5 1 1 0.004042083 0.004377333 0.0040297334 0.0043801166 0.004041 0.004374 0.004025 0.0043772 20559 58991 2323 1361 314046 4620009 254 462825 223030 58989 19.3427734375 6.6455078125 0.251953125 1.6494140625
map_6 84 1 5 5 5 1 1 0.002252167 0.000277834 0.0022625002 0.0002783836 0.002249 0.000277 0.0022594 0.000278 11916 1170 2023 765 117706 235552 210 146264 143296 1170 17.8779296875 3.7353515625 0.2138671875 1.4033203125
map_7 84 0 5 5 5 1 1 0.001996542 0.0025325 0.0019962254 0.0025711666 0.001994 0.002529 0.001994 0.0025694 10622 6321 1818 1952 104625 2841159 250 951885 123506 6320 16.876953125 9.53125 0.24609375 1.4091796875
map_8 84 1 5 5 5 1 1 0.003407958 0.009207792 0.0034004832 0.0092082666 0.003407 0.009205 0.0033968 0.0092064 17409 201231 3867 1736 229886 7856855 269 752991 214333 201230 26.8818359375 8.4765625 0.205078125 1.4501953125
map_9 84 0 5 5 5 1 1 0.002408208 0.004469917 0.002404325 0.0044741 0.002407 0.004456 0.0024024 0.0044684 12619 7517 2295 2412 143513 5358965 107 1453507 153795 7517 19.2060546875 11.77734375 0.2138671875 1.453125
map_0 85 0 5 5 5 1 1 0.00220275 0.001866459 0.0022088666 0.0018689502 0.0022 0.001866 0.0022064 0.0018674 11663 4100 1830 1780 125670 2007462 114 791375 142473 4100 16.935546875 8.69140625 0.1787109375 1.4150390625
map_1 85 1 5 5 5 1 1 0.003089167 0.0006955 0.0030908086 0.0006979586 0.003089 0.000693 0.0030882 0.000696 15695 2236 2519 1104 217730 694367 42 304542 185091 2236 20.2998046875 5.390625 0.3046875 1.44140625
map_2 85 0 5 5 5 1 1 0.001549291 0.001945209 0.0015626248 0.0019463918 0.001549 0.001942 0.0015618 0.0019438 8231 4351 926 1890 93217 2025985 30 892809 86269 4351 12.521484375 9.228515625 0.2080078125 1.6083984375
map_3 85 1 5 5 5 1 1 0.001000625 0.001015125 0.0010295748 0.0010174584 0.001 0.001015 0.001024 0.0010166 5212 3804 347 1050 39907 1187890 6 275353 60815 3804 9.6943359375 5.126953125 0.1845703125 1.453125
map_4 85 0 5 5 5 1 1 0.002786917 0.00187275 0.0027786334 0.0018818082 0.002784 0.001869 0.0027708 0.001879 13935 4778 1817 1647 138399 2104046 342 677695 170235 4778 16.8720703125 8.0419921875 0.263671875 1.44140625
map_5 85 1 5 5 5 1 1 0.00277975 0.009221916 0.0027945084 0.0092269498 0.002779 0.00922 0.0027942 0.0092254 14544 10244 1362 4031 184722 10441299 136 4060879 174031 10243 14.650390625 19.6826171875 0.216796875 1.6259765625
map_6 85 0 5 5 5 1 1 0.002794833 0.001369375 0.0028071412 0.0013682084 0.002792 0.001365 0.002804 0.0013648 14892 4666 3918 1442 127539 1447271 438 519327 177029 4666 27.130859375 7.041015625 0.228515625 1.5439453125
map_7 85 1 5 5 5 1 1 0.002516833 0.000539458 0.002519475 0.0005400084 0.002516 0.000536 0.002517 0.0005382 12822 3472 2413 880 134092 513036 40 193536 154725 3472 19.7822265625 4.296875 0.2373046875 1.5087890625
map_8 85 0 5 5 5 1 1 0.002537958 0.014658375 0.0025349832 0.0147073416 0.002538 0.014657 0.002532 0.0147006 12818 13832 1370 5119 206601 16581842 51 6549565 146561 13831 14.689453125 24.9951171875 0.2255859375 1.81640625
map_9 85 1 5 5 5 1 1 0.002671917 0.001764458 0.0026789166 0.0017685416 0.002669 0.001761 0.0026774 0.0017644 14040 4870 1776 1566 118857 1993161 15 612667 157747 4870 16.671875 7.646484375 0.310546875 1.5673828125
map_0 86 1 5 5 5 1 1 0.004100083 0.002402667 0.0040996998 0.0024084334 0.0041 0.002402 0.0040954 0.0024062 19956 4664 6082 2132 232922 2506273 470 1135643 220077 4664 37.697265625 10.41015625 0.31640625 1.5087890625
map_1 86 0 5 5 5 1 1 0.002746875 0.000700375 0.0027462168 0.0007006916 0.002744 0.000698 0.0027426 0.0006988 13291 2169 2073 1136 263182 685661 29 322519 157463 2168 18.1220703125 5.546875 0.1962890625 1.4267578125
map_2 86 1 5 5 5 1 1 0.001975333 0.002230291 0.0019746502 0.0022397 0.001972 0.00223 0.0019728 0.0022364 10313 42467 1491 1380 103272 1775200 83 475800 117787 42467 15.2802734375 6.73828125 0.2314453125 1.6435546875
map_3 86 0 5 5 5 1 1 0.002081458 0.000982917 0.0020864502 0.0009821832 0.002078 0.000982 0.0020844 0.000982 10835 3843 2056 1161 118693 1034932 65 336970 112476 3843 18.0390625 5.6689453125 0.2255859375 1.4765625
map_4 86 1 5 5 5 1 1 0.003552625 0.0018045 0.0035493834 0.0018023832 0.003549 0.001805 0.0035448 0.0018008 18592 4109 2850 1803 177125 1875330 105 812289 215481 4109 21.916015625 8.8037109375 0.322265625 1.4501953125
map_5 86 0 5 5 5 1 1 0.002118375 0.000300834 0.0021315664 0.0003032252 0.002118 0.0003 0.0021294 0.000301 11110 1253 1468 732 130076 267322 54 133895 121618 1253 15.16796875 3.57421875 0.1728515625 1.3623046875
map_6 86 1 5 5 5 1 1 0.002193542 0.001077083 0.0022000834 0.0010801414 0.00219 0.001075 0.0021978 0.0010788 11708 4057 2548 1025 95956 1290022 75 262485 144850 4057 20.44140625 5.0048828125 0.2666015625 1.3740234375
map_7 86 0 5 5 5 1 1 0.001842125 0.000876166 0.0018508836 0.000885283 0.001841 0.000873 0.001844 0.0008822 9228 2619 1274 1197 114653 916529 91 357827 108544 2619 14.220703125 5.8447265625 0.1787109375 1.3681640625
map_8 86 1 5 5 5 1 1 0.003273291 0.015463292 0.0032586916 0.0154914086 0.003257 0.015439 0.0032462 0.0154514 15903 109091 2784 4594 239099 15830063 172 5274072 197843 109090 21.59375 22.431640625 0.275390625 1.693359375
map_9 86 0 5 5 5 1 1 0.003990125 0.004577375 0.0039885168 0.0045561248 0.003986 0.004574 0.003984 0.0045548 20585 8996 5325 2663 175226 5196968 321 1772739 251755 8995 34.0009765625 13.0029296875 0.2548828125 2.1240234375
map_0 87 0 5 5 5 1 1 0.004016292 0.002376625 0.0040289836 0.0023769502 0.004015 0.002374 0.0040266 0.0023746 21322 8300 4544 1765 214855 2691246 930 778535 226432 8300 30.1875 8.6181640625 0.3251953125 1.7197265625
map_1 87 1 5 5 5 1 1 0.0027845 0.000426791 0.002786125 0.0004274664 0.002784 0.000426 0.002785 0.0004266 14040 1752 2495 826 202171 423676 108 170548 167292 1752 20.1826171875 4.033203125 0.2607421875 1.4560546875
map_2 87 0 5 5 5 1 1 0.00275 0.000554209 0.0028046084 0.0005551416 0.00275 0.000554 0.002799 0.0005544 14540 9430 2604 825 136647 409928 25 170148 177756 9430 20.71484375 4.0283203125 0.2548828125 1.4033203125
map_3 87 1 5 5 5 1 1 0.002886417 0.004068292 0.0028694416 0.004087692 0.002879 0.004063 0.0028666 0.0040726 14787 6361 2322 2651 146525 4507496 370 1756861 173938 6360 19.337890625 12.9443359375 0.2490234375 1.869140625
map_4 87 0 5 5 5 1 1 0.002996834 0.000362708 0.0030034002 0.0003630998 0.002995 0.000363 0.0030006 0.0003628 15956 1478 3139 830 115806 332812 195 172186 196954 1478 23.3271484375 4.052734375 0.216796875 1.3974609375
map_5 87 1 5 5 5 1 1 0.004345167 0.001486167 0.004339767 0.0014862668 0.004338 0.001485 0.0043356 0.001486 22667 4538 4593 1495 322687 1621850 550 558566 251754 4538 30.4267578125 7.2998046875 0.2841796875 1.6142578125
map_6 87 0 5 5 5 1 1 0.0024145 0.003180541 0.002433275 0.003180533 0.002413 0.003179 0.0024328 0.0031788 12902 10292 2834 1894 123202 3797942 471 896763 157129 10292 21.837890625 9.248046875 0.234375 1.9833984375
map_7 87 1 5 5 5 1 1 0.00301675 0.002457708 0.0030252002 0.0024565832 0.003017 0.002455 0.0030236 0.0024542 16011 5069 3218 1892 162731 2825309 62 894292 179919 5069 23.712890625 9.23828125 0.3193359375 1.517578125
map_8 87 0 5 5 5 1 1 0.002727708 0.002615333 0.0027471664 0.00261405 0.002728 0.002613 0.0027442 0.0026122 13985 32311 2476 1692 213255 2457403 268 715139 177456 32311 20.08984375 8.26171875 0.2255859375 1.3857421875
map_9 87 1 5 5 5 1 1 0.003716 0.005488709 0.0037290248 0.0054916668 0.003716 0.005486 0.0037262 0.0054884 19812 8164 4414 2878 210946 6421487 431 2070625 238487 8164 29.552734375 14.052734375 0.2548828125 1.96875
map_0 88 1 5 5 5 1 1 0.003858833 0.006702625 0.0038797332 0.0067028082 0.003859 0.006703 0.0038774 0.0067022 20090 10800 3595 3395 261665 7507855 227 2880171 251004 10800 25.5537109375 16.5771484375 0.3251953125 1.5029296875
map_1 88 0 5 5 5 1 1 0.003658708 0.000359125 0.0036738914 0.00037315 0.003658 0.000359 0.003672 0.0003722 18832 1381 3185 836 240604 311013 42 174670 231755 1381 23.5517578125 4.08203125 0.24609375 1.44140625
map_2 88 1 5 5 5 1 1 0.002759875 0.000797416 0.0027602834 0.0007968666 0.002757 0.000795 0.0027584 0.0007958 14668 4042 2621 1025 139030 830502 29 262581 163297 4042 20.7978515625 5.0048828125 0.29296875 1.505859375
map_3 88 0 5 5 5 1 1 0.002821125 0.00121725 0.002842975 0.0012181998 0.002818 0.001215 0.0028398 0.0012164 15084 3362 2417 1349 148554 1340435 206 454757 189409 3362 19.8017578125 6.5869140625 0.2578125 1.48828125
map_4 88 1 5 5 5 1 1 0.003438042 0.0034545 0.003448758 0.00345735 0.003434 0.003453 0.0034454 0.0034552 18038 6479 2932 2402 172167 3833094 246 1441382 224169 6479 22.31640625 11.728515625 0.22265625 1.5380859375
map_5 88 0 5 5 5 1 1 0.002565417 0.00141775 0.0025827252 0.001422975 0.002565 0.001418 0.0025796 0.001422 13264 19262 1360 1038 194845 1336481 22 269139 145608 19262 14.640625 5.068359375 0.2080078125 1.4150390625
map_6 88 1 5 5 5 1 1 0.00229125 0.001613875 0.0022998664 0.0016146582 0.002291 0.001612 0.0022994 0.0016134 11786 6812 1818 1283 149729 1897735 58 411480 143656 6812 16.876953125 6.2646484375 0.1962890625 1.646484375
map_7 88 0 5 5 5 1 1 0.003271958 0.001283083 0.0032755002 0.0012832414 0.003273 0.001281 0.0032752 0.0012814 17133 3358 3676 1450 166397 1367281 74 525257 213219 3358 25.94921875 7.080078125 0.193359375 1.5205078125
map_8 88 1 5 5 5 1 1 0.002558875 0.001923875 0.0025597082 0.0019256998 0.002559 0.001923 0.0025574 0.001923 12846 4808 1285 1702 227620 2148406 4 723457 151087 4808 14.2744140625 8.310546875 0.2080078125 1.4150390625
map_9 88 0 5 5 5 1 1 0.002486708 0.001766917 0.002486925 0.0017667332 0.002483 0.001764 0.0024846 0.0017652 12663 4880 1150 1502 180797 2049436 19 563710 153799 4880 13.615234375 7.333984375 0.2138671875 1.546875
map_0 89 0 5 5 5 1 1 0.002325417 0.002223708 0.0023285168 0.0022246168 0.002322 0.002221 0.0023264 0.0022212 12022 5192 1194 1850 152779 2480482 207 855238 139004 5192 13.830078125 9.033203125 0.2255859375 1.8515625
map_1 89 1 5 5 5 1 1 0.003345958 0.000508917 0.0033634998 0.0005107334 0.003342 0.000507 0.003361 0.0005092 17517 1895 4546 928 154981 498212 700 215284 208482 1895 30.197265625 4.53125 0.3076171875 1.5556640625
map_2 89 0 5 5 5 1 1 0.002752958 0.004601792 0.002758692 0.0046023334 0.00275 0.004599 0.0027554 0.0045982 14488 111985 1724 1471 180160 3447318 7 540582 141264 111985 16.41796875 7.1826171875 0.2548828125 1.60546875
map_3 89 1 5 5 5 1 1 0.001592166 0.001089166 0.0015940166 0.0010942498 0.001589 0.001087 0.0015918 0.0010932 8473 3343 1024 1328 64531 1149617 36 440409 106055 3342 13 6.484375 0.2431640625 1.34765625
map_4 89 0 5 5 5 1 1 0.002166625 0.002184875 0.00218485 0.002185025 0.002164 0.002182 0.0021828 0.0021828 11495 5129 1520 1846 89610 2425188 79 851334 135135 5128 15.421875 9.013671875 0.22265625 1.7578125
map_5 89 1 5 5 5 1 1 0.002398334 0.0004555 0.0024006252 0.0004550082 0.002395 0.000455 0.0023986 0.0004546 12522 1748 1166 909 178471 420119 134 206420 138721 1748 13.693359375 4.4384765625 0.240234375 1.3857421875
map_6 89 0 5 5 5 1 1 0.002702167 0.000531625 0.002706475 0.00053255 0.002701 0.000532 0.0027042 0.0005308 14181 1875 2507 976 144314 522312 128 237999 173133 1875 20.2412109375 4.765625 0.2138671875 1.41796875
map_7 89 1 5 5 5 1 1 0.002565625 0.010709458 0.0025806498 0.01071325 0.002563 0.010707 0.0025772 0.0107102 13460 10724 2490 4396 146378 12066761 38 4830865 159531 10722 20.158203125 21.46484375 0.2578125 2.021484375
map_8 89 0 5 5 5 1 1 0.001979917 0.010410291 0.0019874668 0.0104151914 0.001977 0.010407 0.001984 0.0104134 10428 118407 1262 3161 91857 10645956 34 2497943 119876 118406 14.162109375 15.4345703125 0.216796875 2.14453125
map_9 89 1 5 5 5 1 1 0.002851375 0.002787125 0.0028953666 0.0027887 0.002849 0.002787 0.0028898 0.0027876 15122 5244 2567 2240 195450 2997487 110 1253434 156090 5244 20.5341796875 10.9375 0.275390625 1.4619140625
map_0 90 1 5 5 5 1 1 0.003110709 0.005492666 0.0031283836 0.0054911416 0.003107 0.005489 0.0031264 0.0054886 17055 8276 4394 3012 145825 6239609 154 2267590 190182 8274 29.455078125 14.70703125 0.228515625 1.8046875
map_1 90 0 5 5 5 1 1 0.002863125 0.003946042 0.0028730998 0.0039523666 0.002861 0.003946 0.0028702 0.0039508 15019 7540 2788 2431 151414 4555466 6 1476816 184690 7540 21.61328125 11.8701171875 0.2255859375 1.716796875
map_2 90 1 5 5 5 1 1 0.002611792 0.003494458 0.0026212168 0.0034943084 0.002612 0.003493 0.0026188 0.0034924 13837 20668 2435 1726 143211 4086715 181 744713 158797 20668 19.8896484375 8.427734375 0.2197265625 1.81640625
map_3 90 0 5 5 5 1 1 0.002023667 0.000315542 0.0020281252 0.0003161998 0.00202 0.000316 0.0020254 0.0003156 10636 1319 1938 779 143090 284339 5 151676 109751 1319 17.462890625 3.8037109375 0.2255859375 1.3740234375
map_4 90 1 5 5 5 1 1 0.002395333 0.002686042 0.0024077834 0.0026862666 0.002391 0.002685 0.002401 0.0026848 12149 6799 1486 2016 102711 3015062 250 1015977 139803 6799 15.255859375 9.84375 0.2080078125 1.79296875
map_5 90 0 5 5 5 1 1 0.004121166 0.000414 0.0041279996 0.0004142582 0.00412 0.000413 0.0041262 0.0004126 21597 1597 2349 826 322691 411944 233 170539 229472 1597 19.4697265625 4.033203125 0.240234375 1.435546875
map_6 90 1 5 5 5 1 1 0.002111833 0.000648208 0.002122025 0.0006483248 0.002111 0.000646 0.0021196 0.0006468 10987 2689 1651 965 135080 673195 94 232779 142549 2689 16.0615234375 4.7119140625 0.193359375 1.517578125
map_7 90 0 5 5 5 1 1 0.003066083 0.001093459 0.0030840834 0.0010934668 0.003063 0.00109 0.0030812 0.001092 15885 3190 3867 1304 181978 1173677 297 424792 191080 3190 26.8818359375 6.3671875 0.322265625 1.505859375
map_8 90 1 5 5 5 1 1 0.002991 0.014062917 0.0029988248 0.0140729252 0.002987 0.01406 0.0029954 0.0140688 15535 48316 2766 4798 217485 15476885 32 5754989 188638 48315 21.505859375 23.427734375 0.2607421875 2.1005859375
map_9 90 0 5 5 5 1 1 0.003016875 0.0031875 0.0030159502 0.0031881582 0.003014 0.003184 0.0030132 0.0031856 16120 7977 1798 2216 151673 3565959 224 1227477 195346 7976 16.779296875 10.8203125 0.2548828125 1.763671875
map_0 91 0 5 5 5 1 1 0.0019395 0.000188083 0.0019412582 0.0001875336 0.001937 0.000186 0.0019388 0.0001864 9935 866 1626 657 141368 144815 42 107908 120355 866 15.939453125 3.2080078125 0.2021484375 1.3330078125
map_1 91 1 5 5 5 1 1 0.003108958 0.003148291 0.0031071834 0.0031488332 0.003107 0.003146 0.0031056 0.0031464 16200 6716 3466 2143 159338 3626098 179 1147515 209695 6716 24.923828125 10.4638671875 0.2431640625 1.5908203125
map_2 91 0 5 5 5 1 1 0.003808166 0.00061875 0.003826458 0.0006207502 0.003806 0.000617 0.0038234 0.0006192 20009 2495 4791 1016 232032 610876 418 257808 236635 2495 31.3935546875 4.9609375 0.29296875 1.4208984375
map_3 91 1 5 5 5 1 1 0.002176375 0.000246875 0.002181925 0.0002466916 0.002177 0.000246 0.0021802 0.0002446 11623 1051 1895 712 91121 199284 76 126664 140896 1051 17.2529296875 3.4765625 0.2138671875 1.3505859375
map_4 91 0 5 5 5 1 1 0.003264917 0.0143265 0.0032804248 0.01433125 0.003265 0.014325 0.0032782 0.014328 17516 13989 4631 4883 126814 16654819 134 5960442 208730 13989 30.6123046875 23.8427734375 0.2666015625 2.0068359375
map_5 91 1 5 5 5 1 1 0.002594209 0.0020565 0.00259805 0.0020560834 0.002591 0.002054 0.0025946 0.0020544 13301 11345 1058 1668 215798 2172569 179 695363 146302 11345 13.166015625 8.14453125 0.234375 1.734375
map_6 91 0 5 5 5 1 1 0.001789291 0.003084083 0.0017926498 0.0030840666 0.001789 0.003081 0.0017918 0.0030814 9137 5857 1182 2206 116836 3484081 28 1215676 116571 5856 13.771484375 10.771484375 0.1904296875 1.4736328125
map_7 91 1 5 5 5 1 1 0.003008084 0.00075625 0.0030146416 0.0007574498 0.003008 0.000755 0.0030124 0.000756 15926 2403 3431 1149 148814 760773 43 329740 196932 2403 24.7529296875 5.6103515625 0.298828125 1.48828125
map_8 91 0 5 5 5 1 1 0.004058 0.001982334 0.004069425 0.0019844418 0.004055 0.001982 0.0040672 0.0019816 21417 30848 4851 1441 235468 1700408 614 519021 265519 30848 31.6865234375 7.0361328125 0.3017578125 1.55859375
map_9 91 1 5 5 5 1 1 0.002183292 0.00243225 0.0021949416 0.0024334502 0.00218 0.002429 0.0021924 0.0024304 11701 9022 1964 1676 122439 2845268 20 701948 135463 9022 17.58984375 8.18359375 0.29296875 1.59375
