# map seed opt_first repeats opt_success con_success opt_deterministic con_deterministic opt_run_time con_run_time opt_wall_mean con_wall_mean opt_cpu_time con_cpu_time opt_cpu_mean con_cpu_mean opt_iterations con_iterations opt_nodes con_nodes opt_nn_checks con_nn_checks opt_connection_checks con_connection_checks opt_collision_checks con_collision_checks opt_tree_mem con_tree_mem opt_path_mem con_path_mem
map_0 42 1 5 5 5 1 1 0.001802125 0.001762583 0.0018094246 0.0017621916 0.001802 0.001762 0.0018078 0.001761 9449 16353 1647 1368 90686 1821978 100 467724 112624 16353 16.0419921875 6.6796875 0.26953125 1.5498046875
map_1 42 0 5 5 5 1 1 0.002631834 0.00125775 0.0026352002 0.0012629832 0.00263 0.001255 0.0026336 0.0012614 14055 3553 2372 1413 158055 1351438 187 498743 171338 3553 19.58203125 6.8994140625 0.2548828125 1.5146484375
map_2 42 1 5 5 5 1 1 0.003026625 0.002405208 0.003039825 0.0024088832 0.003026 0.002405 0.0030394 0.0024064 16046 12709 2734 1444 178398 2851008 137 521102 196737 12709 21.349609375 7.05078125 0.28125 1.599609375
map_3 42 0 5 5 5 1 1 0.001770084 0.000841375 0.0017662 0.0008410666 0.001767 0.00084 0.0017646 0.0008396 9282 2340 847 1307 120159 803549 78 426562 100804 2339 12.1357421875 6.3818359375 0.2255859375 1.330078125
map_4 42 1 5 5 5 1 1 0.002300709 0.013525583 0.0023143502 0.0134971166 0.002301 0.013522 0.0023126 0.0134928 12020 17680 1849 4254 160051 16635877 36 4523282 151299 17680 17.0283203125 20.771484375 0.2373046875 1.880859375
map_5 42 0 5 5 5 1 1 0.002586542 0.001797333 0.0025943168 0.001798075 0.002585 0.001795 0.0025914 0.0017958 13992 5111 2213 1520 132577 2084779 173 577028 155186 5111 18.8056640625 7.421875 0.24609375 1.529296875
map_6 42 1 5 5 5 1 1 0.003407792 0.001909042 0.0034071918 0.0019085168 0.003404 0.001905 0.0034042 0.0019054 17920 4782 3294 1771 178524 2064210 295 784076 210666 4782 24.083984375 8.6474609375 0.2431640625 1.4853515625
map_7 42 0 5 5 5 1 1 0.002035084 0.001138125 0.0020367 0.001138725 0.002035 0.001139 0.0020352 0.0011386 10717 3041 1874 1441 107985 1138947 95 518708 131594 3041 17.150390625 7.0361328125 0.2021484375 1.5146484375
map_8 42 1 5 5 5 1 1 0.002369375 0.002280292 0.0027538832 0.0022717502 0.002367 0.002278 0.0024282 0.00227 11680 15964 1630 1499 117947 2447294 43 561734 147276 15964 15.958984375 7.3193359375 0.1904296875 1.5732421875
map_9 42 0 5 5 5 1 1 0.002279167 0.000418125 0.0022853334 0.00041825 0.002277 0.000417 0.0022822 0.0004174 11459 3453 1179 798 197156 374557 21 159134 130264 3453 13.7568359375 3.896484375 0.2607421875 1.3740234375
map_0 43 0 5 5 5 1 1 0.00150375 0.001102167 0.0015046416 0.0011010752 0.001502 0.001099 0.001502 0.0010982 7890 3035 1323 1341 83681 1151339 142 449151 89425 3035 14.4599609375 6.5478515625 0.205078125 1.44140625
map_1 43 1 5 5 5 1 1 0.002751167 0.00345875 0.0027582832 0.0034614002 0.002751 0.003458 0.002756 0.0034598 14275 6013 2914 2365 139178 3860350 98 1398037 175929 6013 22.228515625 11.5478515625 0.2783203125 1.9775390625
map_2 43 0 5 5 5 1 1 0.003202792 0.001460541 0.0032080582 0.001460375 0.003198 0.00146 0.0032054 0.0014594 16825 4100 4163 1469 155549 1613432 202 539181 197366 4100 28.3271484375 7.1728515625 0.3046875 1.62890625
map_3 43 1 5 5 5 1 1 0.003442208 0.000731042 0.0034441498 0.0007316832 0.003442 0.00073 0.0034418 0.0007302 18170 2074 3549 1208 169482 698997 361 364803 211720 2074 25.3291015625 5.8984375 0.2666015625 1.435546875
map_4 43 0 5 5 5 1 1 0.003515834 0.000354708 0.0035178502 0.0003546168 0.003516 0.000355 0.0035166 0.0003544 18389 1368 2696 838 197112 319887 82 175478 209351 1368 21.1640625 4.091796875 0.2958984375 1.423828125
map_5 43 1 5 5 5 1 1 0.002927833 0.000562125 0.0029381168 0.000562775 0.002924 0.000561 0.0029348 0.000561 15862 5737 2083 821 139959 516369 149 168412 185093 5737 18.1708984375 4.0087890625 0.24609375 1.3828125
map_6 43 0 5 5 5 1 1 0.003429541 0.001512 0.0034440668 0.0015114832 0.00343 0.001509 0.0034436 0.001509 18460 7077 4104 1387 210703 1656282 470 480797 198571 7077 28.0390625 6.7724609375 0.2783203125 1.8134765625
map_7 43 1 5 5 5 1 1 0.002141666 0.000704166 0.0021473748 0.0007036834 0.002141 0.0007 0.0021468 0.000702 11199 2536 1440 1048 106450 726250 82 274424 140043 2536 15.03125 5.1171875 0.2109375 1.5029296875
map_8 43 0 5 5 5 1 1 0.002658042 0.001713916 0.002666575 0.001714025 0.002654 0.001714 0.0026638 0.0017128 14027 6767 2495 1369 121730 1997806 188 468156 156786 6767 20.1826171875 6.6845703125 0.2138671875 1.5673828125
map_9 43 1 5 5 5 1 1 0.003620375 0.028737625 0.0036395248 0.028739825 0.003619 0.028729 0.0036374 0.0287354 18598 44651 2567 6714 319367 33701867 418 11268733 180374 44650 20.5341796875 32.783203125 0.2490234375 2.14453125
map_0 44 1 5 5 5 1 1 0.002434083 0.004662375 0.00244265 0.0046649752 0.00243 0.00466 0.00244 0.004662 12709 9234 2096 2503 135105 5557639 154 1566177 138133 9234 18.234375 12.2216796875 0.240234375 1.892578125
map_1 44 0 5 5 5 1 1 0.002416375 0.001881791 0.0024226918 0.0018824334 0.002413 0.001881 0.0024206 0.0018822 12665 3943 1460 1823 127071 2012673 181 830085 158622 3943 15.12890625 8.9013671875 0.2724609375 1.4033203125
map_2 44 1 5 5 5 1 1 0.001582084 0.000929458 0.0015874088 0.0009295832 0.001579 0.000928 0.0015852 0.0009278 8216 2635 1313 1282 90480 947163 3 410429 103384 2635 14.4111328125 6.259765625 0.19921875 1.4091796875
map_3 44 0 5 5 5 1 1 0.001054041 0.004637333 0.001056175 0.0046382502 0.001052 0.004634 0.0010542 0.0046364 5547 8669 355 2659 51184 5351543 7 1766430 66953 8669 9.7333984375 12.9833984375 0.193359375 1.3916015625
map_4 44 1 5 5 5 1 1 0.001533167 0.000775375 0.0015427166 0.0007747 0.001532 0.000773 0.0015402 0.0007736 8278 2408 1064 1149 65335 789946 51 329714 94493 2408 13.1953125 5.6103515625 0.24609375 1.494140625
map_5 44 0 5 5 5 1 1 0.002164792 0.005387167 0.0021788582 0.0053881416 0.002162 0.005384 0.0021774 0.0053852 11412 25734 1173 2766 101281 5822769 15 1911559 126131 25734 13.7275390625 13.505859375 0.2197265625 1.6904296875
map_6 44 1 5 5 5 1 1 0.002269125 0.006562542 0.0022769168 0.0065620082 0.002265 0.006559 0.002274 0.006559 11801 11832 2265 2925 126777 7970988 272 2138320 140881 11832 19.0595703125 14.2822265625 0.2314453125 1.9453125
map_7 44 0 5 5 5 1 1 0.003180042 0.001753166 0.0031776836 0.0017562002 0.003177 0.001751 0.0031754 0.0017526 16998 4563 2793 1675 155240 1905870 191 700724 209007 4563 21.6376953125 8.1787109375 0.2841796875 1.3154296875
map_8 44 1 5 5 5 1 1 0.003467208 0.000468125 0.0034785162 0.0004678002 0.003464 0.000467 0.003476 0.000467 18466 1754 4317 885 160538 464435 162 195611 219589 1754 29.0791015625 4.3212890625 0.2783203125 1.3857421875
map_9 44 0 5 5 5 1 1 0.003079042 0.005348625 0.0030920582 0.0053487582 0.003077 0.005346 0.0030892 0.005346 15878 21190 3463 2520 211568 6273358 342 1586588 182567 21190 24.9091796875 12.3046875 0.2138671875 1.74609375
map_0 45 0 5 5 5 1 1 0.001921167 0.002477375 0.0019281334 0.0024762416 0.001918 0.002477 0.0019256 0.002476 10079 35050 1455 910 116384 2553681 87 206900 109607 35050 15.1044921875 4.443359375 0.2080078125 1.40625
map_1 45 1 5 5 5 1 1 0.002434583 0.001835417 0.0024394166 0.0018361916 0.002431 0.001832 0.0024374 0.0018334 12523 5142 1863 1631 131763 2057833 68 664631 151275 5142 17.0966796875 7.9638671875 0.22265625 1.7255859375
map_2 45 0 5 5 5 1 1 0.002416375 0.000215625 0.0024221584 0.0002156668 0.002413 0.000215 0.0024196 0.0002154 12593 1001 2300 670 148331 178672 84 112222 156457 1001 19.23046875 3.271484375 0.2724609375 1.388671875
map_3 45 1 5 5 5 1 1 0.00241625 0.004141834 0.0024231666 0.0041439334 0.002413 0.004139 0.0024206 0.0041414 12523 7738 2153 2729 186464 4487805 355 1861610 156800 7738 18.5126953125 13.3251953125 0.205078125 2.2822265625
map_4 45 0 5 5 5 1 1 0.002794958 0.002134666 0.0028130914 0.0021359498 0.002792 0.002132 0.002811 0.0021336 15041 9399 2772 1680 149957 2343137 101 705041 169778 9399 21.53515625 8.203125 0.3046875 1.4970703125
map_5 45 1 5 5 5 1 1 0.00224275 0.001114959 0.0022474498 0.0011144584 0.002241 0.001112 0.002245 0.0011124 11841 3245 1122 1310 127050 1202858 134 428982 135601 3245 13.478515625 6.396484375 0.263671875 1.5849609375
map_6 45 0 5 5 5 1 1 0.002098584 0.001065542 0.0021133002 0.0010650832 0.002096 0.001063 0.0021106 0.0010632 10988 4592 1820 1191 108994 1153197 12 354502 125181 4591 16.88671875 5.8154296875 0.2548828125 1.5703125
map_7 45 1 5 5 5 1 1 0.003153416 0.003522208 0.0031719582 0.0035237748 0.003151 0.003521 0.0031696 0.0035224 16532 6487 3377 2284 178572 4086396 146 1303218 208534 6487 24.4892578125 11.15234375 0.29296875 1.640625
map_8 45 0 5 5 5 1 1 0.003102208 0.007176291 0.003115558 0.0071868082 0.0031 0.007173 0.0031134 0.0071842 16771 10764 3550 3277 148586 8465672 203 2684247 190268 10764 25.333984375 16.0009765625 0.3193359375 1.8662109375
map_9 45 1 5 5 5 1 1 0.004438792 0.003178708 0.00444925 0.0031793332 0.004436 0.003178 0.004446 0.003177 23296 7784 5173 2242 280547 3526235 340 1255864 248808 7783 33.2587890625 10.947265625 0.3076171875 1.7021484375
map_0 46 1 5 5 5 1 1 0.002111292 0.000282542 0.0021163334 0.0002833334 0.002108 0.000281 0.002114 0.0002824 11145 1296 1432 743 118366 245198 173 137993 127116 1296 14.9921875 3.6279296875 0.1875 1.3681640625
map_1 46 0 5 5 5 1 1 0.002018042 0.001486167 0.0020215918 0.0014861084 0.002014 0.001484 0.0020182 0.0014838 10610 3719 1081 1612 116125 1556295 19 648996 132986 3719 13.2783203125 7.87109375 0.19921875 1.3388671875
map_2 46 1 5 5 5 1 1 0.002851833 0.019461291 0.0028629334 0.0194735666 0.002848 0.019459 0.0028602 0.0194706 15399 17479 2829 5327 118362 23746474 165 7093803 172304 17478 21.8134765625 26.0107421875 0.2548828125 1.6318359375
map_3 46 0 5 5 5 1 1 0.003804042 0.000300917 0.003821525 0.0003002832 0.003804 0.000298 0.0038198 0.0002988 19981 1261 4102 816 206312 247285 539 166337 226455 1261 28.029296875 3.984375 0.2841796875 1.3564453125
map_4 46 1 5 5 5 1 1 0.002049417 0.000282125 0.00205765 0.000282875 0.002048 0.000281 0.002057 0.000282 10749 1213 1160 778 126825 240962 38 151249 121743 1213 13.6640625 3.798828125 0.24609375 1.3740234375
map_5 46 0 5 5 5 1 1 0.00215025 0.000658875 0.00215955 0.0006594252 0.002147 0.00066 0.0021574 0.0006592 11369 2259 1429 1015 113245 687294 126 257351 136028 2259 14.9775390625 4.9560546875 0.228515625 1.3740234375
map_6 46 1 5 5 5 1 1 0.003096375 0.000317417 0.003109225 0.0003187668 0.003093 0.000317 0.0031066 0.000318 16267 1816 3046 726 162276 291087 148 131744 178736 1816 22.873046875 3.544921875 0.263671875 1.3681640625
map_7 46 0 5 5 5 1 1 0.002774916 0.000489875 0.0027934584 0.0004899168 0.002771 0.000488 0.002789 0.0004884 14369 1938 2009 889 151102 484772 107 197499 188052 1938 17.8095703125 4.3408203125 0.1904296875 1.4384765625
map_8 46 1 5 5 5 1 1 0.002963959 0.0146085 0.002963217 0.0146103582 0.002956 0.014605 0.0029594 0.014608 15639 61716 3170 3864 131419 17610953 625 3732440 177405 61713 23.478515625 18.8671875 0.2109375 2.419921875
map_9 46 0 5 5 5 1 1 0.002931834 0.002754583 0.0029458082 0.0027553332 0.002928 0.002751 0.0029426 0.0027532 14836 16234 2600 1410 249287 3301711 169 496871 159335 16234 20.6953125 6.884765625 0.2548828125 1.7373046875
map_0 47 0 5 5 5 1 1 0.002196167 0.001867583 0.0022126086 0.0018684084 0.002196 0.001866 0.002212 0.0018662 11857 4074 2826 1815 114407 1986737 68 822764 149411 4074 21.798828125 8.8623046875 0.275390625 1.3271484375
map_1 47 1 5 5 5 1 1 0.00252525 0.00051975 0.0025396584 0.0005206334 0.002522 0.00052 0.0025372 0.0005204 13358 1888 2409 930 148528 507274 36 216171 161992 1888 19.7626953125 4.541015625 0.275390625 1.4912109375
map_2 47 0 5 5 5 1 1 0.002589417 0.009591292 0.0026000418 0.0095993834 0.002589 0.00959 0.0025986 0.0095958 13506 10523 2322 3987 147347 11132599 33 3972819 166087 10523 19.337890625 19.4677734375 0.2255859375 1.4443359375
map_3 47 1 5 5 5 1 1 0.002559125 0.000576666 0.0025613334 0.0005772998 0.002556 0.000575 0.002558 0.0005758 13017 1862 1358 1059 150207 549014 140 280063 161248 1862 14.630859375 5.1708984375 0.2197265625 1.341796875
map_4 47 0 5 5 5 1 1 0.002817625 0.006778875 0.002832475 0.0067738084 0.002817 0.006776 0.0028316 0.0067712 14980 9179 2338 3260 165478 7892612 373 2655666 168815 9179 19.416015625 15.91796875 0.24609375 1.7109375
map_5 47 1 5 5 5 1 1 0.003151292 0.00149475 0.00316725 0.0014945416 0.003151 0.001492 0.0031658 0.0014924 16913 15111 3609 1088 160635 1562553 70 295670 209855 15111 25.6220703125 5.3125 0.234375 1.3916015625
map_6 47 0 5 5 5 1 1 0.002440291 0.002335375 0.0024508 0.00233585 0.002438 0.002335 0.0024476 0.002334 13246 6355 2707 1999 129642 2488160 68 998452 148481 6355 21.2177734375 9.7607421875 0.263671875 1.734375
map_7 47 1 5 5 5 1 1 0.002928791 0.016891916 0.0029806332 0.0169007914 0.002927 0.016889 0.0029738 0.0168984 14828 16238 1935 5057 180750 20333430 195 6390851 183457 16238 17.4482421875 24.6923828125 0.2431640625 1.53515625
map_8 47 0 5 5 5 1 1 0.002642625 0.004681208 0.0026526416 0.0046822998 0.002639 0.004678 0.0026494 0.0046796 14130 15778 2207 2494 138720 5390367 7 1553967 151008 15777 18.7763671875 12.177734375 0.22265625 1.599609375
map_9 47 1 5 5 5 1 1 0.003360708 0.009085542 0.0033584914 0.009086342 0.00336 0.009082 0.0033558 0.009082 16852 54395 4333 1895 229560 11726362 153 897599 211960 54394 29.1572265625 9.2529296875 0.3427734375 1.9453125
map_0 48 1 5 5 5 1 1 0.001573 0.007439208 0.001576375 0.0074404084 0.001572 0.007436 0.0015744 0.007436 8268 19091 1195 2478 74420 9694663 146 1534616 102059 19091 13.8349609375 12.099609375 0.1962890625 1.9365234375
map_1 48 0 5 5 5 1 1 0.002182625 0.00101375 0.0021934668 0.0010130916 0.002179 0.001014 0.0021908 0.0010126 11494 2722 1977 1368 124903 1022772 217 467273 142479 2722 17.6533203125 6.6796875 0.2490234375 1.294921875
map_2 48 1 5 5 5 1 1 0.002702416 0.001764209 0.0027188166 0.001765475 0.002701 0.001763 0.0027164 0.001763 14608 5121 3083 1551 114245 1945599 244 601088 179260 5121 23.0537109375 7.5732421875 0.193359375 1.482421875
map_3 48 0 5 5 5 1 1 0.001800375 0.002015458 0.0018058584 0.0020166334 0.001798 0.002012 0.0018026 0.0020134 9562 5014 1552 1755 89105 2241814 293 769676 113540 5013 15.578125 8.5693359375 0.181640625 1.6787109375
map_4 48 1 5 5 5 1 1 0.002225583 0.002512833 0.0022321998 0.0025138666 0.002225 0.002512 0.0022316 0.0025118 11636 5600 1483 1949 130877 2841747 178 949419 132946 5599 15.2412109375 9.5166015625 0.2021484375 1.62890625
map_5 48 0 5 5 5 1 1 0.00254875 0.019603333 0.0025614416 0.019614708 0.002545 0.0196 0.0025594 0.0196118 13418 53073 1812 5378 134358 22595097 48 7230496 165292 53072 16.84765625 26.259765625 0.22265625 2.4609375
map_6 48 1 5 5 5 1 1 0.002186417 0.000838542 0.0021928832 0.0008385252 0.002183 0.000837 0.0021908 0.0008378 11750 7647 1345 1004 117094 806925 30 251724 121738 7647 14.5673828125 4.90234375 0.2021484375 1.3623046875
map_7 48 0 5 5 5 1 1 0.002299292 0.005042416 0.0023051502 0.0050411248 0.002296 0.005038 0.0023026 0.0050378 12271 9080 1389 2712 130123 5915853 118 1838064 137738 9080 14.7822265625 13.2421875 0.216796875 1.822265625
map_8 48 1 5 5 5 1 1 0.002840042 0.008286333 0.0028475416 0.0082879082 0.002837 0.008282 0.0028442 0.0082836 15095 10104 3010 3503 110845 9907421 455 3066328 166223 10103 22.697265625 17.1044921875 0.1962890625 1.5205078125
map_9 48 0 5 5 5 1 1 0.003465959 0.009709875 0.0034766338 0.009743725 0.003462 0.009707 0.0034744 0.0097412 18041 40686 4065 2695 224405 12405397 197 1815715 205763 40686 27.8486328125 13.1591796875 0.2841796875 1.8251953125
map_0 49 0 5 5 5 1 1 0.002801083 0.00794575 0.0027867582 0.0079455166 0.0028 0.007941 0.0027824 0.0079414 14565 9964 4757 3572 120953 9229958 96 3189342 178541 9964 31.2275390625 17.44140625 0.3046875 1.95703125
map_1 49 1 5 5 5 1 1 0.00283175 0.001043208 0.0028420664 0.001043225 0.002831 0.001042 0.0028394 0.0010414 15091 6691 2928 878 140543 1205603 29 192689 192220 6691 22.296875 4.287109375 0.2900390625 1.4912109375
map_2 49 0 5 5 5 1 1 0.002204875 0.000392 0.002217675 0.0003934832 0.002202 0.000391 0.002216 0.0003922 11407 1665 2277 821 139087 371487 91 168418 138439 1665 19.1181640625 4.0087890625 0.2109375 1.4208984375
map_3 49 1 5 5 5 1 1 0.001437334 0.000356041 0.0014372584 0.0003564334 0.001435 0.000356 0.001435 0.0003564 7660 1816 1103 826 73069 313802 60 170487 85072 1816 13.3857421875 4.033203125 0.2138671875 1.4677734375
map_4 49 0 5 5 5 1 1 0.0018135 0.000290667 0.0018062998 0.0002901416 0.001811 0.00029 0.0018024 0.0002898 9468 1176 1185 764 94205 245970 91 145864 92732 1176 13.7861328125 3.73046875 0.275390625 1.3623046875
map_5 49 1 5 5 5 1 1 0.002155375 0.006553292 0.002164675 0.0065568084 0.002152 0.006553 0.0021616 0.0065552 11543 8912 1740 3274 103699 7534078 53 2679146 131662 8911 16.49609375 15.986328125 0.28125 1.65234375
map_6 49 0 5 5 5 1 1 0.002843708 0.019926834 0.0028490666 0.019919142 0.002841 0.019924 0.002847 0.019916 15194 19848 2461 5320 175770 24386558 179 7074709 161610 19845 20.0166015625 25.9765625 0.2958984375 2.0625
map_7 49 1 5 5 5 1 1 0.002581542 0.008624042 0.0025909582 0.0086897334 0.002579 0.008622 0.0025878 0.008666 13640 9112 2842 3993 166514 9235216 118 3985620 163821 9112 21.876953125 19.4970703125 0.2958984375 2.115234375
map_8 49 0 5 5 5 1 1 0.003549958 0.008487958 0.0035636832 0.0084952418 0.003549 0.008487 0.0035616 0.0084858 18898 10293 4220 3747 183922 9734732 148 3509475 212503 10293 28.60546875 18.2958984375 0.322265625 1.95703125
map_9 49 1 5 5 5 1 1 0.0032365 0.000377334 0.003238158 0.0003779002 0.003237 0.000377 0.0032348 0.000377 16401 2135 3419 765 216248 347963 115 146275 187817 2135 24.6943359375 3.7353515625 0.2841796875 1.40625
map_0 50 1 5 5 5 1 1 0.001812166 0.001777541 0.0018198746 0.0017762166 0.00181 0.001774 0.0018174 0.0017736 9374 5770 1187 1425 106095 2043239 38 507188 109162 5770 13.7958984375 6.9580078125 0.205078125 1.423828125
map_1 50 0 5 5 5 1 1 0.0015685 0.000292458 0.0015683332 0.0002924586 0.001568 0.000291 0.0015674 0.000292 8170 1278 981 729 77199 257067 17 132813 94379 1278 12.7900390625 3.5595703125 0.193359375 1.3388671875
map_2 50 1 5 5 5 1 1 0.002380416 0.005778625 0.0023941916 0.0057824 0.00238 0.005777 0.0023928 0.0057806 12605 8512 1886 3019 108178 6521107 42 2277213 141474 8512 17.208984375 14.7412109375 0.2109375 1.41796875
map_3 50 0 5 5 5 1 1 0.002899291 0.004900917 0.002900583 0.0049000584 0.002897 0.004896 0.0028956 0.004897 14691 10313 3330 2648 156181 5565379 200 1752350 177662 10313 24.259765625 12.9296875 0.2197265625 1.693359375
map_4 50 1 5 5 5 1 1 0.00345 0.002399458 0.0034588336 0.0024009668 0.003449 0.002396 0.0034572 0.0023978 17397 4813 2530 1978 258276 2656109 57 977272 206115 4813 20.353515625 9.658203125 0.251953125 1.447265625
map_5 50 0 5 5 5 1 1 0.003328042 0.005000542 0.0033395418 0.0049988416 0.003327 0.004997 0.0033376 0.0049962 17724 37645 4124 2100 135908 5584859 126 1102146 234277 37644 28.13671875 10.25390625 0.2958984375 1.658203125
map_6 50 1 5 5 5 1 1 0.0025975 0.003636417 0.0026061334 0.0036375666 0.002596 0.003633 0.0026046 0.003635 13996 10023 2373 1870 133185 4552474 247 874138 155804 10023 19.5869140625 9.130859375 0.2783203125 1.951171875
map_7 50 0 5 5 5 1 1 0.002861667 0.002450083 0.0028761082 0.0024473168 0.002861 0.00245 0.0028738 0.0024466 14729 4996 2036 1918 155455 2730920 25 918943 185778 4996 17.94140625 9.365234375 0.22265625 1.5966796875
map_8 50 1 5 5 5 1 1 0.003258709 0.005382458 0.0032686836 0.005376708 0.003255 0.005379 0.0032672 0.0053742 17162 7756 2482 2869 147271 6099895 356 2057480 200460 7755 20.119140625 14.0087890625 0.228515625 1.681640625
map_9 50 0 5 5 5 1 1 0.003148584 0.003653208 0.0031617168 0.0036567996 0.003146 0.00365 0.003159 0.0036544 16086 10519 2760 2235 239314 4105600 148 1247980 166292 10519 21.4765625 10.9130859375 0.2548828125 1.6259765625
map_0 51 0 5 5 5 1 1 0.002358917 0.000210333 0.0023753668 0.0002106414 0.002356 0.00021 0.0023722 0.00021 12216 969 2115 667 145525 167294 161 111199 141296 969 18.3271484375 3.2568359375 0.26953125 1.3681640625
map_1 51 1 5 5 5 1 1 0.002675958 0.000964167 0.0026894496 0.000963925 0.002676 0.000963 0.002688 0.0009628 14050 2761 1681 1228 134336 1005762 8 376581 179886 2761 16.2080078125 5.99609375 0.3017578125 1.423828125
map_2 51 0 5 5 5 1 1 0.001712167 0.007279041 0.0017138832 0.0072799998 0.001709 0.007277 0.001711 0.007278 8805 9157 1259 3425 106602 8222221 11 2931854 111880 9157 14.1474609375 16.7236328125 0.19921875 1.640625
map_3 51 1 5 5 5 1 1 0.002446959 0.000611458 0.00244855 0.0006112082 0.002444 0.000609 0.0024456 0.0006092 13088 2095 1222 1030 107454 606469 30 265002 148089 2095 13.966796875 5.029296875 0.2021484375 1.412109375
map_4 51 0 5 5 5 1 1 0.002828709 0.003442917 0.002844225 0.0034416252 0.002826 0.003442 0.0028412 0.0034398 14969 11238 2449 2221 158422 3849339 343 1233099 174151 11238 19.9580078125 10.8447265625 0.240234375 2.056640625
map_5 51 1 5 5 5 1 1 0.002845166 0.001022833 0.0028638916 0.0010232166 0.002843 0.001022 0.0028624 0.0010218 15390 10014 3997 1042 115950 973940 384 271144 176325 10014 27.5166015625 5.087890625 0.2314453125 1.412109375
map_6 51 0 5 5 5 1 1 0.003337167 0.006206666 0.003331642 0.0062092332 0.003336 0.006206 0.0033254 0.0062068 16896 11362 4156 2976 142174 7159229 193 2213999 181743 11362 28.29296875 14.53125 0.2900390625 1.646484375
map_7 51 1 5 5 5 1 1 0.001950166 0.012354708 0.0019442 0.0123490582 0.00195 0.012353 0.001944 0.012347 10006 14937 1176 4332 97709 14312230 54 4691168 126068 14937 13.7421875 21.15234375 0.275390625 2.232421875
map_8 51 0 5 5 5 1 1 0.002461958 0.000278667 0.0024734582 0.0002800082 0.002461 0.000278 0.0024724 0.000279 12899 1220 2221 722 125320 242735 127 130320 151357 1220 18.8447265625 3.525390625 0.234375 1.412109375
map_9 51 1 5 5 5 1 1 0.003690875 0.00159925 0.0037176666 0.0015987248 0.003688 0.001597 0.0037154 0.0015972 18774 4274 4836 1533 271361 1740945 245 587433 221153 4274 31.61328125 7.4853515625 0.251953125 1.6962890625
map_0 52 1 5 5 5 1 1 0.001602584 0.003007125 0.0016055584 0.0030135086 0.001599 0.002985 0.0016044 0.003004 8276 7247 756 2052 80515 3286603 16 1052469 95536 7247 11.69140625 10.01953125 0.205078125 1.775390625
map_1 52 0 5 5 5 1 1 0.002132166 0.000527958 0.0021332666 0.0005286412 0.002132 0.000527 0.0021326 0.000527 11252 2015 1468 878 119396 556017 95 192523 130767 2015 15.16796875 4.287109375 0.275390625 1.376953125
map_2 52 1 5 5 5 1 1 0.001867792 0.007842917 0.001882975 0.0078456166 0.001867 0.00784 0.0018804 0.0078426 10028 10584 1350 3340 84554 9443685 90 2788453 113199 10582 14.591796875 16.30859375 0.19921875 1.822265625
map_3 52 0 5 5 5 1 1 0.001680916 0.001143625 0.001683075 0.00114485 0.001678 0.001143 0.001681 0.0011442 8812 3404 861 1287 91663 1260452 185 413600 105967 3404 12.2041015625 6.2841796875 0.2109375 1.3798828125
map_4 52 1 5 5 5 1 1 0.002530709 0.001328958 0.0025379836 0.0013289582 0.00253 0.001326 0.0025358 0.0013266 13115 3096 1489 1594 136451 1303708 71 634512 154072 3096 15.2705078125 7.783203125 0.2197265625 1.2919921875
map_5 52 0 5 5 5 1 1 0.002612542 0.010087083 0.0026267502 0.0100939084 0.00261 0.010085 0.0026244 0.0100856 13709 10586 1935 4286 116133 10995890 121 4590412 161004 10586 17.4482421875 20.927734375 0.216796875 1.5732421875
map_6 52 1 5 5 5 1 1 0.003833292 0.01685325 0.0038667418 0.0168649 0.003828 0.01685 0.003854 0.0168622 19761 16551 5206 5026 192007 19819465 839 6314866 225240 16546 33.419921875 24.541015625 0.3369140625 1.7373046875
map_7 52 0 5 5 5 1 1 0.003124667 0.0016715 0.0031275832 0.001672042 0.003122 0.001669 0.0031258 0.0016696 15899 3872 2139 1614 165580 1803460 103 650566 197527 3872 18.4443359375 7.880859375 0.2490234375 1.32421875
map_8 52 1 5 5 5 1 1 0.004007 0.00486775 0.0040222 0.004868258 0.004004 0.004865 0.0040198 0.0048658 20635 29329 5093 1854 187773 5777774 299 859221 245520 29329 32.8681640625 9.052734375 0.234375 2.068359375
map_9 52 0 5 5 5 1 1 0.003066541 0.000860166 0.0030761416 0.0008679248 0.003063 0.00086 0.0030732 0.0008666 15604 3381 1887 1206 293819 861055 109 363598 150636 3381 17.2138671875 5.888671875 0.205078125 1.4443359375
map_0 53 0 5 5 5 1 1 0.001729791 0.000669333 0.00173985 0.0006703416 0.00173 0.000668 0.001738 0.0006686 9276 2440 1938 1043 79053 679634 80 271726 107570 2440 17.462890625 5.0927734375 0.234375 1.423828125
map_1 53 1 5 5 5 1 1 0.002829292 0.00024425 0.0028470252 0.0002443916 0.002827 0.000243 0.0028454 0.0002436 15158 1680 2741 633 139775 211782 222 100170 180266 1680 21.3837890625 3.0908203125 0.2490234375 1.353515625
map_2 53 0 5 5 5 1 1 0.002151583 0.001429791 0.0021640498 0.0014298664 0.002148 0.001427 0.0021622 0.0014288 10916 5330 1626 1257 143185 1629026 58 394921 130302 5329 15.939453125 6.1376953125 0.2255859375 1.69921875
map_3 53 1 5 5 5 1 1 0.001522583 0.002674417 0.0015275746 0.0026753586 0.001522 0.002671 0.0015256 0.0026736 7993 10408 942 1803 70407 2996868 97 812656 94688 10408 12.599609375 8.8037109375 0.193359375 1.4560546875
map_4 53 0 5 5 5 1 1 0.002015125 0.003850709 0.0020163582 0.0038532086 0.002011 0.003851 0.0020142 0.0038506 10328 7338 1168 2345 121059 4404045 136 1373825 121971 7338 13.703125 11.4501953125 0.22265625 1.376953125
map_5 53 1 5 5 5 1 1 0.003108041 0.004617791 0.0031290746 0.0046191416 0.003105 0.004615 0.0031264 0.0046168 16066 9392 2990 2446 157859 5421229 38 1494850 198579 9392 22.599609375 11.943359375 0.22265625 1.5966796875
map_6 53 0 5 5 5 1 1 0.002117292 0.0011885 0.0021256918 0.0011898416 0.002115 0.001188 0.0021234 0.001189 11091 3380 1648 1294 111105 1300506 31 418160 122515 3380 16.046875 6.318359375 0.2431640625 1.2978515625
map_7 53 1 5 5 5 1 1 0.003326333 0.002948375 0.0033449832 0.0029575582 0.003323 0.002948 0.0033428 0.002957 17383 7256 4173 1989 205885 3402646 417 988654 207097 7256 28.3759765625 9.7119140625 0.2900390625 1.8955078125
map_8 53 0 5 5 5 1 1 0.003533541 0.011232625 0.0035354248 0.0112319914 0.003527 0.011229 0.003528 0.0112296 17447 29843 3049 3574 200173 13840721 32 3192800 213424 29841 22.8876953125 17.451171875 0.19921875 2.0478515625
map_9 53 1 5 5 5 1 1 0.00322 0.000379458 0.0032324668 0.0003810332 0.00322 0.000379 0.0032322 0.0003804 16222 1657 2616 799 260139 354216 114 159547 174616 1657 20.7734375 3.9013671875 0.310546875 1.400390625
map_0 54 1 5 5 5 1 1 0.002423375 0.000952459 0.0024253002 0.0009507086 0.002418 0.000949 0.002423 0.0009472 12664 2658 3811 1258 109965 962359 122 395263 154963 2658 26.6083984375 6.142578125 0.22265625 1.39453125
map_1 54 0 5 5 5 1 1 0.002629458 0.001356625 0.0026335832 0.0013577582 0.002629 0.001356 0.0026316 0.0013562 13280 3079 931 1590 179687 1357007 41 631747 169995 3079 12.5458984375 7.763671875 0.2490234375 1.5263671875
map_2 54 1 5 5 5 1 1 0.0032685 0.005378375 0.0032846748 0.0053821834 0.003267 0.005375 0.0032832 0.005376 16840 8214 4340 2927 170088 6009852 114 2140611 211252 8214 29.19140625 14.2919921875 0.2548828125 1.58203125
map_3 54 0 5 5 5 1 1 0.002680542 0.000286334 0.0026954584 0.0002864334 0.002678 0.000286 0.0026928 0.0002862 13903 1265 2555 739 150442 244840 1 136478 157598 1265 20.4755859375 3.6083984375 0.228515625 1.40625
map_4 54 1 5 5 5 1 1 0.002949417 0.000562458 0.00295515 0.0005627582 0.002947 0.000562 0.002952 0.0005622 15591 1879 1957 994 160051 540586 253 246749 158340 1879 17.5556640625 4.853515625 0.2373046875 1.341796875
map_5 54 0 5 5 5 1 1 0.003869833 0.000823125 0.0038787582 0.0008233254 0.003867 0.000822 0.0038756 0.0008222 20143 3038 4428 1152 219924 824678 268 331672 218130 3038 29.62109375 5.625 0.3515625 1.53515625
map_6 54 1 5 5 5 1 1 0.00261125 0.001231375 0.0026221666 0.001230542 0.002611 0.001229 0.0026198 0.0012288 13407 4405 2653 1227 154221 1362994 196 376056 152440 4405 20.9541015625 5.9912109375 0.29296875 1.5146484375
map_7 54 0 5 5 5 1 1 0.002494166 0.0056545 0.0024933166 0.0056553416 0.002491 0.005652 0.0024896 0.0056524 12809 9127 2349 2889 103281 6491407 89 2085349 161223 9126 19.4697265625 14.1064453125 0.2783203125 1.7431640625
map_8 54 1 5 5 5 1 1 0.002512458 0.0039905 0.0025203582 0.0039938418 0.002513 0.00399 0.0025184 0.0039916 13154 19336 2454 2200 110636 4374565 267 1209138 158972 19336 19.982421875 10.7421875 0.22265625 1.5498046875
map_9 54 0 5 5 5 1 1 0.003045959 0.013232708 0.0030505584 0.0132457166 0.003044 0.013229 0.0030488 0.013243 15842 15312 2894 4557 210826 15233234 30 5191437 170712 15309 22.130859375 22.2509765625 0.298828125 1.9453125
map_0 55 0 5 5 5 1 1 0.001936416 0.000355667 0.0019457832 0.0003564334 0.001936 0.000356 0.001944 0.0003556 9970 1691 1324 771 101621 337580 74 148587 112491 1691 14.46484375 3.7646484375 0.205078125 1.3681640625
map_1 55 1 5 5 5 1 1 0.002468917 0.005423209 0.0024823586 0.0054240338 0.002468 0.00542 0.0024808 0.0054214 12915 8310 1964 2891 140653 6147131 387 2089393 159206 8310 17.58984375 14.1162109375 0.240234375 1.9189453125
map_2 55 0 5 5 5 1 1 0.003076834 0.001912125 0.0030754586 0.0019119834 0.003077 0.00191 0.0030728 0.0019102 15941 7053 4483 1693 158503 2005808 194 716392 197538 7053 29.8896484375 8.2666015625 0.2314453125 1.494140625
map_3 55 1 5 5 5 1 1 0.0022565 0.001783042 0.0022756586 0.0017872916 0.002254 0.00178 0.0022704 0.0017844 11524 4584 1719 1635 133636 1936960 59 667687 131532 4584 16.3935546875 7.9833984375 0.216796875 1.505859375
map_4 55 0 5 5 5 1 1 0.003078458 0.000372166 0.0030838248 0.0003716748 0.003076 0.000371 0.003081 0.0003708 15735 1380 2227 874 196652 319961 319 190830 168892 1380 18.8740234375 4.267578125 0.24609375 1.3916015625
map_5 55 1 5 5 5 1 1 0.00260675 0.005212834 0.002612625 0.005211792 0.002606 0.00521 0.0026104 0.0052086 13656 50037 1637 1690 121537 5745699 229 713943 155285 50037 15.9931640625 8.251953125 0.240234375 1.7841796875
map_6 55 0 5 5 5 1 1 0.003863417 0.008603083 0.0038382084 0.0086116664 0.003861 0.008601 0.0038356 0.008609 20151 13581 4726 3644 225519 10032238 500 3319483 235265 13581 31.076171875 17.79296875 0.3251953125 1.6201171875
map_7 55 1 5 5 5 1 1 0.0019625 0.000473958 0.0019659334 0.0004742416 0.001959 0.000473 0.0019632 0.0004732 10143 1673 741 977 130853 433056 2 238629 127800 1673 11.6181640625 4.7705078125 0.1962890625 1.4912109375
map_8 55 0 5 5 5 1 1 0.003772292 0.01250275 0.0037838336 0.0125130084 0.003772 0.0125 0.0037816 0.0125048 19468 13539 4600 4285 162122 15093292 238 4590240 228155 13539 30.4609375 20.9228515625 0.240234375 1.8544921875
map_9 55 1 5 5 5 1 1 0.002272291 0.014201875 0.0022758666 0.014196475 0.002268 0.014199 0.0022724 0.014194 11196 32326 1124 4498 197701 16405635 6 5056831 125441 32324 13.48828125 21.962890625 0.2314453125 1.8603515625
map_0 56 1 5 5 5 1 1 0.002389583 0.00899175 0.0023938416 0.0089940498 0.002389 0.00899 0.0023934 0.0089936 12343 10202 1481 3856 150180 10133203 173 3715724 139323 10201 15.2314453125 18.828125 0.2314453125 1.6728515625
map_1 56 0 5 5 5 1 1 0.003052417 0.014030208 0.0030616836 0.0140376834 0.003052 0.01403 0.0030612 0.0140368 15718 12815 2406 4933 199040 15740465 159 6082571 184976 12814 19.748046875 24.0869140625 0.263671875 2.033203125
map_2 56 1 5 5 5 1 1 0.003533542 0.001039708 0.0035486668 0.00103975 0.003534 0.001037 0.003548 0.0010378 18134 2894 4250 1359 200510 1032019 488 461246 223199 2894 28.751953125 6.6357421875 0.28125 1.423828125
map_3 56 0 5 5 5 1 1 0.002293959 0.004021666 0.0022966002 0.0040228166 0.002291 0.004019 0.002294 0.0040208 12170 9543 1199 2045 80750 4919783 337 1044615 133797 9543 13.8544921875 9.9853515625 0.2197265625 1.306640625
map_4 56 1 5 5 5 1 1 0.002118625 0.009582791 0.0021217666 0.0095870248 0.002118 0.009582 0.0021212 0.0095854 10931 9848 827 4041 104323 10704114 36 4081245 116582 9848 12.0380859375 19.7314453125 0.2255859375 1.798828125
map_5 56 0 5 5 5 1 1 0.003896625 0.001947625 0.0039052668 0.0019475418 0.003896 0.001945 0.0039036 0.0019448 20248 4287 3449 1742 178190 2115513 339 758161 250813 4287 24.8408203125 8.505859375 0.2138671875 1.435546875
map_6 56 1 5 5 5 1 1 0.00287625 0.000635708 0.002880975 0.0006362918 0.002877 0.000636 0.0028786 0.0006354 15227 3819 1981 829 167996 665673 239 171754 154651 3819 17.6728515625 4.0478515625 0.31640625 1.4208984375
map_7 56 0 5 5 5 1 1 0.002823042 0.002339708 0.0028245416 0.00233795 0.002823 0.002337 0.0028228 0.0023352 14452 6059 1773 1904 151719 2516232 144 905692 188840 6059 16.6572265625 9.296875 0.216796875 1.5849609375
map_8 56 1 5 5 5 1 1 0.003665458 0.004508125 0.0036862332 0.0045072834 0.003663 0.004508 0.0036834 0.0045072 19562 19861 4482 1833 163915 5569343 406 839820 219054 19861 29.884765625 8.9501953125 0.2138671875 1.8720703125
map_9 56 0 5 5 5 1 1 0.003771458 0.000616834 0.0037563834 0.0006165834 0.00377 0.000615 0.003748 0.000615 18146 5384 5304 746 234558 618774 321 139118 212466 5384 33.8984375 3.642578125 0.2666015625 1.400390625
map_0 57 0 5 5 5 1 1 0.001549333 0.005478459 0.0015695334 0.005480717 0.00155 0.005478 0.0015664 0.0054802 8104 41866 1328 2479 82551 5711627 14 1535680 94919 41866 14.484375 12.1044921875 0.2021484375 1.69921875
map_1 57 1 5 5 5 1 1 0.002768834 0.000340417 0.0027708084 0.0003419834 0.002768 0.00034 0.0027698 0.0003416 14202 1518 2187 743 180951 318515 473 138000 166172 1518 18.6787109375 3.6279296875 0.28125 1.3828125
map_2 57 0 5 5 5 1 1 0.003637583 0.001669041 0.0036645084 0.0016690084 0.003637 0.001669 0.003664 0.0016686 18568 3745 5042 1725 214097 1710787 559 743334 236232 3745 32.619140625 8.4228515625 0.2607421875 1.4736328125
map_3 57 1 5 5 5 1 1 0.001852417 0.00783775 0.0018641418 0.007846475 0.001851 0.007837 0.0018638 0.007846 9683 8957 1920 3570 96631 8887672 77 3185248 113124 8956 17.375 17.431640625 0.2255859375 1.576171875
map_4 57 0 5 5 5 1 1 0.001980375 0.012087875 0.0019808834 0.012087717 0.00198 0.012087 0.0019804 0.0120876 10018 11968 809 4500 130495 13670571 50 5061832 117084 11967 11.9501953125 21.97265625 0.2080078125 2.009765625
map_5 57 1 5 5 5 1 1 0.003731917 0.014075334 0.0037447834 0.0140894166 0.003731 0.014076 0.0037438 0.0140894 19314 29956 3237 4800 171780 15557982 485 5759202 212341 29954 23.8056640625 23.4375 0.240234375 2.2177734375
map_6 57 0 5 5 5 1 1 0.002623292 0.006122542 0.0026328836 0.0061254332 0.002621 0.006123 0.0026316 0.0061248 13796 30190 2276 2648 121995 6900808 216 1752967 157911 30189 19.11328125 12.9296875 0.228515625 2.009765625
map_7 57 1 5 5 5 1 1 0.00297925 0.008386167 0.0029891748 0.0083935664 0.002977 0.008385 0.0029876 0.0083926 15091 11394 2769 3510 192121 9755422 140 3078459 194507 11394 21.5205078125 17.138671875 0.234375 1.67578125
map_8 57 0 5 5 5 1 1 0.002482666 0.002146917 0.0024791416 0.0021472418 0.002473 0.002144 0.0024724 0.0021456 12314 37282 1564 1003 147622 1915683 47 251247 154322 37282 15.63671875 4.8974609375 0.2373046875 1.4296875
map_9 57 1 5 5 5 1 1 0.002764917 0.005074459 0.0027772748 0.0050764502 0.002762 0.005072 0.0027742 0.0050742 13794 24718 2301 2443 204174 5672424 80 1490985 165220 24718 19.2353515625 11.9287109375 0.2138671875 1.4765625
map_0 58 1 5 5 5 1 1 0.002620417 0.000378041 0.002626375 0.0003786582 0.002617 0.000378 0.0026244 0.000378 13687 1549 2956 810 137462 350595 561 163904 151073 1549 22.43359375 3.955078125 0.24609375 1.3857421875
map_1 58 0 5 5 5 1 1 0.002544125 0.000768 0.0025537834 0.0007688168 0.002542 0.000766 0.0025518 0.0007678 13343 2666 1567 999 119919 853210 17 249496 163231 2666 15.6513671875 4.8779296875 0.2314453125 1.4765625
map_2 58 1 5 5 5 1 1 0.003819875 0.0020485 0.0038355164 0.00204965 0.00382 0.002046 0.0038338 0.002047 19756 5242 4474 1746 172316 2234530 290 761506 236053 5241 29.845703125 8.525390625 0.3046875 1.5146484375
map_3 58 0 5 5 5 1 1 0.001674958 0.001214125 0.0016833084 0.0012152834 0.001675 0.001214 0.0016792 0.0012144 8691 4302 1000 1046 71936 1459156 51 273240 103761 4302 12.8828125 5.107421875 0.193359375 1.3564453125
map_4 58 1 5 5 5 1 1 0.002525 0.000256958 0.0025304664 0.000257192 0.002525 0.000256 0.0025294 0.0002566 13110 1095 2547 740 133824 211028 242 136823 155348 1095 20.4365234375 3.61328125 0.22265625 1.3564453125
map_5 58 0 5 5 5 1 1 0.002468209 0.000850542 0.0024743918 0.0008513168 0.002468 0.00085 0.002472 0.0008498 12994 10879 1610 884 111815 768311 224 195334 156633 10879 15.861328125 4.31640625 0.216796875 1.447265625
map_6 58 1 5 5 5 1 1 0.004108667 0.017045791 0.0041274084 0.0170448836 0.004105 0.017043 0.004125 0.0170422 21410 21592 5683 4834 241143 20427808 224 5839697 241179 21589 35.7490234375 23.603515625 0.328125 1.6494140625
map_7 58 0 5 5 5 1 1 0.002929708 0.00152575 0.0029399084 0.0015249084 0.002927 0.001523 0.0029382 0.0015234 15270 5591 2563 1338 192288 1721103 192 447451 185304 5591 20.5146484375 6.533203125 0.275390625 1.7138671875
map_8 58 1 5 5 5 1 1 0.003826958 0.000702958 0.003867633 0.0007059082 0.003823 0.000703 0.0038612 0.0007048 20199 4811 3566 952 194387 702888 278 226510 221735 4811 25.412109375 4.6484375 0.2373046875 1.5703125
map_9 58 0 5 5 5 1 1 0.002905083 0.002729125 0.00291275 0.0027294168 0.002904 0.002726 0.0029116 0.002727 14755 12466 3092 1971 217990 2895100 272 971055 165566 12466 23.09765625 9.6240234375 0.26953125 1.9833984375
map_0 59 0 5 5 5 1 1 0.002461791 0.001550333 0.0024531914 0.0015499582 0.002461 0.001547 0.0024528 0.0015478 12682 3826 2773 1588 136973 1634578 363 630226 154614 3826 21.5400390625 7.75390625 0.216796875 1.58203125
map_1 59 1 5 5 5 1 1 0.003095958 0.012185792 0.0030870498 0.0122037588 0.003095 0.012185 0.0030854 0.012201 15713 12273 1890 4266 205195 13802700 142 4547784 181032 12272 17.228515625 20.830078125 0.2431640625 1.3828125
map_2 59 0 5 5 5 1 1 0.003595 0.017563416 0.0036030586 0.017624375 0.003591 0.017556 0.003601 0.017604 18425 15746 4879 5191 179321 20403835 418 6734129 231494 15745 31.8232421875 25.3466796875 0.228515625 1.7548828125
map_3 59 1 5 5 5 1 1 0.002801125 0.001655667 0.0028695002 0.0016571834 0.002801 0.001654 0.0028688 0.0016554 14628 3882 2241 1595 144503 1844086 190 635449 155232 3881 18.9423828125 7.7880859375 0.2255859375 1.4765625
map_4 59 0 5 5 5 1 1 0.002631333 0.000295125 0.0026436916 0.0002950502 0.002628 0.000293 0.0026414 0.0002936 13974 1252 2574 762 135042 256190 28 145081 149433 1252 20.568359375 3.720703125 0.2109375 1.3828125
map_5 59 1 5 5 5 1 1 0.002066917 0.009021708 0.0020670834 0.0090335748 0.002064 0.009021 0.0020632 0.0090308 10899 27728 1039 3439 84265 10370804 124 2955943 120064 27728 13.0732421875 16.7919921875 0.2197265625 1.8544921875
map_6 59 0 5 5 5 1 1 0.00253925 0.000972583 0.0025534916 0.0009723666 0.002536 0.000971 0.002551 0.0009712 13090 4953 2030 1223 160648 954791 4 373689 142272 4953 17.912109375 5.9716796875 0.2138671875 1.4970703125
map_7 59 1 5 5 5 1 1 0.002753333 0.0195455 0.002736125 0.0195315082 0.002752 0.019541 0.002735 0.019529 13858 16484 3000 5535 118323 22710856 511 7657746 174571 16481 22.6484375 27.0263671875 0.251953125 1.7607421875
map_8 59 0 5 5 5 1 1 0.002048708 0.000878458 0.0020613336 0.0008777668 0.002046 0.000876 0.0020594 0.0008756 11204 2742 1981 1111 89654 967090 13 308270 124028 2742 17.6728515625 5.4248046875 0.216796875 1.435546875
map_9 59 1 5 5 5 1 1 0.003102209 0.00655775 0.0031068254 0.0065527582 0.003099 0.006532 0.0031038 0.0065458 15877 48556 2008 1737 266227 8005800 74 754150 159157 48556 17.8046875 8.4814453125 0.2431640625 1.787109375
map_0 60 1 5 5 5 1 1 0.001156292 0.000808625 0.0011590254 0.0008040748 0.001156 0.000806 0.0011576 0.0008024 6067 2543 483 1108 61828 811777 52 306555 72024 2543 10.3583984375 5.41015625 0.1845703125 1.34765625
map_1 60 0 5 5 5 1 1 0.002544292 0.00498825 0.002550792 0.0049879416 0.002541 0.004985 0.0025484 0.0049848 13435 8126 2521 2813 121252 5724772 296 1977030 175259 8126 20.3095703125 13.7353515625 0.2724609375 1.541015625
map_2 60 1 5 5 5 1 1 0.003523875 0.000270833 0.0035312916 0.0002708084 0.003524 0.000268 0.0035292 0.00027 18394 1241 3870 693 207155 243858 108 120054 219057 1241 26.896484375 3.3837890625 0.2197265625 1.4208984375
map_3 60 0 5 5 5 1 1 0.002581167 0.000739 0.00259405 0.000739725 0.002579 0.000738 0.0025904 0.000739 14031 2205 2588 1197 95344 698287 326 357763 160877 2205 20.63671875 5.8447265625 0.2783203125 1.34765625
map_4 60 1 5 5 5 1 1 0.002840584 0.015132542 0.0028514 0.0151358916 0.00284 0.01513 0.0028496 0.0151338 15050 13517 2495 4966 154204 17810780 230 6165272 174965 13516 20.1826171875 24.248046875 0.2607421875 2.3525390625
map_5 60 0 5 5 5 1 1 0.003745208 0.006612875 0.0037788 0.0066141834 0.003742 0.00661 0.0037744 0.006611 19946 21082 3457 2666 139959 8109964 180 1776232 248602 21081 24.8798828125 13.017578125 0.2958984375 1.787109375
map_6 60 1 5 5 5 1 1 0.002369583 0.001637583 0.002375975 0.0016385166 0.002369 0.001636 0.0023736 0.0016366 12683 4209 1958 1653 137608 1788233 18 682410 135258 4209 17.560546875 8.0712890625 0.2138671875 1.412109375
map_7 60 0 5 5 5 1 1 0.002589709 0.003288792 0.0025890166 0.0032930334 0.002589 0.003286 0.0025866 0.00329 13669 5636 1899 2384 132729 3622306 117 1419819 156809 5636 17.2724609375 11.640625 0.2578125 1.470703125
map_8 60 1 5 5 5 1 1 0.002249833 0.0038955 0.0022546166 0.0038973414 0.002248 0.003894 0.0022524 0.0038956 12132 6750 2229 2638 91442 4250267 102 1738962 141607 6750 18.8837890625 12.880859375 0.193359375 1.4267578125
map_9 60 0 5 5 5 1 1 0.004127792 0.00103625 0.0041433086 0.001037575 0.004128 0.001034 0.0041414 0.0010356 21002 5233 4875 1184 281510 1093021 171 350433 255922 5233 31.8037109375 5.78125 0.2578125 1.44140625
map_0 61 0 5 5 5 1 1 0.001764958 0.001539417 0.001772208 0.0015391832 0.001761 0.001536 0.0017688 0.001536 9272 3669 1412 1544 112380 1697895 57 595311 108826 3668 14.89453125 7.5390625 0.216796875 1.2919921875
map_1 61 1 5 5 5 1 1 0.002758417 0.002901333 0.00276725 0.0029025498 0.002754 0.002899 0.0027648 0.0028998 14368 5625 1694 2057 187918 3359872 257 1057262 174364 5625 16.271484375 10.0439453125 0.2724609375 1.5439453125
map_2 61 0 5 5 5 1 1 0.003324417 0.002866125 0.003304825 0.0028663332 0.003321 0.002863 0.0033014 0.0028634 16827 32930 3246 865 211286 3225711 311 187043 207056 32930 23.849609375 4.2236328125 0.3046875 1.4853515625
map_3 61 1 5 5 5 1 1 0.002416375 0.001056375 0.0024193832 0.0010561918 0.002413 0.001054 0.0024168 0.0010546 12353 3431 1197 1333 181029 1089437 232 443837 138660 3431 13.8447265625 6.5087890625 0.216796875 1.4296875
map_4 61 0 5 5 5 1 1 0.002006083 0.000543083 0.0020098748 0.0005436918 0.002003 0.000543 0.0020076 0.000543 10688 1742 1022 1020 108050 521854 51 259794 91485 1742 12.990234375 4.98046875 0.240234375 1.34765625
map_5 61 1 5 5 5 1 1 0.0025205 0.003119792 0.0025345416 0.0031215334 0.002517 0.003116 0.0025316 0.0031182 13292 32990 1803 1271 170900 3507760 91 403687 150157 32990 16.8037109375 6.2060546875 0.19921875 1.7900390625
map_6 61 0 5 5 5 1 1 0.002988208 0.009080667 0.0029953998 0.009092 0.002988 0.009078 0.0029926 0.0090894 16055 26911 2812 3275 166509 10980973 125 2680100 168884 26911 21.73046875 15.9912109375 0.28125 1.4091796875
map_7 61 1 5 5 5 1 1 0.002808625 0.001913709 0.0028231002 0.0019139668 0.002808 0.001912 0.0028206 0.0019112 14938 5033 2901 1692 140267 2133235 213 715193 186685 5033 22.1650390625 8.26171875 0.287109375 1.552734375
map_8 61 0 5 5 5 1 1 0.003212 0.001221875 0.0032253252 0.0012199582 0.003209 0.001219 0.0032226 0.001218 17396 3712 3462 1346 118295 1332634 166 452579 236908 3712 24.904296875 6.572265625 0.2548828125 1.44140625
map_9 61 1 5 5 5 1 1 0.003415875 0.0044795 0.00341845 0.0044822082 0.003414 0.004479 0.0034144 0.0044794 16880 27135 2942 2333 269507 4944976 295 1360705 205112 27133 22.365234375 11.3916015625 0.2548828125 1.8193359375
map_0 62 1 5 5 5 1 1 0.002155 0.001168083 0.002160625 0.001166675 0.002152 0.001167 0.002158 0.0011654 11305 3141 1155 1388 125652 1194057 175 481378 121156 3141 13.6396484375 6.77734375 0.2080078125 1.505859375
map_1 62 0 5 5 5 1 1 0.003562792 0.00023425 0.0035644248 0.0002343252 0.003559 0.000233 0.0035614 0.0002336 18472 1041 2934 708 267899 193981 423 125314 222169 1041 22.326171875 3.45703125 0.2314453125 1.3681640625
map_2 62 1 5 5 5 1 1 0.003352041 0.009279625 0.0033651914 0.0092807998 0.003351 0.009277 0.0033648 0.0092784 17502 10962 4724 3893 198959 10764801 478 3786989 220367 10961 31.06640625 19.0087890625 0.29296875 1.4970703125
map_3 62 0 5 5 5 1 1 0.002591583 0.000330208 0.0026056666 0.0003304502 0.002589 0.00033 0.002603 0.00033 13838 1330 2400 826 121581 289028 159 170553 154551 1330 19.71875 4.033203125 0.2109375 1.4267578125
map_4 62 1 5 5 5 1 1 0.002364041 0.00255675 0.0023645998 0.0025547916 0.002361 0.002552 0.002362 0.0025512 12457 4637 2001 2188 124192 2690774 489 1195966 128520 4637 17.7705078125 10.68359375 0.2197265625 1.5439453125
map_5 62 0 5 5 5 1 1 0.002222 0.001155208 0.0022255082 0.0011565334 0.002219 0.001153 0.0022226 0.0011554 11673 3243 1756 1375 132389 1225415 15 472653 136961 3243 16.57421875 6.7138671875 0.2958984375 1.658203125
map_6 62 1 5 5 5 1 1 0.002926917 0.004500417 0.0029177416 0.0045104584 0.002917 0.004497 0.0029106 0.0045072 15225 7654 3537 2824 136197 4937998 105 1992450 164579 7654 25.2705078125 13.7890625 0.26953125 1.3740234375
map_7 62 0 5 5 5 1 1 0.004705416 0.009268667 0.0047147414 0.0092702084 0.004705 0.009264 0.0047136 0.009266 23431 11513 5454 3820 301674 10860575 616 3647993 283023 11512 34.630859375 18.65234375 0.2900390625 2.1650390625
map_8 62 1 5 5 5 1 1 0.003726042 0.02070375 0.0037253086 0.0207339832 0.003723 0.0207 0.0037222 0.0207256 19621 26154 3455 5371 169078 25305845 433 7211131 249160 26154 24.8701171875 26.2255859375 0.2197265625 2.3349609375
map_9 62 0 5 5 5 1 1 0.003599333 0.003222125 0.0036127416 0.0032208584 0.003598 0.003219 0.0036098 0.0032182 18297 7620 3926 1956 261819 3899957 520 956346 212285 7620 27.169921875 9.55078125 0.2431640625 1.5791015625
map_0 63 0 5 5 5 1 1 0.001962542 0.000339209 0.0019593748 0.0003402836 0.00196 0.000339 0.0019568 0.0003392 10422 1369 1978 818 99873 304796 268 167171 114329 1369 17.658203125 3.994140625 0.22265625 1.359375
map_1 63 1 5 5 5 1 1 0.00198375 0.000228375 0.0019988418 0.0002287252 0.001983 0.000228 0.0019968 0.0002284 10641 1149 2217 659 91372 195658 70 108549 127481 1149 18.8251953125 3.2177734375 0.1962890625 1.3330078125
map_2 63 0 5 5 5 1 1 0.003359666 0.001469 0.003369 0.0014696332 0.003356 0.001466 0.0033668 0.0014676 17800 3630 4562 1643 154139 1508886 149 674190 219825 3630 30.275390625 8.0224609375 0.287109375 1.3330078125
map_3 63 1 5 5 5 1 1 0.002557417 0.003027333 0.0025695502 0.0030285414 0.002558 0.003025 0.002568 0.0030262 13496 6636 2390 1962 129557 3621735 46 962315 167028 6636 19.669921875 9.580078125 0.2109375 1.6259765625
map_4 63 0 5 5 5 1 1 0.001748292 0.001408 0.001757433 0.0014086668 0.001749 0.001407 0.0017552 0.0014076 9041 4044 894 1410 123499 1576704 10 496758 100576 4044 12.365234375 6.884765625 0.2021484375 1.576171875
map_5 63 1 5 5 5 1 1 0.002702583 0.001732459 0.0027145834 0.0017325584 0.0027 0.001732 0.0027114 0.0017324 14099 5869 2368 1437 171133 2017495 297 515964 164459 5869 19.5625 7.0166015625 0.2666015625 1.5791015625
map_6 63 0 5 5 5 1 1 0.0029235 0.002302083 0.0029401918 0.002302575 0.002924 0.0023 0.0029376 0.0023002 15851 7468 3264 1563 156321 2769299 282 610311 178386 7468 23.9375 7.6318359375 0.26953125 1.6494140625
map_7 63 1 5 5 5 1 1 0.003138209 0.001908084 0.0031472666 0.0019075836 0.003138 0.001905 0.0031452 0.001905 16021 5714 2512 1605 174937 2116877 60 643747 203324 5714 20.265625 7.8369140625 0.287109375 1.6318359375
map_8 63 0 5 5 5 1 1 0.00257225 0.002133 0.0025705666 0.002133425 0.002568 0.00213 0.0025642 0.0021314 12834 4803 1406 1811 126104 2328277 110 819923 148777 4803 14.865234375 8.8427734375 0.2373046875 1.505859375
map_9 63 1 5 5 5 1 1 0.00324175 0.004575083 0.003252058 0.0045781916 0.003238 0.004572 0.0032492 0.0045748 16712 18545 3517 2230 219344 5398857 151 1243111 182350 18544 25.1728515625 10.888671875 0.2841796875 2.0185546875
map_0 64 1 5 5 5 1 1 0.00153625 0.015882458 0.0015456168 0.0158833584 0.001533 0.01588 0.001544 0.0158788 8072 69099 897 4338 92307 18540937 93 4703799 87684 69099 12.3798828125 21.181640625 0.1728515625 2.0947265625
map_1 64 0 5 5 5 1 1 0.002508 0.000359791 0.0025204502 0.0003602582 0.002508 0.000359 0.0025164 0.0003602 12435 1457 1493 822 160981 332980 184 168867 148731 1457 15.2900390625 4.013671875 0.2109375 1.39453125
map_2 64 1 5 5 5 1 1 0.003595417 0.001367709 0.0035858334 0.0013731834 0.003595 0.001367 0.003585 0.0013708 18877 3707 4887 1414 182283 1484426 144 499565 230736 3707 31.8623046875 6.904296875 0.2900390625 1.5322265625
map_3 64 0 5 5 5 1 1 0.002507667 0.000216375 0.0025131084 0.0002166084 0.002504 0.000215 0.0025106 0.0002158 12701 1044 1417 659 154113 173803 119 108567 149591 1044 14.9189453125 3.2177734375 0.216796875 1.4208984375
map_4 64 1 5 5 5 1 1 0.002599 0.004695708 0.0026157502 0.00470445 0.002598 0.004695 0.0026138 0.0047008 13673 12487 1501 2399 145473 5480757 474 1437977 134327 12487 15.3291015625 11.7138671875 0.234375 1.7900390625
map_5 64 0 5 5 5 1 1 0.00349975 0.00344625 0.0035082086 0.0034534414 0.003497 0.003446 0.0035054 0.0034506 18755 58318 3814 903 170856 3303417 211 203800 204135 58318 26.623046875 4.4091796875 0.1845703125 1.4384765625
map_6 64 1 5 5 5 1 1 0.002812916 0.0078255 0.002840283 0.0078391498 0.00281 0.007806 0.0028358 0.0078272 14758 48860 3238 3163 145166 8179795 69 2500797 164706 48860 23.810546875 15.4443359375 0.310546875 2.1240234375
map_7 64 0 5 5 5 1 1 0.003087 0.000481583 0.0031076832 0.0004932832 0.003085 0.000482 0.0031054 0.0004924 16073 1625 2971 936 169516 447119 199 218776 197342 1625 22.5068359375 4.5703125 0.251953125 1.3359375
map_8 64 1 5 5 5 1 1 0.001975333 0.004119167 0.0019916998 0.0041089164 0.001972 0.004119 0.0019882 0.0041088 10500 18363 1360 1977 77768 4798316 1 976235 138378 18363 14.640625 9.6533203125 0.193359375 1.3125
map_9 64 0 5 5 5 1 1 0.003193125 0.001479791 0.0032007832 0.0014819918 0.003191 0.00148 0.003199 0.0014808 16073 5568 3377 1313 208548 1665552 223 430959 190623 5568 24.4892578125 6.4111328125 0.216796875 1.728515625
map_0 65 0 5 5 5 1 1 0.002114875 0.003488292 0.002119617 0.0034854582 0.002114 0.003486 0.0021182 0.0034844 10828 6324 1811 2263 110120 3936090 266 1279868 130527 6323 16.8427734375 11.0498046875 0.2109375 1.8310546875
map_1 65 1 5 5 5 1 1 0.003761041 0.000513 0.0037738746 0.0005120332 0.00376 0.000511 0.0037728 0.0005114 19512 1652 4016 1012 236530 462544 572 255716 222246 1652 27.609375 4.94140625 0.2724609375 1.3271484375
map_2 65 0 5 5 5 1 1 0.002568292 0.002429583 0.0025803334 0.0024361084 0.002565 0.002427 0.002578 0.0024318 13401 4934 3053 1946 116204 2664263 33 946009 167446 4934 22.9072265625 9.501953125 0.2958984375 1.5439453125
map_3 65 1 5 5 5 1 1 0.002593042 0.000273125 0.0025946834 0.0002734416 0.00259 0.000273 0.0025932 0.0002732 13122 1153 1462 785 145768 223863 37 154022 157716 1153 15.138671875 3.8330078125 0.2373046875 1.388671875
map_4 65 0 5 5 5 1 1 0.002564125 0.000441458 0.0026118668 0.0004413416 0.002564 0.000441 0.0026078 0.0004406 13191 1613 1755 913 128825 412358 218 208232 148205 1613 16.5693359375 4.4580078125 0.263671875 1.400390625
map_5 65 1 5 5 5 1 1 0.002970167 0.00393225 0.0029880334 0.00395375 0.002967 0.003928 0.002986 0.0039506 15776 12324 3081 2198 146947 4625665 156 1207413 186000 12324 23.0439453125 10.732421875 0.22265625 2.02734375
map_6 65 0 5 5 5 1 1 0.002190958 0.002647709 0.0021967164 0.0026478334 0.002189 0.002643 0.0021962 0.0026436 11630 7228 1310 1827 127414 3116121 109 833758 123373 7228 14.396484375 8.9208984375 0.2314453125 1.44140625
map_7 65 1 5 5 5 1 1 0.002537416 0.00421125 0.0025463418 0.0042136418 0.002534 0.004205 0.0025434 0.004209 13203 7109 1633 2600 129957 4778516 28 1689044 169106 7109 15.9736328125 12.6953125 0.2607421875 1.5908203125
map_8 65 0 5 5 5 1 1 0.002675416 0.001039208 0.0026886832 0.001039725 0.002672 0.001039 0.002686 0.0010388 14239 2974 1730 1290 127724 1108861 16 415621 165198 2974 16.447265625 6.298828125 0.2666015625 1.4912109375
map_9 65 1 5 5 5 1 1 0.003191625 0.001022083 0.0031970834 0.001023225 0.003192 0.00102 0.0031946 0.0010218 16357 18847 3564 939 277012 861434 270 220417 174813 18847 25.40234375 4.5849609375 0.251953125 1.5615234375
map_0 66 1 5 5 5 1 1 0.001945417 0.003740583 0.0019597082 0.0037419418 0.001942 0.003737 0.0019576 0.0037386 10579 17230 2105 2122 94098 4266862 93 1125709 119860 17229 18.2783203125 10.361328125 0.2373046875 1.7548828125
map_1 66 0 5 5 5 1 1 0.002074542 0.001215083 0.0020875334 0.0012157998 0.002074 0.001213 0.002087 0.0012142 11101 3212 1897 1389 109336 1308652 64 482284 129456 3212 17.2626953125 6.7822265625 0.2548828125 1.4619140625
map_2 66 1 5 5 5 1 1 0.002493291 0.001663375 0.0025046498 0.0016658334 0.002493 0.001662 0.0025034 0.0016626 13143 3904 2544 1602 149187 1848573 183 641381 165346 3903 20.421875 7.822265625 0.228515625 1.5673828125
map_3 66 0 5 5 5 1 1 0.001457292 0.00110675 0.0014590584 0.0011070166 0.001454 0.001105 0.001457 0.0011054 7457 4445 631 1222 91676 1204778 40 373057 89157 4445 11.0810546875 5.966796875 0.2109375 1.552734375
map_4 66 1 5 5 5 1 1 0.001989208 0.000821708 0.0019991998 0.000822375 0.001989 0.000822 0.0019976 0.0008212 10368 2568 1465 1163 136112 851274 42 337830 118260 2568 15.1533203125 5.6787109375 0.2138671875 1.44140625
map_5 66 0 5 5 5 1 1 0.002923583 0.004411791 0.002942575 0.0044215914 0.00292 0.004408 0.0029394 0.004417 15606 7191 2621 2753 137083 4903232 261 1893792 200025 7191 20.7978515625 13.4423828125 0.2783203125 1.6201171875
map_6 66 1 5 5 5 1 1 0.0023195 0.002653792 0.0023293668 0.0026544418 0.002318 0.00265 0.0023264 0.0026508 12336 7649 1563 1830 165443 3105711 84 837197 130606 7648 15.6318359375 8.935546875 0.26953125 1.810546875
map_7 66 0 5 5 5 1 1 0.002350375 0.00160275 0.0023644416 0.0016041498 0.002347 0.001602 0.0023618 0.0016018 12224 3754 1452 1665 139168 1703679 13 692683 148863 3754 15.08984375 8.1298828125 0.2197265625 1.5849609375
map_8 66 1 5 5 5 1 1 0.00368775 0.003910917 0.0037011502 0.0039113168 0.003687 0.003908 0.0036962 0.0039098 19426 7367 4683 2236 171689 4736043 439 1249870 235223 7367 30.8662109375 10.91796875 0.31640625 2.2265625
map_9 66 0 5 5 5 1 1 0.002719208 0.00176975 0.0027073082 0.0017705664 0.002713 0.001767 0.0026978 0.001768 13590 7746 2718 1531 195286 1928979 471 585762 141236 7746 21.271484375 7.4755859375 0.1904296875 1.6552734375
map_0 67 0 5 5 5 1 1 0.001235583 0.000272042 0.00124645 0.0002724666 0.001235 0.000272 0.0012444 0.0002724 6416 1279 1018 710 62805 233489 159 126015 80135 1279 12.970703125 3.466796875 0.1845703125 1.37109375
map_1 67 1 5 5 5 1 1 0.002102166 0.004455375 0.0021068666 0.004461675 0.002099 0.004453 0.002105 0.0044592 10987 6880 1621 2684 94543 4951020 6 1800824 136967 6880 15.9150390625 13.10546875 0.251953125 1.8896484375
map_2 67 0 5 5 5 1 1 0.002673666 0.002357542 0.0026815748 0.0023586166 0.002674 0.002355 0.0026808 0.0023566 13748 5249 2919 1817 140580 2665250 43 824716 152928 5249 22.2529296875 8.8720703125 0.2138671875 1.5234375
map_3 67 1 5 5 5 1 1 0.001363542 0.00062825 0.0013699248 0.000629075 0.001363 0.000625 0.0013682 0.0006278 7086 2259 970 1017 70348 612316 87 258326 75391 2259 12.736328125 4.9658203125 0.1845703125 1.4384765625
map_4 67 0 5 5 5 1 1 0.002356708 0.004456875 0.0023732332 0.0044589666 0.002357 0.004457 0.002373 0.0044576 12217 7068 1939 2573 123135 5083993 58 1654571 143770 7068 17.4677734375 12.5634765625 0.1904296875 1.67578125
map_5 67 1 5 5 5 1 1 0.003732417 0.005067375 0.0037551418 0.0050650082 0.003732 0.005064 0.0037538 0.0050626 19654 33483 4758 1854 174059 6043747 932 858575 219380 33483 31.232421875 9.052734375 0.298828125 1.505859375
map_6 67 0 5 5 5 1 1 0.003358875 0.001904042 0.0033937832 0.0019063084 0.003359 0.001904 0.00339 0.0019048 17377 14981 2750 1478 195352 1992399 161 545551 184204 14981 21.427734375 7.216796875 0.2109375 1.4150390625
map_7 67 1 5 5 5 1 1 0.003346208 0.000789083 0.0033529912 0.000791483 0.003343 0.000786 0.0033516 0.00079 17040 2746 3068 1046 201669 831596 184 273270 211416 2746 22.98046875 5.107421875 0.26953125 1.4794921875
map_8 67 0 5 5 5 1 1 0.002215917 0.001832458 0.0022130836 0.0018385166 0.002215 0.001832 0.0022114 0.0018384 11815 7020 1618 1318 88877 2166250 63 434216 126343 7019 15.900390625 6.435546875 0.216796875 1.7197265625
map_9 67 1 5 5 5 1 1 0.002231042 0.00362525 0.0022380252 0.0036257834 0.002231 0.003622 0.0022358 0.003623 11376 73794 1355 1094 197740 3220702 44 299054 115585 73794 14.6162109375 5.341796875 0.2490234375 1.552734375
map_0 68 1 5 5 5 1 1 0.001901125 0.001551417 0.0019086002 0.0015537666 0.001899 0.001551 0.0019068 0.0015524 10061 4068 1620 1503 101015 1741211 159 564511 110197 4068 15.91015625 7.3388671875 0.2080078125 1.6962890625
map_1 68 0 5 5 5 1 1 0.00333425 0.008982125 0.0033595834 0.0089955166 0.003331 0.008979 0.0033572 0.008993 17472 10099 3769 3779 210559 10521439 241 3569949 213820 10099 26.4033203125 18.4521484375 0.2607421875 1.458984375
map_2 68 1 5 5 5 1 1 0.00315325 0.000534208 0.0031727002 0.0005339582 0.003153 0.000534 0.0031702 0.0005332 16656 1985 3397 938 192410 532707 178 219723 192273 1985 24.5869140625 4.580078125 0.287109375 1.3623046875
map_3 68 0 5 5 5 1 1 0.002414542 0.001376125 0.0024236502 0.0013768584 0.002411 0.001376 0.0024214 0.0013762 12895 3533 1480 1524 103894 1462422 248 580532 154921 3533 15.2265625 7.44140625 0.19921875 1.658203125
map_4 68 1 5 5 5 1 1 0.002267916 0.017220708 0.0022794996 0.0172177418 0.002265 0.017215 0.0022774 0.017214 12104 45696 1582 4325 119581 21442452 257 4675388 135870 45696 15.724609375 21.1181640625 0.2431640625 1.8955078125
map_5 68 0 5 5 5 1 1 0.003425292 0.003899042 0.0034158916 0.0039006084 0.003422 0.003895 0.003413 0.0038976 18017 34066 3431 1725 187841 4304816 197 743808 189275 34066 24.7529296875 8.4228515625 0.2958984375 1.529296875
map_6 68 1 5 5 5 1 1 0.002700208 0.012152375 0.0027164832 0.0121576332 0.002697 0.012149 0.0027136 0.0121534 14590 16300 2801 4055 156047 14905100 22 4109184 147669 16300 21.6767578125 19.7998046875 0.26953125 1.5908203125
map_7 68 0 5 5 5 1 1 0.002776917 0.005445208 0.0027888586 0.0054432166 0.002776 0.005444 0.0027856 0.0054412 14019 7679 1822 2949 159523 6276403 301 2173998 169300 7679 16.896484375 14.3994140625 0.26953125 1.787109375
map_8 68 1 5 5 5 1 1 0.002390583 0.006360625 0.0023943916 0.0063636336 0.002389 0.006359 0.0023926 0.0063612 12836 16021 2036 2523 106306 8026702 50 1590483 151011 16020 17.94140625 12.3193359375 0.22265625 1.412109375
map_9 68 0 5 5 5 1 1 0.001906875 0.001572417 0.0019119166 0.0015722586 0.001903 0.00157 0.001911 0.0015698 9465 32551 1281 783 161686 1289048 37 153240 102116 32551 14.2548828125 3.8232421875 0.1875 1.3857421875
map_0 69 0 5 5 5 1 1 0.002011667 0.003438417 0.0020243584 0.0034397084 0.002009 0.003435 0.002021 0.003437 10565 6100 2001 2245 101743 3911608 24 1259446 123383 6100 17.7705078125 10.9619140625 0.2314453125 1.587890625
map_1 69 1 5 5 5 1 1 0.002703375 0.004257125 0.0027032916 0.004256325 0.002701 0.004254 0.0027012 0.004254 13507 6183 915 2708 175971 4625698 179 1832930 166840 6182 12.4677734375 13.22265625 0.2109375 1.798828125
map_2 69 0 5 5 5 1 1 0.004019708 0.000608834 0.004032975 0.0006091754 0.004016 0.000607 0.0040312 0.0006076 20730 2085 6299 997 202499 603468 604 248417 250125 2085 38.7568359375 4.8681640625 0.26953125 1.5673828125
map_3 69 1 5 5 5 1 1 0.001991083 0.002264667 0.0019936082 0.0022509582 0.001992 0.002263 0.001991 0.0022494 10179 5287 1325 1872 103957 2353803 41 875534 119992 5287 14.4697265625 9.140625 0.1875 1.5439453125
map_4 69 0 5 5 5 1 1 0.002676791 0.000809333 0.0026857998 0.0008094084 0.002674 0.000808 0.0026832 0.000808 13987 2460 1709 1170 175809 810202 157 341986 161132 2459 16.3447265625 5.712890625 0.2255859375 1.482421875
map_5 69 1 5 5 5 1 1 0.003528708 0.023728958 0.0035489078 0.0237227332 0.003526 0.023704 0.003547 0.0237074 18698 78623 2899 5595 192585 26612933 54 7823752 224302 78621 22.1552734375 27.3193359375 0.275390625 1.65234375
map_6 69 0 5 5 5 1 1 0.003247708 0.000977958 0.0032557918 0.0009793664 0.003245 0.000978 0.0032544 0.000978 16702 3900 3796 1218 171389 999924 337 370515 189796 3900 26.53515625 5.947265625 0.2958984375 1.482421875
map_7 69 1 5 5 5 1 1 0.002630917 0.000897459 0.0026362918 0.000896192 0.00263 0.000895 0.0026308 0.0008958 13243 2509 1342 1294 158694 864073 113 418246 164933 2509 14.552734375 6.318359375 0.2373046875 1.470703125
map_8 69 0 5 5 5 1 1 0.003630416 0.000682208 0.0036533416 0.0006826918 0.003627 0.000682 0.0036512 0.000682 18635 2243 3693 1051 210528 686593 457 275849 216882 2243 26.0322265625 5.1318359375 0.228515625 1.39453125
map_9 69 1 5 5 5 1 1 0.001953708 0.001625375 0.0019658 0.0016255416 0.00195 0.001625 0.0019644 0.0016256 9666 6362 1216 1367 137905 1831663 3 466900 106368 6362 13.9375 6.6748046875 0.193359375 1.634765625
map_0 70 1 5 5 5 1 1 0.002054125 0.00146775 0.0020644586 0.0014697582 0.002051 0.001467 0.0020614 0.0014684 10849 3690 2348 1525 98505 1557025 231 580774 128786 3690 19.46484375 7.4462890625 0.263671875 1.359375
map_1 70 0 5 5 5 1 1 0.003397709 0.001197041 0.0034153334 0.00119735 0.003398 0.001196 0.0034138 0.0011964 18112 3392 4883 1376 165463 1283143 328 472955 220822 3392 31.8427734375 6.71875 0.251953125 1.4443359375
map_2 70 1 5 5 5 1 1 0.002905084 0.000665083 0.002916017 0.0006685416 0.002903 0.000662 0.0029134 0.0006666 15255 2351 3855 1025 164259 683703 249 262440 193727 2351 26.8232421875 5.0048828125 0.22265625 1.447265625
map_3 70 0 5 5 5 1 1 0.001048167 0.004106125 0.0010533584 0.00410705 0.001047 0.004103 0.001052 0.0041044 5532 8123 653 2459 46901 4764847 11 1511185 63657 8123 11.1884765625 12.0068359375 0.169921875 1.8779296875
map_4 70 1 5 5 5 1 1 0.002708917 0.003951583 0.0027162414 0.0039518168 0.002705 0.003949 0.0027132 0.0039496 14037 8092 2172 2466 170884 4506981 236 1520188 166615 8092 18.60546875 12.041015625 0.1904296875 1.986328125
map_5 70 0 5 5 5 1 1 0.002511625 0.005749584 0.0025209664 0.005748875 0.002508 0.00575 0.0025184 0.005747 13295 72311 2689 1283 147810 6312703 121 411105 157846 72310 21.1298828125 6.2646484375 0.2548828125 1.5146484375
map_6 70 1 5 5 5 1 1 0.003203833 0.00355075 0.0032284998 0.003551575 0.003201 0.003547 0.0032264 0.0035484 17163 6647 4658 2319 167381 4085383 35 1344185 194898 6647 30.744140625 11.3232421875 0.263671875 1.9833984375
map_7 70 0 5 5 5 1 1 0.00285575 0.001093583 0.0028640582 0.0010932 0.002853 0.001092 0.002861 0.0010922 15175 3449 2573 1226 143803 1216608 205 375347 190170 3449 20.5634765625 5.986328125 0.2578125 1.4326171875
map_8 70 1 5 5 5 1 1 0.002320333 0.008096166 0.0023324002 0.0080980584 0.002319 0.008095 0.0023312 0.0080956 12344 10694 2641 3661 97824 9072929 75 3350428 144672 10694 20.8955078125 17.8759765625 0.2724609375 1.7666015625
map_9 70 0 5 5 5 1 1 0.003165084 0.005006 0.0031879502 0.0050292248 0.003165 0.005003 0.0031856 0.0050244 16464 25158 3444 2649 202760 5131010 178 1754262 181495 25158 24.81640625 12.9345703125 0.2958984375 1.8310546875
map_0 71 0 5 5 5 1 1 0.002184417 0.000361625 0.0021999916 0.0003616332 0.002184 0.000362 0.0021982 0.000361 11479 1201 2429 803 128752 256563 55 161125 128028 1201 19.8603515625 3.9208984375 0.240234375 1.353515625
map_1 71 1 5 5 5 1 1 0.001762666 0.000339625 0.0017727748 0.0003412 0.001762 0.00034 0.0017718 0.0003412 9178 1302 898 813 103893 300063 31 165112 106535 1302 12.384765625 3.9697265625 0.2255859375 1.400390625
map_2 71 0 5 5 5 1 1 0.002686875 0.000287916 0.0027037416 0.000287675 0.002683 0.000287 0.0026978 0.000287 13642 1335 2793 698 115914 259463 152 121767 172273 1335 21.6376953125 3.408203125 0.3076171875 1.40625
map_3 71 1 5 5 5 1 1 0.000939625 0.001872375 0.000940725 0.0018724084 0.000936 0.00187 0.0009392 0.0018706 4746 5375 480 1595 51945 2135223 15 635829 57232 5375 10.34375 7.7880859375 0.1904296875 1.6259765625
map_4 71 0 5 5 5 1 1 0.002396416 0.001798208 0.0023989916 0.0017983748 0.002396 0.001796 0.0023974 0.001796 12249 4474 1999 1618 126740 2033655 90 653957 139032 4474 17.7607421875 7.900390625 0.2666015625 1.564453125
map_5 71 1 5 5 5 1 1 0.002157667 0.002282583 0.002165467 0.0022818334 0.002157 0.002279 0.0021634 0.0022802 11399 8528 1116 1588 88190 2684779 35 630016 146199 8528 13.44921875 7.75390625 0.2138671875 1.6787109375
map_6 71 0 5 5 5 1 1 0.00237925 0.000818291 0.0023946998 0.0008179584 0.002376 0.000816 0.0023916 0.0008164 12467 12621 1814 846 155669 708638 61 178914 138235 12621 16.857421875 4.130859375 0.2197265625 1.44140625
map_7 71 1 5 5 5 1 1 0.002826666 0.000395208 0.002832925 0.0003962916 0.002823 0.000396 0.0028306 0.0003958 14820 1781 2724 802 157507 372942 331 160746 168295 1781 21.30078125 3.916015625 0.240234375 1.482421875
map_8 71 0 5 5 5 1 1 0.002376042 0.004933625 0.0024008082 0.0049340168 0.002376 0.004934 0.0023994 0.004934 12531 9120 1755 2561 115360 5776383 126 1638573 134192 9119 16.5693359375 12.5048828125 0.2080078125 1.388671875
map_9 71 1 5 5 5 1 1 0.002531875 0.008791375 0.0025391832 0.0087930252 0.002528 0.008788 0.0025364 0.0087912 12714 41723 2347 3605 193636 9337824 271 3248944 142200 41721 19.4599609375 17.6025390625 0.2431640625 1.7138671875
map_0 72 1 5 5 5 1 1 0.001616291 0.003323833 0.0016265666 0.003338983 0.001616 0.003319 0.0016252 0.0033296 8446 5577 1699 2402 75573 3564075 124 1442078 99797 5577 16.2958984375 11.728515625 0.205078125 1.541015625
map_1 72 0 5 5 5 1 1 0.00269125 0.009535417 0.0027053334 0.0095228666 0.002688 0.009532 0.0027024 0.0095212 14094 10587 1975 3903 165928 10881342 82 3807677 175466 10586 17.6435546875 19.0576171875 0.2314453125 2.080078125
map_2 72 1 5 5 5 1 1 0.003624083 0.015802625 0.003612025 0.0158118832 0.00362 0.015801 0.0036086 0.01581 18460 17662 4566 5053 206354 18536635 268 6382438 228583 17661 30.294921875 24.6728515625 0.3603515625 2.0595703125
map_3 72 0 5 5 5 1 1 0.002318583 0.000394375 0.0023339582 0.0003948416 0.002315 0.000394 0.0023312 0.000394 12363 1653 1954 821 129450 378344 465 168500 145196 1653 17.541015625 4.0087890625 0.234375 1.412109375
map_4 72 1 5 5 5 1 1 0.00340775 0.000347375 0.0034193664 0.0003491248 0.003404 0.000348 0.0034176 0.0003484 17780 1319 3392 826 231737 307101 540 170414 212665 1319 24.5625 4.033203125 0.287109375 1.34765625
map_5 72 0 5 5 5 1 1 0.002169583 0.001303084 0.0021746416 0.0012914666 0.002168 0.001304 0.002173 0.0012908 11370 3675 2123 1343 85061 1442557 96 450819 140157 3675 18.3662109375 6.5576171875 0.24609375 1.640625
map_6 72 1 5 5 5 1 1 0.002465125 0.004182334 0.0024663166 0.0041856168 0.002462 0.00418 0.0024636 0.0041828 13131 7010 1120 2496 108848 4744915 47 1556681 126549 7009 13.46875 12.1875 0.2021484375 1.8515625
map_7 72 0 5 5 5 1 1 0.0022045 0.024853917 0.0022084248 0.0248489918 0.002204 0.024843 0.0022078 0.0248446 11343 19676 1655 6265 147106 28981292 35 9812533 134901 19676 16.0810546875 30.5908203125 0.29296875 1.927734375
map_8 72 1 5 5 5 1 1 0.001984541 0.008622333 0.0019955664 0.0086353832 0.001984 0.008619 0.0019948 0.0086328 10216 43003 1572 2753 82301 10173632 3 1893376 116965 43001 15.67578125 13.4423828125 0.216796875 1.3154296875
map_9 72 0 5 5 5 1 1 0.002337292 0.002089667 0.0023347584 0.0020918086 0.002334 0.002087 0.0023322 0.0020888 11497 4764 1227 1793 208039 2275618 40 803455 133629 4764 13.9912109375 8.7548828125 0.2080078125 1.6787109375
map_0 73 0 5 5 5 1 1 0.002407083 0.003249666 0.0024152666 0.003249575 0.002405 0.003247 0.0024116 0.0032468 12224 50917 1819 823 176887 3333457 125 169216 144281 50916 16.8818359375 4.0185546875 0.2197265625 1.365234375
map_1 73 1 5 5 5 1 1 0.002120833 0.00022625 0.0021276 0.0002262334 0.002118 0.000224 0.002126 0.0002258 11128 1009 1506 686 129882 185926 52 117583 134587 1009 15.353515625 3.349609375 0.2138671875 1.353515625
map_2 73 0 5 5 5 1 1 0.002045625 0.003025875 0.0020499584 0.0030304334 0.002045 0.003021 0.0020494 0.0030272 10435 6875 1916 1874 123152 3601223 124 877681 118471 6875 17.35546875 9.150390625 0.2255859375 1.7255859375
map_3 73 1 5 5 5 1 1 0.002863291 0.017356709 0.0028718748 0.017361917 0.002863 0.017356 0.0028704 0.0173598 14894 22687 2864 4831 134306 20868930 505 5832476 168738 22687 21.984375 23.5888671875 0.2080078125 1.67578125
map_4 73 0 5 5 5 1 1 0.001850167 0.005985166 0.001857275 0.0059921248 0.001849 0.005983 0.001855 0.0059902 9491 8391 1389 3119 110807 6681520 19 2431860 115262 8390 14.7822265625 15.2294921875 0.2255859375 1.869140625
map_5 73 1 5 5 5 1 1 0.00305375 0.0020475 0.0030449334 0.0020479832 0.003053 0.002044 0.0030426 0.0020458 15665 14969 2681 1418 116490 2186888 150 502114 197072 14969 21.0908203125 6.923828125 0.2255859375 1.3388671875
map_6 73 0 5 5 5 1 1 0.002584958 0.001499208 0.0025911414 0.001499925 0.002584 0.001498 0.0025884 0.001498 13564 3804 2298 1441 137310 1667891 136 519114 146160 3804 19.220703125 7.0361328125 0.228515625 1.4267578125
map_7 73 1 5 5 5 1 1 0.002503167 0.001354833 0.0024994002 0.0013548914 0.002503 0.001353 0.002497 0.001354 13049 3748 1896 1377 123558 1527931 22 473589 152541 3748 17.2578125 6.7236328125 0.2548828125 1.4677734375
map_8 73 0 5 5 5 1 1 0.001886542 0.003332083 0.001893325 0.0033339916 0.001884 0.003329 0.0018918 0.003332 9992 47396 1475 1201 82426 3293546 69 360562 109756 47396 15.2021484375 5.8642578125 0.2138671875 1.6494140625
map_9 73 1 5 5 5 1 1 0.002781667 0.001820916 0.0027911254 0.0018233082 0.002781 0.00182 0.0027894 0.0018222 13634 10609 1105 1461 289551 1948814 18 533612 116689 10609 13.3955078125 7.1337890625 0.2255859375 1.6201171875
map_0 74 1 5 5 5 1 1 0.00190975 0.000908208 0.0019360832 0.0009090164 0.00191 0.000907 0.0019326 0.0009078 10051 2734 1894 1220 111572 927067 41 371706 116645 2734 17.248046875 5.95703125 0.2255859375 1.400390625
map_1 74 0 5 5 5 1 1 0.002628166 0.000575916 0.0026255332 0.000576325 0.002628 0.000575 0.0026222 0.0005758 13481 1891 1613 1032 165693 543801 52 266238 168584 1891 15.8759765625 5.0390625 0.22265625 1.4501953125
map_2 74 1 5 5 5 1 1 0.002589667 0.008487875 0.0025891332 0.008480825 0.002587 0.008485 0.0025866 0.0084772 13053 10664 2228 3718 133089 9521684 76 3454475 156132 10663 18.87890625 18.154296875 0.216796875 1.6962890625
map_3 74 0 5 5 5 1 1 0.002056125 0.000281708 0.0020569914 0.0002829914 0.002055 0.000282 0.0020558 0.0002818 10721 1211 1242 751 132072 236544 111 140926 132837 1211 14.064453125 3.6669921875 0.2197265625 1.3330078125
map_4 74 1 5 5 5 1 1 0.003537041 0.000542459 0.0035482084 0.0005413752 0.003535 0.00054 0.003545 0.0005404 18569 2331 3298 968 224415 517063 185 234127 213843 2331 24.103515625 4.7265625 0.28125 1.5234375
map_5 74 0 5 5 5 1 1 0.002425208 0.004440958 0.00242425 0.0044400414 0.002423 0.004438 0.002422 0.0044376 13050 10265 1124 2579 111024 5075911 21 1662533 147244 10265 13.48828125 12.5927734375 0.193359375 1.6875
map_6 74 1 5 5 5 1 1 0.003104333 0.022728708 0.0031163502 0.0227235418 0.003101 0.022726 0.0031144 0.0227204 16610 16689 4874 6194 168482 26607582 261 9590951 190726 16686 31.798828125 30.244140625 0.29296875 1.9716796875
map_7 74 0 5 5 5 1 1 0.0025605 0.000517083 0.0025701584 0.0005171498 0.002558 0.000516 0.0025676 0.000516 13720 2016 2076 933 119789 509593 39 217543 158896 2016 18.13671875 4.5556640625 0.240234375 1.5263671875
map_8 74 1 5 5 5 1 1 0.002090167 0.00419975 0.0021003918 0.004200925 0.00209 0.004198 0.0020982 0.0041992 11262 20087 1699 2426 92969 4581516 20 1471108 119977 20087 16.2958984375 11.845703125 0.205078125 1.8486328125
map_9 74 0 5 5 5 1 1 0.002956625 0.007281584 0.002985775 0.0072874084 0.002956 0.007279 0.0029838 0.0072844 15467 10488 4239 3564 220574 8153894 446 3173949 169907 10488 28.6982421875 17.40234375 0.275390625 1.546875
map_0 75 0 5 5 5 1 1 0.002740709 0.00172725 0.0027488752 0.0017321666 0.002738 0.001724 0.0027466 0.0017294 14751 4014 2493 1632 144505 1921378 371 665249 160764 4014 20.1728515625 7.96875 0.181640625 1.412109375
map_1 75 1 5 5 5 1 1 0.003365875 0.00044 0.0033838752 0.0004399416 0.003364 0.000438 0.0033812 0.000439 17842 1578 2807 909 170342 413199 379 206392 215099 1578 21.7060546875 4.4384765625 0.263671875 1.3623046875
map_2 75 0 5 5 5 1 1 0.003406125 0.005932625 0.0034241 0.0059349334 0.003403 0.005932 0.0034212 0.0059322 17965 17437 4391 2827 169877 6871438 209 1997906 219806 17437 29.4404296875 13.8037109375 0.3134765625 1.8603515625
map_3 75 1 5 5 5 1 1 0.001922625 0.00034375 0.0019305586 0.0003451918 0.001923 0.000344 0.0019288 0.0003448 10225 1357 1166 828 90840 305608 8 171315 117138 1357 13.693359375 4.04296875 0.2490234375 1.3740234375
map_4 75 0 5 5 5 1 1 0.00261375 0.000283167 0.002618233 0.0002829834 0.00261 0.000282 0.0026158 0.0002816 13944 1098 1844 782 146669 237593 373 152832 157912 1098 17.00390625 3.818359375 0.251953125 1.3740234375
map_5 75 1 5 5 5 1 1 0.001876584 0.000357875 0.0018747 0.0003582004 0.001874 0.000357 0.0018722 0.0003578 9727 1426 1042 823 99531 329328 98 169244 117334 1426 13.087890625 4.0185546875 0.1904296875 1.4443359375
map_6 75 0 5 5 5 1 1 0.0027935 0.000652458 0.002784475 0.000652925 0.002784 0.000652 0.0027802 0.0006514 14893 3354 2727 926 145642 678713 134 214318 151743 3354 21.3154296875 4.521484375 0.2314453125 1.494140625
map_7 75 1 5 5 5 1 1 0.002807292 0.005312875 0.0028124584 0.0053235084 0.002807 0.005309 0.0028104 0.0053206 14921 11371 1799 2408 137533 6644101 81 1448551 185918 11371 16.7841796875 11.7578125 0.287109375 1.453125
map_8 75 0 5 5 5 1 1 0.00353175 0.005348875 0.0035462418 0.0053516584 0.003531 0.005349 0.0035438 0.0053492 19004 20320 4311 2616 184199 6159164 401 1709784 217012 20318 29.0498046875 12.7734375 0.28125 1.6904296875
map_9 75 1 5 5 5 1 1 0.003129084 0.006863334 0.0031711082 0.0068660418 0.003127 0.006864 0.0031674 0.0068658 15961 49600 2982 3059 257703 7161006 274 2338272 159587 49599 22.560546875 14.9365234375 0.2314453125 1.564453125
map_0 76 1 5 5 5 1 1 0.001862666 0.00200975 0.0018672666 0.0020125916 0.001863 0.002009 0.0018668 0.0020114 9650 4025 1072 1941 110680 2097941 65 941247 113840 4025 13.234375 9.4775390625 0.2080078125 1.59375
map_1 76 0 5 5 5 1 1 0.001982584 0.000213291 0.0019902334 0.0002138082 0.001982 0.000214 0.00199 0.0002136 10546 951 1592 679 111366 174143 175 115256 127502 951 15.7734375 3.3154296875 0.2021484375 1.3740234375
map_2 76 1 5 5 5 1 1 0.002806041 0.001170833 0.0028204916 0.00117125 0.002806 0.001168 0.0028204 0.0011692 14401 2957 2441 1467 172014 1192177 178 537898 192537 2957 19.9189453125 7.1630859375 0.251953125 1.400390625
map_3 76 0 5 5 5 1 1 0.0019295 0.000588042 0.00193805 0.000596467 0.001927 0.000588 0.0019358 0.0005956 9853 1944 1529 1054 125306 563154 30 277418 118849 1944 15.4658203125 5.146484375 0.193359375 1.3828125
map_4 76 1 5 5 5 1 1 0.002136875 0.000496916 0.0021518168 0.0004968332 0.002137 0.000497 0.0021518 0.0004966 11382 1738 1663 960 124760 474141 162 230330 131486 1738 16.1201171875 4.6875 0.2373046875 1.4765625
map_5 76 0 5 5 5 1 1 0.003148084 0.004365084 0.0031668836 0.0043655418 0.003146 0.004363 0.003165 0.0043628 16721 14987 2309 2544 145012 4846787 44 1617554 194503 14987 19.2744140625 12.421875 0.19921875 1.88671875
map_6 76 1 5 5 5 1 1 0.003620959 0.000668667 0.0036462248 0.0006692664 0.00362 0.000667 0.003644 0.000668 19207 2414 3795 1091 210159 652493 544 297509 202708 2414 26.5302734375 5.3271484375 0.2548828125 1.62890625
map_7 76 0 5 5 5 1 1 0.003210125 0.005357583 0.0032065336 0.005350725 0.00321 0.005357 0.0032048 0.0053488 16942 8825 3023 2830 149748 6225204 257 2001823 197892 8824 22.7607421875 13.818359375 0.2783203125 2.1884765625
map_8 76 1 5 5 5 1 1 0.001720583 0.006119917 0.0017260498 0.0061204754 0.00172 0.006119 0.0017232 0.0061186 9130 11879 1246 2595 76887 7694714 64 1683102 104711 11879 14.083984375 12.6708984375 0.17578125 1.6875
map_9 76 0 5 5 5 1 1 0.002637792 0.001575 0.002652867 0.0015751086 0.002634 0.001573 0.0026508 0.0015734 13258 4092 1812 1566 232358 1725211 44 612660 136849 4091 16.84765625 7.646484375 0.216796875 1.541015625
map_0 77 0 5 5 5 1 1 0.001983333 0.003715042 0.0019902002 0.0037150334 0.001979 0.003714 0.0019864 0.0037128 10471 44794 1436 1431 126354 3891609 258 511890 117529 44794 15.01171875 6.9873046875 0.228515625 1.517578125
map_1 77 1 5 5 5 1 1 0.00233975 0.001584208 0.0023524166 0.0015846084 0.002337 0.001584 0.0023492 0.001584 12274 4051 1280 1462 136739 1827879 223 533824 145626 4051 14.25 7.138671875 0.2314453125 1.3740234375
map_2 77 0 5 5 5 1 1 0.002477 0.000404375 0.0024880002 0.0004039166 0.002473 0.000403 0.0024868 0.0004032 13180 1525 2461 879 123724 370668 148 193087 151237 1525 20.0166015625 4.2919921875 0.240234375 1.4970703125
map_3 77 1 5 5 5 1 1 0.00279575 0.001043291 0.002812675 0.0010441584 0.002795 0.001043 0.00281 0.0010432 14940 2934 2870 1336 124002 1084852 197 445698 186684 2934 22.013671875 6.5234375 0.3046875 1.3330078125
map_4 77 0 5 5 5 1 1 0.002404833 0.000876959 0.0024052998 0.0008766916 0.002403 0.000875 0.002404 0.0008754 12723 2603 1941 1222 119176 902423 282 373262 147106 2603 17.4775390625 5.966796875 0.2373046875 1.6875
map_5 77 1 5 5 5 1 1 0.00247675 0.006807667 0.0024860836 0.0068129334 0.002474 0.006804 0.0024838 0.0068096 13190 69978 1309 1754 105944 7689212 112 768639 152339 69978 14.3916015625 8.564453125 0.2197265625 1.529296875
map_6 77 0 5 5 5 1 1 0.002526375 0.000665417 0.0025175834 0.000665425 0.002527 0.000664 0.0025156 0.0006642 13515 5481 2415 834 127984 673982 177 173885 154350 5481 19.7919921875 4.072265625 0.22265625 1.4765625
map_7 77 1 5 5 5 1 1 0.002420875 0.002999958 0.0024184668 0.0029942916 0.00242 0.002994 0.0024158 0.0029918 12224 4785 1479 2453 157767 3086097 3 1503209 153045 4784 15.2216796875 11.9775390625 0.22265625 1.39453125
map_8 77 0 5 5 5 1 1 0.002911875 0.000975916 0.0029203082 0.0009768832 0.002911 0.000976 0.002919 0.0009762 15030 2981 1716 1240 130784 1039817 361 384238 194326 2981 16.37890625 6.0546875 0.2490234375 1.58203125
map_9 77 1 5 5 5 1 1 0.003383291 0.000793834 0.0033834082 0.0007941334 0.003382 0.000793 0.0033808 0.0007938 17126 6795 2909 912 227719 800990 111 207843 206329 6795 22.2041015625 4.453125 0.2578125 1.46484375
map_0 78 1 5 5 5 1 1 0.001863584 0.00178125 0.0018710418 0.0017816752 0.001862 0.00178 0.0018688 0.0017798 9633 4507 1074 1571 130499 2043928 105 616396 103362 4507 13.244140625 7.6708984375 0.205078125 1.39453125
map_1 78 0 5 5 5 1 1 0.002495542 0.000330417 0.0025109168 0.0003312834 0.002495 0.00033 0.0025092 0.0003308 13099 1238 1991 867 119396 276034 47 187801 160151 1238 17.7216796875 4.2333984375 0.2197265625 1.341796875
map_2 78 1 5 5 5 1 1 0.002359833 0.001097875 0.0023737834 0.0010988834 0.002359 0.001095 0.0023712 0.0010974 12465 2767 2240 1472 111259 1080970 21 541680 161256 2767 18.9375 7.1875 0.2607421875 1.5791015625
map_3 78 0 5 5 5 1 1 0.001694042 0.001195583 0.001703192 0.001197525 0.001691 0.001196 0.0017008 0.0011968 8931 2872 1431 1507 92725 1191228 373 567269 106292 2872 14.9873046875 7.3583984375 0.1787109375 1.4267578125
map_4 78 1 5 5 5 1 1 0.001808292 0.000962083 0.0018152998 0.0009678332 0.001806 0.00096 0.0018138 0.0009656 9461 2878 1018 1211 81729 1030443 32 366361 109471 2878 12.970703125 5.9130859375 0.22265625 1.494140625
map_5 78 0 5 5 5 1 1 0.002221667 0.002074875 0.0022196752 0.0020741332 0.002222 0.002074 0.0022174 0.0020726 11574 18494 1418 1343 113571 2218573 106 450419 128907 18494 14.923828125 6.5576171875 0.2109375 1.32421875
map_6 78 1 5 5 5 1 1 0.002263 0.002666333 0.0022843418 0.0026674082 0.002261 0.002663 0.0022828 0.002665 12503 33126 2752 1468 101009 2652910 25 538238 140530 33126 21.4375 7.16796875 0.26953125 1.4736328125
map_7 78 0 5 5 5 1 1 0.002462083 0.002556709 0.0024685082 0.0025568752 0.002459 0.002553 0.0024664 0.0025548 12717 5492 1654 2053 160122 2804817 30 1052847 161855 5492 16.076171875 10.0244140625 0.1845703125 1.423828125
map_8 78 1 5 5 5 1 1 0.001830084 0.005806459 0.0018381836 0.0058102084 0.001829 0.005806 0.001837 0.005809 9633 10048 1007 2992 104659 6725399 64 2237506 111955 10047 12.9169921875 14.609375 0.2021484375 1.8603515625
map_9 78 0 5 5 5 1 1 0.003738917 0.000504208 0.0037465166 0.0005032916 0.003737 0.000502 0.003744 0.0005016 19144 3906 4017 752 274816 500516 383 141360 224947 3906 27.6142578125 3.671875 0.2841796875 1.4736328125
map_0 79 0 5 5 5 1 1 0.00253775 0.001341875 0.0025455582 0.001347375 0.002534 0.001343 0.0025428 0.0013454 13361 3957 2489 1347 144070 1515827 217 453194 152066 3957 20.1533203125 6.5771484375 0.1962890625 1.412109375
map_1 79 1 5 5 5 1 1 0.002912875 0.000413417 0.0029257416 0.0004134248 0.002912 0.000412 0.0029242 0.0004124 15246 1599 1873 853 165697 392966 190 181751 184078 1599 17.1455078125 4.1650390625 0.2314453125 1.435546875
map_2 79 0 5 5 5 1 1 0.002859916 0.000497791 0.00287305 0.0004989586 0.002853 0.000495 0.0028686 0.0004984 15034 1830 2772 940 139459 475991 9 220675 172730 1830 21.53515625 4.58984375 0.2841796875 1.3916015625
map_3 79 1 5 5 5 1 1 0.001817458 0.000307291 0.0018253166 0.0003073168 0.001818 0.000306 0.0018242 0.0003064 9739 1294 709 768 86051 275300 21 147448 109045 1294 11.4619140625 3.75 0.2197265625 1.4091796875
map_4 79 0 5 5 5 1 1 0.003540417 0.001252458 0.0035544502 0.0012556082 0.003538 0.001252 0.0035528 0.0012522 18606 4480 4158 1421 208693 1295148 708 504472 219063 4480 28.302734375 6.9384765625 0.2900390625 1.517578125
map_5 79 1 5 5 5 1 1 0.002935792 0.003241292 0.0029433834 0.0032414584 0.002935 0.003241 0.002942 0.0032396 15619 9825 3544 2238 128712 3562509 104 1251131 189239 9824 25.3046875 10.927734375 0.31640625 1.3564453125
map_6 79 0 5 5 5 1 1 0.002793833 0.0033595 0.0028033332 0.0033619502 0.002791 0.003357 0.0028008 0.0033596 14970 6158 3376 2265 140216 3849095 80 1281804 162300 6158 24.484375 11.0595703125 0.2958984375 1.546875
map_7 79 1 5 5 5 1 1 0.002998458 0.000240917 0.0030080166 0.0002410916 0.002997 0.000241 0.003007 0.000241 15828 1179 2274 660 156961 212714 368 108868 198713 1179 19.103515625 3.22265625 0.228515625 1.3974609375
map_8 79 0 5 5 5 1 1 0.001839 0.000372583 0.0018460002 0.0003723998 0.001839 0.000371 0.0018456 0.0003718 9901 1422 1377 860 84990 334431 86 184784 104244 1422 14.7236328125 4.19921875 0.19921875 1.447265625
map_9 79 1 5 5 5 1 1 0.002672291 0.00203175 0.0026669666 0.0020384502 0.002672 0.002028 0.0026658 0.0020356 13862 5234 1895 1788 180519 2224391 162 799166 152604 5234 17.2529296875 8.73046875 0.228515625 1.8251953125
map_0 80 1 5 5 5 1 1 0.0017905 0.000279 0.0017961252 0.00027985 0.001787 0.000279 0.0017946 0.0002794 9394 1259 1129 738 106585 236619 38 136155 108497 1259 13.5126953125 3.603515625 0.2021484375 1.412109375
map_1 80 0 5 5 5 1 1 0.002449584 0.000784875 0.0024490172 0.0007821916 0.00245 0.000784 0.0024486 0.0007808 12658 2308 1204 1175 138642 760405 36 345088 147373 2308 13.87890625 5.7373046875 0.2197265625 1.4736328125
map_2 80 1 5 5 5 1 1 0.002584208 0.004154084 0.002597275 0.0041495586 0.002583 0.004151 0.0025964 0.0041468 13531 9223 2569 2408 115902 4710239 89 1448794 175317 9222 20.5439453125 11.7578125 0.205078125 1.4619140625
map_3 80 0 5 5 5 1 1 0.001852666 0.001294959 0.0018580832 0.00129785 0.001849 0.001294 0.0018572 0.001297 9485 3871 871 1278 119455 1457390 396 407930 111188 3871 12.2529296875 6.240234375 0.19921875 1.39453125
map_4 80 1 5 5 5 1 1 0.002338666 0.00306725 0.002342525 0.0030686668 0.002335 0.003066 0.0023408 0.0030662 12195 5207 1440 2280 130146 3309929 178 1298695 133244 5205 15.03125 11.1328125 0.2255859375 1.3037109375
map_5 80 0 5 5 5 1 1 0.001892958 0.007666958 0.0018904084 0.0076728334 0.001889 0.007666 0.0018876 0.00767 9744 64713 922 2290 102542 8452816 36 1310388 122003 64713 12.501953125 11.181640625 0.181640625 1.7607421875
map_6 80 1 5 5 5 1 1 0.003627708 0.001522041 0.0036498998 0.0015245582 0.003625 0.001519 0.0036472 0.0015226 19284 5421 4513 1533 203458 1619441 213 587065 220562 5421 30.0361328125 7.4853515625 0.298828125 1.5205078125
map_7 80 0 5 5 5 1 1 0.001958708 0.000763917 0.00196635 0.000765325 0.001958 0.000763 0.001964 0.0007632 10251 2701 2078 1100 88915 767385 37 302460 124722 2701 18.146484375 5.37109375 0.2431640625 1.5703125
map_8 80 1 5 5 5 1 1 0.001936291 0.000738667 0.0019489498 0.0007394252 0.001937 0.000738 0.0019474 0.0007384 10359 2677 1725 1045 77633 756086 71 272844 121696 2677 16.4228515625 5.1025390625 0.1787109375 1.4970703125
map_9 80 0 5 5 5 1 1 0.001970208 0.00072525 0.0019756586 0.0007265168 0.001967 0.000725 0.0019748 0.0007262 9929 14265 1250 797 174115 530199 21 158776 106293 14265 14.103515625 3.8916015625 0.2314453125 1.388671875
map_0 81 0 5 5 5 1 1 0.002661541 0.000535208 0.002655358 0.000535475 0.002661 0.00053 0.0026536 0.0005328 14031 2168 3750 814 107675 569291 133 165542 170914 2167 26.310546875 3.974609375 0.2548828125 1.3564453125
map_1 81 1 5 5 5 1 1 0.003065666 0.000684084 0.0030841916 0.0006841668 0.003065 0.000684 0.0030822 0.0006832 16150 2175 3158 1100 136970 660815 37 302116 194564 2175 23.419921875 5.37109375 0.2373046875 1.2861328125
map_2 81 0 5 5 5 1 1 0.003244292 0.00035325 0.0032454168 0.0003550666 0.003241 0.000353 0.0032436 0.0003536 16799 1496 4225 785 185368 330960 129 154033 212219 1496 28.6298828125 3.8330078125 0.3017578125 1.44140625
map_3 81 1 5 5 5 1 1 0.002788875 0.003873791 0.0027684336 0.0038756 0.002785 0.003872 0.0027666 0.0038736 14676 6852 2604 2358 146420 4552662 223 1389732 168201 6852 20.71484375 11.513671875 0.26953125 1.9306640625
map_4 81 0 5 5 5 1 1 0.002673375 0.002193125 0.0026903084 0.0021923084 0.002673 0.002191 0.0026894 0.002191 14100 4765 2778 1857 160811 2442092 140 861258 177437 4765 21.564453125 9.0673828125 0.2197265625 1.3125
map_5 81 1 5 5 5 1 1 0.003398375 0.001166208 0.0034094754 0.0011656498 0.003398 0.001164 0.0034072 0.001164 17282 15255 3650 946 223186 1090077 134 223688 196763 15255 25.822265625 4.619140625 0.2373046875 1.482421875
map_6 81 0 5 5 5 1 1 0.0027795 0.000445625 0.0027684916 0.0004461668 0.002776 0.000446 0.0027672 0.0004458 14511 2165 3596 827 138908 424641 138 170904 157378 2165 25.55859375 4.0380859375 0.3017578125 1.4794921875
map_7 81 1 5 5 5 1 1 0.003052416 0.009638208 0.0030561996 0.0096500998 0.003051 0.009636 0.0030534 0.0096488 15285 13818 3381 3880 165953 10988574 659 3761866 178507 13818 24.5087890625 18.9453125 0.2724609375 1.51171875
map_8 81 0 5 5 5 1 1 0.002777 0.0162265 0.0027856582 0.0161977418 0.002776 0.016226 0.0027838 0.0161956 14643 16521 2711 4930 131316 19016865 86 6075108 163169 16518 21.2373046875 24.072265625 0.216796875 1.9306640625
map_9 81 1 5 5 5 1 1 0.002584458 0.005746333 0.0025835832 0.0057517582 0.002584 0.005743 0.002582 0.0057484 12836 11864 2366 2692 204451 6814500 9 1811702 142043 11864 19.552734375 13.14453125 0.228515625 2.0244140625
map_0 82 1 5 5 5 1 1 0.002824916 0.000565334 0.0028219998 0.0005647584 0.002822 0.000563 0.0028186 0.0005634 14772 1864 2959 1040 129594 535526 170 270076 172649 1864 22.4482421875 5.078125 0.2255859375 1.3505859375
map_1 82 0 5 5 5 1 1 0.002786292 0.000225542 0.0027872166 0.0002248166 0.002783 0.000223 0.0027848 0.0002232 14619 1027 1742 690 176759 183320 274 119021 173170 1027 16.505859375 3.369140625 0.251953125 1.3359375
map_2 82 1 5 5 5 1 1 0.003456916 0.001700875 0.0034812918 0.0017029416 0.003456 0.001698 0.0034796 0.0016998 18068 10108 4731 1252 184463 1939759 154 391528 231435 10108 31.1005859375 6.11328125 0.2724609375 1.4501953125
map_3 82 0 5 5 5 1 1 0.002700625 0.000279208 0.0027059336 0.0002801084 0.002697 0.000279 0.0027038 0.0002794 14021 1249 3268 744 139076 244276 286 138355 171608 1249 23.95703125 3.6328125 0.2021484375 1.37109375
map_4 82 1 5 5 5 1 1 0.002837 0.002111125 0.0028521 0.0021109666 0.002836 0.002108 0.0028498 0.0021094 14750 4074 2221 1940 159798 2200834 61 940311 158684 4074 18.8447265625 9.47265625 0.228515625 1.494140625
map_5 82 0 5 5 5 1 1 0.003459375 0.001651458 0.00346675 0.0016502916 0.003457 0.001652 0.0034656 0.0016492 17700 17600 4357 1078 182124 1613693 664 290403 198029 17600 29.2744140625 5.263671875 0.28125 1.5703125
map_6 82 1 5 5 5 1 1 0.003219584 0.004412583 0.0032373748 0.0044123 0.003216 0.004409 0.0032354 0.0044086 16830 9196 3326 2377 178964 5178411 217 1412411 185216 9196 24.240234375 11.6064453125 0.287109375 1.7109375
map_7 82 0 5 5 5 1 1 0.002900042 0.00495325 0.002910375 0.0049575918 0.002896 0.004952 0.0029074 0.0049558 14877 7929 2152 2778 131907 5575498 74 1929278 190937 7929 18.5078125 13.564453125 0.2490234375 1.7431640625
map_8 82 1 5 5 5 1 1 0.003210708 0.000246833 0.0032242166 0.0002480334 0.003208 0.000247 0.0032226 0.0002476 16711 1065 2685 718 143999 209618 299 128846 188766 1065 21.1103515625 3.505859375 0.2431640625 1.341796875
map_9 82 0 5 5 5 1 1 0.001201625 0.001344625 0.0012014336 0.0013423836 0.001202 0.001345 0.0012008 0.0013422 5896 6710 522 1278 106436 1450332 25 407963 63784 6710 10.548828125 6.240234375 0.216796875 1.494140625
map_0 83 0 5 5 5 1 1 0.001967084 0.000777708 0.001981717 0.0007813918 0.001964 0.000775 0.0019792 0.0007778 10452 2296 1337 1257 117880 732737 35 394624 122329 2296 14.5283203125 6.1376953125 0.28125 1.4208984375
map_1 83 1 5 5 5 1 1 0.002229709 0.012592792 0.0022398666 0.0125928002 0.002226 0.01259 0.0022372 0.0125886 11966 21077 1946 4286 107205 14944611 192 4592107 156209 21076 17.501953125 20.927734375 0.2607421875 1.5498046875
map_2 83 0 5 5 5 1 1 0.003422125 0.004982417 0.0034114166 0.0049846918 0.003419 0.00498 0.0034098 0.0049834 16678 7207 3232 2816 207451 5591207 138 1981226 210248 7207 23.78125 13.75 0.298828125 1.6171875
map_3 83 1 5 5 5 1 1 0.001970208 0.009503417 0.0019744916 0.0095066002 0.001966 0.0095 0.001972 0.0095036 10192 78226 1318 2066 128257 11083163 189 1066684 119234 78225 14.435546875 10.087890625 0.2314453125 1.86328125
map_4 83 0 5 5 5 1 1 0.002943375 0.001290292 0.0029464504 0.0012920498 0.00294 0.00129 0.0029444 0.001292 14926 3048 1830 1508 211468 1295014 245 567972 154548 3048 16.935546875 7.36328125 0.29296875 1.3828125
map_5 83 1 5 5 5 1 1 0.002634833 0.000607 0.0026491582 0.0006066916 0.002631 0.000605 0.0026466 0.0006054 13905 2484 2301 931 104407 616920 144 216582 176633 2484 19.2353515625 4.5458984375 0.234375 1.37109375
map_6 83 0 5 5 5 1 1 0.002854875 0.000875459 0.0028506334 0.0008750668 0.002854 0.000874 0.0028494 0.000874 14834 4241 2275 1000 171190 943720 21 249882 158408 4241 19.1083984375 4.8828125 0.3369140625 1.48828125
map_7 83 1 5 5 5 1 1 0.002565208 0.023791583 0.00258035 0.0237927084 0.002563 0.023789 0.002577 0.023789 13306 18604 2253 6179 134707 28235646 91 9544824 160497 18600 19.0009765625 30.1708984375 0.2724609375 1.998046875
map_8 83 0 5 5 5 1 1 0.003209458 0.011796042 0.003227967 0.0118042168 0.003208 0.011793 0.0032264 0.0118024 17314 18856 3208 3919 148519 14469248 80 3839574 197481 18856 23.6640625 19.1357421875 0.251953125 2.4404296875
map_9 83 1 5 5 5 1 1 0.002875541 0.00304075 0.002880675 0.0030408334 0.002872 0.003038 0.0028784 0.0030382 14496 6299 1317 2105 252077 3512398 95 1107225 152797 6299 14.4306640625 10.2783203125 0.2314453125 1.4794921875
map_0 84 1 5 5 5 1 1 0.000859708 0.000374042 0.0008614582 0.0003745166 0.00086 0.000373 0.0008614 0.000374 4287 1538 333 796 61243 350156 9 158386 52782 1538 9.6259765625 3.88671875 0.19921875 1.376953125
map_1 84 0 5 5 5 1 1 0.00307425 0.002175792 0.0030897496 0.0021745252 0.003074 0.002174 0.0030884 0.0021728 16016 5661 3436 1870 148240 2305133 173 874190 197623 5661 24.77734375 9.130859375 0.205078125 1.6171875
map_2 84 1 5 5 5 1 1 0.002858084 0.0007635 0.0028794836 0.0007645748 0.002858 0.000762 0.0028776 0.0007634 14766 2520 3144 1064 160165 793519 202 282724 180748 2520 23.3515625 5.1953125 0.22265625 1.388671875
map_3 84 0 5 5 5 1 1 0.002527666 0.000438209 0.0025275416 0.00043825 0.002526 0.000438 0.002527 0.0004372 13036 3224 2335 863 146318 373557 119 186043 152513 3224 19.4013671875 4.2138671875 0.1669921875 1.37109375
map_4 84 1 5 5 5 1 1 0.002832084 0.001718083 0.0028390334 0.0017197582 0.002832 0.001718 0.0028388 0.001719 14421 4157 2422 1563 168493 1916764 180 610607 164088 4157 19.826171875 7.6318359375 0.2490234375 1.5087890625
map_5 84 0 5 5 5 1 1 0.002023125 0.002895042 0.002029125 0.002897 0.00202 0.002894 0.0020274 0.0028952 10732 6733 1175 1944 107490 3340695 64 944033 129256 6733 13.7373046875 9.4921875 0.216796875 1.7431640625
map_6 84 1 5 5 5 1 1 0.003369667 0.001823041 0.0034045164 0.001821658 0.003367 0.00182 0.0034026 0.0018188 17957 4624 4579 1656 170465 2027140 270 685069 201634 4624 30.3583984375 8.0859375 0.29296875 1.5205078125
map_7 84 0 5 5 5 1 1 0.003102333 0.001565 0.003116575 0.0015649 0.003099 0.001562 0.0031136 0.0015634 16247 6630 2345 1506 198619 1651209 488 566833 197797 6630 19.4501953125 7.353515625 0.2431640625 1.6318359375
map_8 84 1 5 5 5 1 1 0.002908958 0.008480625 0.002914908 0.0084817418 0.002906 0.008477 0.002912 0.0084772 15618 16131 3508 3534 129169 9655072 242 3122003 183911 16131 25.12890625 17.255859375 0.3046875 2.40234375
map_9 84 0 5 5 5 1 1 0.002839458 0.003668792 0.0028392664 0.003668717 0.002839 0.003666 0.0028384 0.0036666 14184 6807 2211 2402 201129 4066323 242 1441748 154431 6807 18.7958984375 11.728515625 0.216796875 1.6611328125
map_0 85 0 5 5 5 1 1 0.001654292 0.003709125 0.0016566416 0.0037111334 0.001651 0.003705 0.0016534 0.0037072 8476 6884 1021 2378 103807 4124735 99 1413034 96787 6883 12.9853515625 11.611328125 0.1787109375 1.51171875
map_1 85 1 5 5 5 1 1 0.001903209 0.003956792 0.0019012338 0.0039557086 0.001903 0.003952 0.0019002 0.0039528 9674 5960 775 2644 117481 4249599 15 1747487 122472 5960 11.7841796875 12.91015625 0.2021484375 1.904296875
map_2 85 0 5 5 5 1 1 0.001830958 0.000421792 0.001841375 0.0004231916 0.001831 0.00042 0.0018398 0.000422 9634 1786 1449 831 77077 397285 68 172624 121499 1786 15.0751953125 4.0576171875 0.19921875 1.4912109375
map_3 85 1 5 5 5 1 1 0.001585708 0.000255667 0.0015887332 0.0002563416 0.001585 0.000256 0.0015882 0.0002558 8044 1253 664 685 96177 220123 122 117299 89734 1253 11.2421875 3.3447265625 0.1904296875 1.40625
map_4 85 0 5 5 5 1 1 0.002134917 0.00110425 0.002146525 0.00110435 0.002135 0.001104 0.0021456 0.0011038 11338 2989 1498 1351 106853 1172460 240 455885 134498 2989 15.314453125 6.5966796875 0.19921875 1.4267578125
map_5 85 1 5 5 5 1 1 0.002270125 0.002995917 0.0022784918 0.0029963834 0.00227 0.002997 0.002277 0.0029948 11836 21587 1680 1936 130193 3122402 54 936542 133424 21587 16.203125 9.453125 0.2021484375 1.435546875
map_6 85 0 5 5 5 1 1 0.001757791 0.020747833 0.0017607664 0.0207446834 0.001755 0.020746 0.0017582 0.0207414 9255 166131 875 3639 97350 24215737 10 3310108 98292 166130 12.2724609375 17.7685546875 0.2109375 1.763671875
map_7 85 1 5 5 5 1 1 0.003601375 0.00030475 0.0036187752 0.0003056836 0.003601 0.000304 0.003616 0.0003048 18313 1425 2961 775 188671 255820 302 150141 227138 1425 22.4580078125 3.7841796875 0.2900390625 1.376953125
map_8 85 0 5 5 5 1 1 0.002502042 0.000630209 0.002511917 0.0006249168 0.002501 0.000627 0.0025108 0.0006234 13173 2023 2208 993 112237 581766 161 246303 138128 2023 18.78125 4.8486328125 0.322265625 1.3798828125
map_9 85 1 5 5 5 1 1 0.003470916 0.003989375 0.0034869668 0.0039926002 0.003467 0.003987 0.0034846 0.0039888 17500 86107 3698 1356 271831 3210394 231 459621 206517 86107 26.056640625 6.62109375 0.22265625 1.576171875
map_0 86 1 5 5 5 1 1 0.002300291 0.013624334 0.0023230414 0.0134414584 0.0023 0.013624 0.0023202 0.0134378 11781 12972 1781 4749 110580 14736587 32 5636928 132897 12972 16.6962890625 23.1884765625 0.2900390625 2.00390625
map_1 86 0 5 5 5 1 1 0.0022815 0.001130875 0.0022940504 0.0011303916 0.002281 0.001128 0.0022934 0.0011288 11846 2963 1854 1402 143054 1141918 84 490963 147578 2963 17.052734375 6.845703125 0.193359375 1.4443359375
map_2 86 1 5 5 5 1 1 0.002755 0.00124725 0.00275825 0.0012476334 0.002751 0.001245 0.0027572 0.0012458 14328 15842 3227 855 143249 1264332 433 182684 168906 15842 23.7568359375 4.1748046875 0.2607421875 1.5615234375
map_3 86 0 5 5 5 1 1 0.000949875 0.000867792 0.0009516752 0.000868408 0.000949 0.000867 0.0009498 0.0008668 4910 3348 582 960 55561 1015956 30 230165 56883 3348 10.841796875 4.6875 0.15234375 1.3681640625
map_4 86 1 5 5 5 1 1 0.001354625 0.002535416 0.0013581334 0.0025361168 0.001351 0.002534 0.001356 0.0025354 6992 5628 542 2044 103917 2785432 7 1044189 63793 5628 10.646484375 9.98046875 0.216796875 1.599609375
map_5 86 0 5 5 5 1 1 0.002799791 0.004204333 0.002791583 0.0042067414 0.002797 0.004202 0.0027906 0.0042054 14685 58977 2809 975 125955 4492120 3 237597 177151 58977 21.7158203125 4.7607421875 0.3046875 1.4560546875
map_6 86 1 5 5 5 1 1 0.002874708 0.002369666 0.0028851752 0.0023687914 0.002871 0.00237 0.0028828 0.0023674 15141 16362 3201 1550 144655 2553081 81 600304 173923 16362 23.6298828125 7.568359375 0.2783203125 1.6875
map_7 86 0 5 5 5 1 1 0.002285167 0.0069175 0.0022941586 0.0069296332 0.002285 0.006914 0.0022926 0.006928 11838 9960 1596 3318 110088 7785499 25 2751934 152144 9960 15.79296875 16.201171875 0.24609375 1.828125
map_8 86 1 5 5 5 1 1 0.002676083 0.000482375 0.0026860832 0.0004819 0.002673 0.00048 0.0026838 0.0004814 14013 1837 2928 916 134344 451439 140 209630 155925 1837 22.296875 4.47265625 0.3076171875 1.4619140625
map_9 86 0 5 5 5 1 1 0.003477 0.008257292 0.00346145 0.0082633334 0.003476 0.008255 0.0034606 0.0082598 16535 28455 2569 3178 335882 9580188 227 2524235 180792 28454 20.5439453125 15.517578125 0.263671875 1.98046875
map_0 87 0 5 5 5 1 1 0.002031792 0.00260625 0.0020399166 0.0026117748 0.002029 0.002604 0.0020376 0.00261 10685 6195 1393 1945 121450 2891313 138 944888 115844 6195 14.8017578125 9.4970703125 0.2373046875 1.3212890625
map_1 87 1 5 5 5 1 1 0.002946375 0.000613708 0.0029504 0.0006163582 0.002946 0.000613 0.0029464 0.0006152 15494 1982 2260 1088 130458 583817 270 295563 196875 1982 19.03515625 5.3125 0.234375 1.341796875
map_2 87 0 5 5 5 1 1 0.003038208 0.001020625 0.0030442498 0.00102025 0.003038 0.001018 0.0030436 0.0010184 16206 3085 3716 1253 168443 1089932 247 392286 202434 3085 26.14453125 6.1181640625 0.2724609375 1.44140625
map_3 87 1 5 5 5 1 1 0.001680208 0.007138125 0.0016839252 0.0071398832 0.001677 0.007137 0.0016816 0.007138 8921 11298 1404 3010 97497 8788199 85 2265019 102997 11298 14.85546875 14.697265625 0.1904296875 1.78125
map_4 87 0 5 5 5 1 1 0.002120875 0.000266333 0.0021354916 0.0002680416 0.00212 0.000265 0.0021338 0.0002674 11383 1225 1469 716 118083 232979 27 128156 99987 1225 15.1728515625 3.49609375 0.216796875 1.376953125
map_5 87 1 5 5 5 1 1 0.002753667 0.006938667 0.0027598002 0.006944342 0.00275 0.006937 0.0027582 0.0069428 14731 50892 3112 2706 127431 7581352 27 1830000 171510 50892 23.1953125 13.212890625 0.2548828125 1.7900390625
map_6 87 0 5 5 5 1 1 0.002879333 0.002504375 0.0028949334 0.0025025084 0.002876 0.002504 0.0028912 0.002501 15180 35739 2662 1193 162580 2486223 98 355811 162565 35739 20.998046875 5.8251953125 0.216796875 1.6640625
map_7 87 1 5 5 5 1 1 0.002944416 0.004335958 0.0029392664 0.0043429084 0.002943 0.004335 0.0029316 0.0043404 15208 6966 3059 2671 148009 4905599 104 1782315 188785 6965 22.9365234375 13.0419921875 0.2724609375 1.318359375
map_8 87 0 5 5 5 1 1 0.002442208 0.001350875 0.0024493334 0.0013564082 0.002439 0.001351 0.0024462 0.0013558 12867 7913 2120 1041 143773 1580294 351 270872 149414 7913 18.3515625 5.0830078125 0.24609375 1.4560546875
map_9 87 1 5 5 5 1 1 0.003309791 0.001388959 0.0033191246 0.0013880752 0.003309 0.001386 0.0033186 0.0013866 17416 13673 3305 1383 199393 1292031 314 477671 193336 13673 24.1376953125 6.7529296875 0.3310546875 1.3095703125
map_0 88 1 5 5 5 1 1 0.001441291 0.000348667 0.0014475918 0.000349633 0.001439 0.000349 0.0014458 0.0003496 7535 1416 942 841 74430 301231 37 176688 86155 1416 12.599609375 4.1064453125 0.2109375 1.365234375
map_1 88 0 5 5 5 1 1 0.00289675 0.000193792 0.002908575 0.0001944666 0.002896 0.000194 0.0029076 0.0001936 15211 883 2391 661 189089 153474 131 109203 176611 883 19.6748046875 3.2275390625 0.2900390625 1.318359375
map_2 88 1 5 5 5 1 1 0.003373958 0.000338708 0.0033815332 0.00033915 0.00337 0.000338 0.0033804 0.0003376 17882 1404 4828 764 161042 302807 730 145848 229237 1404 31.57421875 3.73046875 0.2197265625 1.40625
map_3 88 0 5 5 5 1 1 0.002486583 0.001185 0.0024900416 0.0011851916 0.002483 0.001182 0.0024882 0.0011822 12909 2979 1336 1433 165363 1240068 84 513054 154972 2979 14.5234375 6.9970703125 0.1962890625 1.3828125
map_4 88 1 5 5 5 1 1 0.001741833 0.000551792 0.0017467414 0.0005536836 0.001741 0.000551 0.0017454 0.0005526 9078 1882 938 1004 96448 535891 4 251829 95764 1882 12.580078125 4.90234375 0.193359375 1.365234375
map_5 88 0 5 5 5 1 1 0.001876042 0.002782083 0.0018789168 0.002782875 0.001875 0.00278 0.0018776 0.002781 9838 7611 1117 2003 108645 3135372 52 1002794 118989 7611 13.4541015625 9.7802734375 0.1904296875 1.705078125
map_6 88 1 5 5 5 1 1 0.002143291 0.000959458 0.0021532416 0.0009595162 0.00214 0.000959 0.0021514 0.0009586 11399 2470 1318 1332 123481 974064 17 443094 122612 2470 14.435546875 6.50390625 0.2255859375 1.306640625
map_7 88 0 5 5 5 1 1 0.00268575 0.001242791 0.002692325 0.0012461832 0.002682 0.001242 0.0026898 0.0012446 14247 2949 2662 1534 124634 1257677 146 587637 174669 2949 20.998046875 7.490234375 0.2900390625 1.294921875
map_8 88 1 5 5 5 1 1 0.003590792 0.010797834 0.003600275 0.0108031002 0.003587 0.010794 0.003598 0.0108008 19260 51098 3728 2948 132521 13374706 330 2172524 251215 51095 26.203125 14.39453125 0.234375 2.4609375
map_9 88 0 5 5 5 1 1 0.003842625 0.005347209 0.0038411832 0.0053502998 0.003839 0.005344 0.0038378 0.005347 19682 22283 3917 2105 276188 6633425 518 1107122 227900 22281 27.1259765625 10.2783203125 0.2080078125 1.5322265625
map_0 89 0 5 5 5 1 1 0.001443334 0.000757625 0.0014457088 0.000762825 0.001443 0.000758 0.0014444 0.0007616 7637 2505 926 1065 68474 792720 75 283514 96961 2505 12.521484375 5.2001953125 0.2197265625 1.4296875
map_1 89 1 5 5 5 1 1 0.002290042 0.002025959 0.0022883168 0.0020281584 0.00229 0.00202 0.0022874 0.002025 12026 5161 1862 1794 118045 2205977 127 803845 145625 5161 17.091796875 8.759765625 0.22265625 1.365234375
map_2 89 0 5 5 5 1 1 0.002972625 0.004952625 0.0029873582 0.0049523836 0.00297 0.00495 0.0029854 0.0049508 15594 8508 3763 2785 166595 5680497 219 1938730 189708 8508 26.3740234375 13.5986328125 0.216796875 2.0126953125
map_3 89 1 5 5 5 1 1 0.001408125 0.001598416 0.0014079334 0.001598875 0.001405 0.001598 0.001405 0.0015972 7292 4425 636 1559 83720 1757029 30 607047 90185 4425 11.10546875 7.6123046875 0.1962890625 1.5146484375
map_4 89 0 5 5 5 1 1 0.00174725 0.000517166 0.0017545418 0.0005175834 0.001747 0.000518 0.0017524 0.0005178 9172 2077 1306 868 105104 538288 48 188330 104772 2077 14.376953125 4.23828125 0.205078125 1.400390625
map_5 89 1 5 5 5 1 1 0.002518167 0.008358917 0.0025257584 0.0083745416 0.002518 0.008359 0.0025246 0.0083724 13525 13459 1172 3259 101931 10295207 12 2655129 165982 13459 13.72265625 15.9130859375 0.2431640625 1.8720703125
map_6 89 0 5 5 5 1 1 0.003471959 0.011670125 0.003480942 0.0116670832 0.003469 0.011667 0.0034784 0.011665 18378 13435 3735 4128 207098 14043868 78 4258652 204004 13432 26.2373046875 20.15625 0.2841796875 1.6494140625
map_7 89 1 5 5 5 1 1 0.002840375 0.006054917 0.0028394916 0.0060591004 0.002838 0.006054 0.0028376 0.0060572 15050 8504 2388 3197 151387 6843506 490 2553983 171003 8503 19.66015625 15.6103515625 0.24609375 1.640625
map_8 89 0 5 5 5 1 1 0.003150666 0.007020084 0.0031563496 0.0070222918 0.003147 0.007017 0.0031532 0.0070208 17003 17004 4017 3092 120836 8232741 106 2390107 187993 17004 27.6142578125 15.09765625 0.275390625 1.8369140625
map_9 89 1 5 5 5 1 1 0.001846417 0.001016292 0.001853925 0.0010157668 0.001846 0.001015 0.001853 0.0010144 9466 3957 1275 1200 146539 1091085 195 359905 97341 3957 14.2255859375 5.859375 0.205078125 1.5791015625
map_0 90 1 5 5 5 1 1 0.002155542 0.000270541 0.0021595166 0.0002712166 0.002154 0.00027 0.0021574 0.0002702 11280 1152 1836 751 137178 230874 235 140925 129832 1152 16.96484375 3.6669921875 0.2548828125 1.3447265625
map_1 90 0 5 5 5 1 1 0.002807542 0.000252584 0.0027944336 0.000253317 0.002807 0.000251 0.0027916 0.0002524 14594 1004 2080 752 155204 206024 269 141298 177595 1004 18.15625 3.671875 0.2373046875 1.3154296875
map_2 90 1 5 5 5 1 1 0.002849125 0.000286583 0.0028624836 0.0002869582 0.002848 0.000286 0.0028596 0.0002866 14932 1255 3107 740 165096 255052 96 136896 179323 1255 23.1708984375 3.61328125 0.333984375 1.365234375
map_3 90 0 5 5 5 1 1 0.00171825 0.003867833 0.0017207332 0.0038765582 0.001716 0.003865 0.0017186 0.0038744 8948 8448 854 2127 111667 4736791 106 1130107 98113 8448 12.169921875 10.3857421875 0.216796875 1.5498046875
map_4 90 1 5 5 5 1 1 0.001493209 0.00279675 0.0014908752 0.0027983668 0.001492 0.002796 0.0014898 0.002797 7842 5969 603 1951 76746 3271956 4 951352 70694 5969 10.9443359375 9.5263671875 0.2138671875 1.611328125
map_5 90 0 5 5 5 1 1 0.001511709 0.002106 0.001516425 0.0021073834 0.001511 0.002103 0.0015148 0.002106 8164 7630 840 1534 59587 2473276 210 588245 101592 7630 12.1015625 7.490234375 0.1904296875 1.669921875
map_6 90 1 5 5 5 1 1 0.002725708 0.005872459 0.0027316916 0.0058791334 0.002723 0.005869 0.0027294 0.005876 14761 9708 3349 3002 141835 6823551 41 2252845 163035 9707 24.3525390625 14.658203125 0.2724609375 1.857421875
map_7 90 0 5 5 5 1 1 0.002443833 0.001154292 0.002445625 0.0011523416 0.002445 0.001152 0.0024448 0.001151 12844 2877 2027 1482 129664 1151823 214 548772 158915 2877 17.8974609375 7.236328125 0.2314453125 1.4765625
map_8 90 1 5 5 5 1 1 0.001931667 0.00064325 0.0019365084 0.0006421748 0.00193 0.00064 0.0019342 0.0006402 10184 2264 1644 1030 100845 647807 74 264962 120712 2264 16.02734375 5.029296875 0.19921875 1.3798828125
map_9 90 0 5 5 5 1 1 0.001933584 0.011924792 0.0019402254 0.0119382086 0.001933 0.011924 0.001939 0.0119368 10089 16886 1342 4191 122484 14233146 149 4391056 115901 16886 14.552734375 20.4638671875 0.1845703125 1.634765625
map_0 91 0 5 5 5 1 1 0.001417292 0.000319541 0.0014198086 0.0003205664 0.001417 0.000319 0.001418 0.0003186 7465 1262 1297 837 72667 267328 27 175019 88036 1262 14.3330078125 4.0869140625 0.2109375 1.3740234375
map_1 91 1 5 5 5 1 1 0.002296458 0.00123525 0.0023058916 0.0012353582 0.002294 0.001233 0.0023036 0.0012332 12042 3196 1564 1482 133655 1274514 74 548836 154330 3196 15.63671875 7.236328125 0.2431640625 1.458984375
map_2 91 0 5 5 5 1 1 0.002675125 0.001092209 0.0026860836 0.001092075 0.002672 0.00109 0.0026838 0.0010898 14120 2997 3552 1373 138441 1130700 171 471131 182161 2997 25.34375 6.7041015625 0.2666015625 1.5908203125
map_3 91 1 5 5 5 1 1 0.0013675 0.004710667 0.0013766584 0.0047134586 0.001368 0.004708 0.001374 0.0047102 7254 8287 1062 2681 72714 5459274 30 1795774 81401 8286 13.185546875 13.0908203125 0.2080078125 1.7138671875
map_4 91 0 5 5 5 1 1 0.00226025 0.004450708 0.0022635664 0.0044620666 0.002256 0.004448 0.002262 0.0044602 12042 6547 1637 2739 131326 4994233 48 1875305 107032 6547 15.9931640625 13.3740234375 0.216796875 1.8017578125
map_5 91 1 5 5 5 1 1 0.002027875 0.00465625 0.0020362582 0.004657758 0.002025 0.004656 0.0020342 0.0046544 10548 61511 1421 963 123529 5083405 153 231778 115789 61510 14.9384765625 4.7021484375 0.2138671875 1.4267578125
map_6 91 0 5 5 5 1 1 0.003148458 0.002207 0.0031619334 0.0022128584 0.003146 0.002206 0.0031596 0.0022096 16757 7947 4083 1553 167886 2601182 69 602645 190310 7947 27.9365234375 7.5830078125 0.298828125 1.669921875
map_7 91 1 5 5 5 1 1 0.002672292 0.001206417 0.0026909002 0.0012072668 0.002671 0.001205 0.0026898 0.001206 14256 3774 2530 1362 156756 1295151 73 463412 185043 3774 20.353515625 6.650390625 0.2373046875 1.681640625
map_8 91 0 5 5 5 1 1 0.002661375 0.002114708 0.0026619 0.0021131582 0.002658 0.002113 0.0026604 0.0021118 13980 6682 2208 1599 136709 2471365 75 638592 183966 6682 18.78125 7.8076171875 0.2841796875 1.2802734375
map_9 91 1 5 5 5 1 1 0.003422458 0.000981209 0.0034502416 0.0009822918 0.003422 0.000981 0.0034482 0.0009818 17525 11811 3718 783 247472 992473 153 153200 202472 11811 26.154296875 3.8232421875 0.29296875 1.3828125
