# map seed opt_first repeats opt_success con_success opt_deterministic con_deterministic opt_run_time con_run_time opt_wall_mean con_wall_mean opt_cpu_time con_cpu_time opt_cpu_mean con_cpu_mean opt_iterations con_iterations opt_nodes con_nodes opt_nn_checks con_nn_checks opt_connection_checks con_connection_checks opt_collision_checks con_collision_checks opt_tree_mem con_tree_mem opt_path_mem con_path_mem
map_0 42 1 5 5 5 1 1 0.001756084 0.000889 0.0017694084 0.0008891414 0.001755 0.000888 0.001769 0.0008878 9405 2264 4901 1385 60517 831373 492 479027 129188 2264 31.9306640625 6.7626953125 0.2578125 1.359375
map_1 42 0 5 5 5 1 1 0.001842667 0.000612542 0.0018506748 0.0006131 0.00184 0.000612 0.001848 0.0006126 9774 1970 4355 1139 68010 556252 292 324131 136028 1970 29.2646484375 5.5615234375 0.2490234375 1.529296875
map_2 42 1 5 5 5 1 1 0.001872083 0.000576958 0.0018912666 0.0005783832 0.001872 0.000576 0.001891 0.0005768 10019 1749 4713 1149 81217 508254 422 329732 133930 1749 31.0126953125 5.6103515625 0.228515625 1.40625
map_3 42 0 5 5 5 1 1 0.001893084 0.001609667 0.00190335 0.0016128 0.00189 0.001608 0.0019008 0.0016114 9981 3114 3279 1887 88930 1548803 42 889456 136862 3114 24.0107421875 9.2138671875 0.24609375 1.40625
map_4 42 1 5 5 5 1 1 0.001055042 0.000444583 0.0010661834 0.000445133 0.001054 0.000444 0.0010652 0.0004442 5747 1496 2442 982 38047 392639 9 240956 79646 1496 19.923828125 4.794921875 0.24609375 1.4150390625
map_5 42 0 5 5 5 1 1 0.001651041 0.000864875 0.0016679496 0.0008652084 0.001647 0.000863 0.0016654 0.0008636 8571 2450 2962 1309 100412 836418 1 428282 122510 2450 22.462890625 6.3916015625 0.2255859375 1.5703125
map_6 42 1 5 5 5 1 1 0.0017525 0.002888834 0.0017675252 0.0028898668 0.00175 0.002886 0.001766 0.0028884 9363 5490 3978 2538 70235 2817575 160 1610089 128129 5490 27.423828125 12.392578125 0.205078125 1.7314453125
map_7 42 0 5 5 5 1 1 0.001477375 0.0008715 0.001493725 0.0008684916 0.001477 0.000867 0.0014914 0.0008634 8117 2264 3425 1335 47360 779689 41 445374 108676 2264 24.7236328125 6.5185546875 0.251953125 1.4501953125
map_8 42 1 5 5 5 1 1 0.001526333 0.000223208 0.0015383832 0.0002241166 0.001525 0.000223 0.0015364 0.0002232 8110 954 3563 717 56834 178957 60 128482 114956 954 25.3974609375 3.5009765625 0.2373046875 1.3359375
map_9 42 0 5 5 5 1 1 0.001441958 0.002949834 0.0014522584 0.0029500418 0.001439 0.002947 0.0014502 0.002948 7867 4102 3502 2678 52180 2796985 34 1792500 108200 4102 25.099609375 13.076171875 0.2109375 1.7490234375
map_0 43 0 5 5 5 1 1 0.001741458 0.000632417 0.0017506582 0.000631725 0.001738 0.000631 0.001748 0.0006306 9242 2093 4104 1163 68479 571157 141 337842 123386 2093 28.0390625 5.6787109375 0.2490234375 1.4765625
map_1 43 1 5 5 5 1 1 0.001601209 0.000301583 0.0016178254 0.000302433 0.001601 0.000301 0.0016152 0.0003018 8599 1213 3330 788 73176 263949 93 155204 118846 1213 24.259765625 3.84765625 0.2373046875 1.40625
map_2 43 0 5 5 5 1 1 0.001475417 0.002145542 0.0014885502 0.0021452332 0.001472 0.002143 0.0014858 0.0021438 7857 24624 2514 1005 65157 2319826 173 252460 108632 24624 20.275390625 4.9072265625 0.2138671875 1.4912109375
map_3 43 1 5 5 5 1 1 0.002052375 0.005885208 0.0020591 0.0058854082 0.002049 0.005885 0.0020574 0.0058828 10898 6549 5127 3733 92472 5779496 586 3483510 139464 6547 33.0341796875 18.2275390625 0.193359375 1.58203125
map_4 43 0 5 5 5 1 1 0.001960417 0.000912125 0.0019797584 0.000911975 0.00196 0.000909 0.0019778 0.0009102 10611 2121 5059 1448 70737 834709 515 523710 147696 2121 32.7021484375 7.0703125 0.19921875 1.359375
map_5 43 1 5 5 5 1 1 0.001955959 0.001052458 0.0019637416 0.001054875 0.001953 0.001052 0.0019616 0.0010536 10281 2399 3139 1595 92758 938600 102 635955 131886 2399 23.3271484375 7.7880859375 0.2138671875 1.60546875
map_6 43 0 5 5 5 1 1 0.001941667 0.001050292 0.0019501834 0.0010527748 0.001939 0.001051 0.0019474 0.0010528 10474 2646 4098 1473 64197 1026592 397 542017 135205 2646 28.009765625 7.1923828125 0.2197265625 1.5029296875
map_7 43 1 5 5 5 1 1 0.002022958 0.002233375 0.0020230418 0.0022408082 0.00202 0.002233 0.0020204 0.0022402 10885 3680 5390 2233 70440 2169550 854 1245732 148466 3680 34.318359375 10.9033203125 0.263671875 1.4443359375
map_8 43 0 5 5 5 1 1 0.001922291 0.000669042 0.0019431666 0.0006716252 0.001922 0.000669 0.001943 0.0006706 10426 3772 4646 1017 82774 656729 632 258465 140495 3772 30.685546875 4.9658203125 0.26953125 1.5322265625
map_9 43 1 5 5 5 1 1 0.001656833 0.001368042 0.0016712416 0.0013678086 0.001653 0.001368 0.0016694 0.0013676 8747 2685 3472 1767 65706 1293570 42 779939 118970 2685 24.953125 8.6279296875 0.228515625 1.353515625
map_0 44 1 5 5 5 1 1 0.001560083 0.002682458 0.0015682582 0.00268165 0.00156 0.002679 0.0015674 0.002679 8365 4135 4243 2453 56489 2631848 87 1503482 123226 4134 28.7177734375 11.9775390625 0.2490234375 1.4765625
map_1 44 0 5 5 5 1 1 0.0017675 0.001109416 0.0017787166 0.0011088332 0.001764 0.001107 0.0017774 0.0011078 9410 2750 4074 1522 77756 1053973 213 578553 127459 2750 27.892578125 7.431640625 0.2314453125 1.4560546875
map_2 44 1 5 5 5 1 1 0.001307833 0.011336125 0.0013170836 0.0113399416 0.001306 0.011332 0.0013146 0.0113364 7072 9440 3163 5076 46496 11577046 102 6438967 93731 9440 23.4443359375 24.78515625 0.205078125 1.470703125
map_3 44 0 5 5 5 1 1 0.002234584 0.000599208 0.0022489002 0.0006001916 0.002232 0.000599 0.0022464 0.0005992 12000 2076 4396 1133 99364 539505 187 320780 153193 2076 29.46484375 5.5322265625 0.2255859375 1.46484375
map_4 44 1 5 5 5 1 1 0.001704625 0.0003845 0.0017391834 0.000385642 0.001705 0.000384 0.0017366 0.0003846 9122 1433 4513 884 64635 344091 623 195363 128115 1433 30.0361328125 4.31640625 0.2021484375 1.4267578125
map_5 44 0 5 5 5 1 1 0.001902916 0.0012725 0.0019165666 0.0012727996 0.001901 0.00127 0.0019152 0.0012714 9826 2892 4227 1642 112129 1228537 258 673946 134844 2892 28.6396484375 8.017578125 0.2021484375 1.646484375
map_6 44 1 5 5 5 1 1 0.001946542 0.000915375 0.0019564586 0.0009165 0.001946 0.000915 0.0019556 0.000915 10400 2323 4805 1418 81540 850946 128 502534 143754 2323 31.4619140625 6.923828125 0.240234375 1.541015625
map_7 44 0 5 5 5 1 1 0.001797375 0.001708334 0.0018093336 0.0017119752 0.001794 0.001707 0.0018066 0.001711 9621 3740 3841 1894 66763 1678349 215 895930 134824 3740 26.7548828125 9.248046875 0.228515625 1.2333984375
map_8 44 1 5 5 5 1 1 0.001688625 0.000348416 0.0017047084 0.000348633 0.001686 0.000348 0.0017036 0.000348 9007 1257 4373 906 61896 287761 326 205126 121057 1257 29.3525390625 4.423828125 0.24609375 1.435546875
map_9 44 0 5 5 5 1 1 0.001908291 0.000250166 0.0019298416 0.0002518582 0.001905 0.00025 0.0019266 0.0002506 10126 1103 5023 738 59602 206591 540 136126 138594 1103 32.5263671875 3.603515625 0.2138671875 1.3857421875
map_0 45 0 5 5 5 1 1 0.001470875 0.006431 0.0014823748 0.0064538084 0.001471 0.006428 0.0014814 0.006451 7697 7767 3427 3805 78788 6462434 29 3617670 101652 7767 24.7333984375 18.5791015625 0.24609375 1.4970703125
map_1 45 1 5 5 5 1 1 0.001862459 0.002718583 0.0018674836 0.0027166168 0.001859 0.002715 0.0018668 0.0027144 9928 4517 3883 2410 75787 2702521 313 1451132 135812 4517 26.9599609375 11.767578125 0.2314453125 1.587890625
map_2 45 0 5 5 5 1 1 0.001735167 0.000672834 0.0017448916 0.0006726252 0.001732 0.000672 0.0017424 0.0006718 9076 1971 3420 1204 75898 617739 143 362031 122604 1971 24.69921875 5.87890625 0.2255859375 1.423828125
map_3 45 1 5 5 5 1 1 0.001657917 0.013401875 0.0016742918 0.0134080748 0.001657 0.013401 0.001673 0.0134044 8888 9575 3435 5593 86891 13559536 201 7817933 118298 9574 24.7724609375 27.3095703125 0.2578125 1.494140625
map_4 45 0 5 5 5 1 1 0.0012235 0.000905375 0.0012352 0.0009092084 0.001223 0.000904 0.0012332 0.0009082 6520 9391 2439 1079 45040 818087 16 290856 87812 9391 19.9091796875 5.2685546875 0.1875 1.564453125
map_5 45 1 5 5 5 1 1 0.001707333 0.001613584 0.0017197996 0.0016144254 0.001705 0.001611 0.0017174 0.0016118 9057 3170 3670 1892 71385 1542475 302 894167 121871 3170 25.919921875 9.23828125 0.24609375 1.5205078125
map_6 45 0 5 5 5 1 1 0.001911 0.0006695 0.0019186418 0.0006703166 0.001907 0.00067 0.001916 0.0006694 10212 1835 5226 1239 70088 598588 337 383446 133835 1835 33.517578125 6.0498046875 0.2666015625 1.4326171875
map_7 45 1 5 5 5 1 1 0.001578792 0.000281334 0.0015856168 0.0002815002 0.001578 0.000281 0.0015842 0.0002812 8397 1126 3266 794 57406 232701 130 157565 117812 1126 23.947265625 3.876953125 0.240234375 1.412109375
map_8 45 0 5 5 5 1 1 0.001577625 0.001985375 0.0015905916 0.001984525 0.001578 0.001985 0.001589 0.0019838 8472 3392 3495 2124 67117 1895893 133 1126975 115160 3392 25.0654296875 10.37109375 0.263671875 1.4443359375
map_9 45 1 5 5 5 1 1 0.002057875 0.002196125 0.0020138666 0.0021965916 0.002053 0.002195 0.002011 0.0021948 10079 4561 4616 2192 61812 2130651 413 1200753 141280 4561 30.5390625 10.703125 0.2255859375 1.5966796875
map_0 46 1 5 5 5 1 1 0.001913291 0.00056425 0.0019153078 0.0005761832 0.001913 0.000563 0.001915 0.0005756 10067 1869 5360 1091 63261 508884 132 297526 141759 1869 34.171875 5.3271484375 0.234375 1.505859375
map_1 46 0 5 5 5 1 1 0.0018445 0.0006555 0.0018569334 0.0006588582 0.001842 0.000654 0.0018544 0.0006578 9862 1989 3340 1165 78816 606839 119 339295 134077 1989 24.30859375 5.6884765625 0.2373046875 1.541015625
map_2 46 1 5 5 5 1 1 0.001523833 0.001219292 0.0015427998 0.0012195752 0.001524 0.001217 0.0015428 0.0012174 8162 2978 4334 1594 50178 1177321 87 634774 111801 2978 29.162109375 7.783203125 0.234375 1.51171875
map_3 46 0 5 5 5 1 1 0.001710125 0.005985792 0.0017271998 0.0059846502 0.00171 0.005985 0.0017236 0.005984 9039 7375 4014 3698 69379 5974950 95 3418015 127996 7375 27.599609375 18.056640625 0.2724609375 1.822265625
map_4 46 1 5 5 5 1 1 0.001538083 0.000580584 0.0015587168 0.0005809086 0.001537 0.00058 0.0015562 0.0005796 8278 1737 3836 1117 55270 527765 107 311682 111436 1737 26.73046875 5.4541015625 0.2109375 1.353515625
map_5 46 0 5 5 5 1 1 0.001799125 0.001114334 0.0018120498 0.0011160836 0.001796 0.001114 0.0018094 0.001115 9499 2578 3738 1586 73336 1023572 319 628487 127092 2578 26.251953125 7.744140625 0.1728515625 1.470703125
map_6 46 1 5 5 5 1 1 0.001971833 0.002490667 0.0019636582 0.002490975 0.001971 0.00249 0.0019622 0.0024898 10410 7506 4498 2127 64546 2536465 199 1130441 145364 7506 29.962890625 10.3857421875 0.2255859375 1.4765625
map_7 46 0 5 5 5 1 1 0.002009542 0.001900959 0.00199735 0.0019126336 0.002007 0.001898 0.0019934 0.0019072 10297 4086 4907 1939 75770 1904400 454 939509 138954 4086 31.9599609375 9.4677734375 0.1875 1.76953125
map_8 46 1 5 5 5 1 1 0.001393917 0.000501583 0.001406625 0.0005017002 0.001393 0.000501 0.001405 0.0005008 7421 1538 2951 1079 52068 435002 22 290803 102505 1538 22.4091796875 5.2685546875 0.234375 1.3447265625
map_9 46 0 5 5 5 1 1 0.001152417 0.000982 0.0011616916 0.0010095832 0.001152 0.000982 0.001161 0.0010076 6255 2255 2565 1525 45230 902179 44 580997 84523 2255 20.5244140625 7.4462890625 0.216796875 1.44140625
map_0 47 0 5 5 5 1 1 0.001841291 0.001576166 0.0018553 0.0015750666 0.001837 0.001575 0.001854 0.0015744 9855 3501 4538 1860 72836 1503165 353 864348 138570 3501 30.158203125 9.08203125 0.234375 1.482421875
map_1 47 1 5 5 5 1 1 0.001754667 0.000523834 0.0018200252 0.0005258918 0.001751 0.000524 0.001817 0.000525 9327 1732 3821 1045 75784 475757 124 273003 132416 1732 26.6572265625 5.1025390625 0.2841796875 1.44140625
map_2 47 0 5 5 5 1 1 0.001929167 0.000304125 0.0019425748 0.0003037084 0.001927 0.000304 0.0019398 0.0003036 10304 1245 5001 803 72611 246655 457 161140 137256 1245 32.4189453125 3.9208984375 0.2373046875 1.4208984375
map_3 47 1 5 5 5 1 1 0.002047375 0.00088825 0.0020556916 0.0008885998 0.002044 0.000885 0.002054 0.0008872 10896 2336 4660 1435 91990 793312 253 514392 150856 2336 30.75390625 7.0068359375 0.2666015625 1.5615234375
map_4 47 0 5 5 5 1 1 0.002139375 0.000836875 0.0021354 0.0008366668 0.002139 0.000833 0.0021342 0.0008356 11291 2189 5612 1355 76687 768283 496 458642 159682 2189 35.40234375 6.6162109375 0.22265625 1.4091796875
map_5 47 1 5 5 5 1 1 0.001579917 0.002560166 0.0015773502 0.0025712666 0.001579 0.002559 0.0015772 0.0025692 8064 3959 3084 2406 76186 2487973 72 1447111 105912 3959 23.05859375 11.748046875 0.193359375 1.78125
map_6 47 0 5 5 5 1 1 0.001783459 0.000277042 0.0017936832 0.0002773002 0.00178 0.000277 0.0017918 0.0002772 9523 1296 3749 774 71776 227134 156 149742 128711 1296 26.3056640625 3.779296875 0.2314453125 1.423828125
map_7 47 1 5 5 5 1 1 0.00201825 0.000857834 0.002037725 0.0008604416 0.002015 0.000857 0.0020352 0.0008574 10875 2362 4313 1370 62541 790056 218 468774 155008 2362 29.0595703125 6.689453125 0.2373046875 1.40625
map_8 47 0 5 5 5 1 1 0.001872792 0.000290083 0.001881475 0.0002907252 0.001869 0.000291 0.0018794 0.000291 9739 1363 4492 760 73908 252961 143 144395 132315 1363 29.93359375 3.7109375 0.2724609375 1.423828125
map_9 47 1 5 5 5 1 1 0.001958209 0.001398666 0.0019692336 0.0013982168 0.001954 0.001396 0.001968 0.0013962 10294 2817 4642 1780 68984 1322511 87 791317 146544 2817 30.666015625 8.69140625 0.205078125 1.3505859375
map_0 48 1 5 5 5 1 1 0.001997042 0.000723375 0.002019975 0.0007227664 0.001997 0.000721 0.0020194 0.0007214 10743 3941 5430 947 74868 761103 491 224166 142283 3941 34.513671875 4.6240234375 0.251953125 1.494140625
map_1 48 0 5 5 5 1 1 0.001783791 0.0071525 0.0018003748 0.0071602498 0.001782 0.007149 0.0017986 0.0071534 9624 6919 3647 3898 64176 6870459 125 3797771 125227 6919 25.8076171875 19.033203125 0.240234375 1.83984375
map_2 48 1 5 5 5 1 1 0.001748917 0.007010375 0.0017664586 0.0070100416 0.001749 0.007008 0.0017648 0.0070076 9427 7718 4112 3814 63239 7377704 400 3636279 123840 7716 28.078125 18.623046875 0.263671875 1.79296875
map_3 48 0 5 5 5 1 1 0.002140792 0.002764458 0.002149325 0.0027651584 0.00214 0.002763 0.002148 0.002764 11327 4618 4958 2358 91649 2843198 308 1390021 148240 4618 32.208984375 11.513671875 0.2578125 1.5
map_4 48 1 5 5 5 1 1 0.001617791 0.00024 0.0016309664 0.0002410002 0.001615 0.00024 0.0016294 0.0002404 8726 1071 3567 751 57612 188771 226 140993 116901 1071 25.4169921875 3.6669921875 0.2666015625 1.400390625
map_5 48 0 5 5 5 1 1 0.001714917 0.000313458 0.0017301168 0.0002991832 0.001712 0.000313 0.0017276 0.0002986 8930 977 2495 743 94846 188870 70 137978 119992 977 20.1826171875 3.6279296875 0.2197265625 1.3681640625
map_6 48 1 5 5 5 1 1 0.001882583 0.005201834 0.001896767 0.0052021252 0.001882 0.005201 0.001896 0.0052016 10105 6352 3886 3383 75632 5289188 408 2859633 133204 6351 26.974609375 16.5185546875 0.205078125 1.546875
map_7 48 0 5 5 5 1 1 0.0014875 0.0008585 0.0015025498 0.0008617834 0.001484 0.000858 0.0015004 0.000861 7971 2192 3102 1362 52669 803163 144 463445 110139 2192 23.146484375 6.650390625 0.216796875 1.4501953125
map_8 48 1 5 5 5 1 1 0.001506292 0.000402542 0.0015410418 0.0004031916 0.001506 0.000402 0.0015372 0.0004022 7993 1357 3573 1002 58004 327123 64 250770 105901 1357 25.4462890625 4.892578125 0.2197265625 1.3916015625
map_9 48 0 5 5 5 1 1 0.001613667 0.0013175 0.0016244418 0.0013195582 0.001611 0.001315 0.0016232 0.0013182 8688 3048 3174 1649 63134 1285661 314 679148 115486 3048 23.498046875 8.0517578125 0.181640625 1.3623046875
map_0 49 0 5 5 5 1 1 0.001445666 0.004253 0.0014615332 0.0043151332 0.001447 0.00425 0.0014602 0.004313 7719 7436 3814 3017 51672 4289827 9 2274236 108223 7436 26.623046875 14.7314453125 0.2548828125 1.55859375
map_1 49 1 5 5 5 1 1 0.001538459 0.000270292 0.0015718834 0.0002710248 0.001536 0.00027 0.001568 0.000271 7917 1157 3509 765 53299 225349 40 146269 112905 1157 25.1337890625 3.7353515625 0.26953125 1.40625
map_2 49 0 5 5 5 1 1 0.00169825 0.00037 0.0017126084 0.0003698082 0.001696 0.000369 0.0017116 0.000369 9184 1435 4094 880 63143 318705 202 193587 123619 1435 27.990234375 4.296875 0.2431640625 1.4326171875
map_3 49 1 5 5 5 1 1 0.00179475 0.001423584 0.0018241832 0.0014237588 0.001789 0.001422 0.0018202 0.0014212 9177 3372 3520 1737 78754 1371585 97 753610 127948 3372 25.1875 8.4814453125 0.24609375 1.48828125
map_4 49 0 5 5 5 1 1 0.001564625 0.0010655 0.0015758252 0.0010829002 0.001563 0.001065 0.0015726 0.0010808 8356 2777 3435 1439 60906 1020158 123 517481 114573 2777 24.7724609375 7.0263671875 0.2255859375 1.6083984375
map_5 49 1 5 5 5 1 1 0.002207 0.00219725 0.0022184918 0.0021973582 0.002204 0.002196 0.0022166 0.0021958 11598 4098 5324 2106 106038 2235334 536 1108383 156935 4098 33.99609375 10.283203125 0.2314453125 1.365234375
map_6 49 0 5 5 5 1 1 0.00236725 0.002561667 0.0023934418 0.002580525 0.002368 0.002561 0.002392 0.0025736 12820 4214 7430 2386 87101 2466448 1457 1422391 165127 4213 44.279296875 11.650390625 0.2724609375 1.552734375
map_7 49 1 5 5 5 1 1 0.001436333 0.009599625 0.0014350668 0.0096116084 0.001435 0.009595 0.0014342 0.0096084 7538 8103 3191 4811 49669 9480648 19 5785890 103928 8103 23.5810546875 23.4912109375 0.240234375 1.646484375
map_8 49 0 5 5 5 1 1 0.00198725 0.000268834 0.002004725 0.0002689168 0.001984 0.000268 0.0020016 0.0002686 10557 1127 5755 768 77587 222687 576 147451 142709 1127 36.1005859375 3.75 0.2255859375 1.3447265625
map_9 49 1 5 5 5 1 1 0.002044458 0.000383625 0.0021259834 0.00038325 0.002041 0.000381 0.0021234 0.0003824 10651 1602 5406 885 71559 336025 415 195714 142291 1602 34.396484375 4.3212890625 0.275390625 1.447265625
map_0 50 1 5 5 5 1 1 0.001331042 0.009247125 0.00134475 0.009252792 0.00133 0.009244 0.001343 0.0092502 7137 11341 3056 4445 47045 9594376 3 4938326 93685 11339 22.921875 21.7041015625 0.22265625 1.658203125
map_1 50 0 5 5 5 1 1 0.001609375 0.002415416 0.0016170418 0.0024257334 0.001605 0.002415 0.0016138 0.0024238 8552 4087 2962 2311 65913 2365775 9 1334202 118703 4087 22.462890625 11.2841796875 0.234375 1.517578125
map_2 50 1 5 5 5 1 1 0.001148291 0.001413083 0.0011609332 0.0014136834 0.001147 0.001413 0.00116 0.0014124 6110 4864 2034 1488 39215 1505138 32 553296 82280 4864 17.931640625 7.265625 0.216796875 1.6494140625
map_3 50 0 5 5 5 1 1 0.002033541 0.000325125 0.0020459498 0.0003258336 0.002033 0.000325 0.0020452 0.0003252 10885 1312 4286 840 101560 277401 381 176251 134001 1312 28.927734375 4.1015625 0.2578125 1.3798828125
map_4 50 1 5 5 5 1 1 0.001683292 0.000791375 0.0016980586 0.0007905168 0.001683 0.000789 0.0016962 0.000789 9206 5605 4330 1248 55066 673425 479 388995 123939 5605 29.142578125 6.09375 0.2255859375 1.3857421875
map_5 50 0 5 5 5 1 1 0.001995 0.001575083 0.0020067498 0.0015949418 0.001992 0.001572 0.0020048 0.0015922 10460 3374 4618 1852 95169 1538270 240 856819 137646 3374 30.548828125 9.04296875 0.2255859375 1.5322265625
map_6 50 1 5 5 5 1 1 0.001467542 0.001008 0.0014752918 0.0010079666 0.001464 0.001006 0.0014728 0.0010066 7875 2392 2044 1558 50365 898893 49 606289 100355 2392 17.98046875 7.607421875 0.2109375 1.4296875
map_7 50 0 5 5 5 1 1 0.001463375 0.002563291 0.0014738164 0.0025628248 0.00146 0.00256 0.0014716 0.002561 7765 3724 2837 2470 51682 2448439 14 1524477 107186 3724 21.8525390625 12.060546875 0.2607421875 1.3828125
map_8 50 1 5 5 5 1 1 0.001720917 0.000250041 0.0017329998 0.000250983 0.001721 0.000249 0.0017308 0.0002492 9186 1018 3054 770 75025 197466 163 148178 116187 1018 22.912109375 3.759765625 0.2373046875 1.3916015625
map_9 50 0 5 5 5 1 1 0.001574459 0.000245625 0.0015929836 0.0002473666 0.001574 0.000246 0.0015904 0.0002472 8471 982 3628 766 62721 196783 79 146685 111769 982 25.71484375 3.740234375 0.2548828125 1.365234375
map_0 51 0 5 5 5 1 1 0.0018585 0.000340208 0.0018713248 0.0003403248 0.001856 0.00034 0.0018688 0.0003396 9732 1432 4428 838 61855 294146 117 175502 131999 1432 29.62109375 4.091796875 0.2197265625 1.46484375
map_1 51 1 5 5 5 1 1 0.001290875 0.000268584 0.0013012086 0.000268692 0.00129 0.000268 0.0012996 0.0002678 6927 1134 2164 750 57296 226166 80 140623 96029 1134 18.56640625 3.662109375 0.2578125 1.4560546875
map_2 51 0 5 5 5 1 1 0.001815375 0.003266041 0.0018204502 0.0032657582 0.001812 0.003262 0.0018176 0.0032624 9616 4952 4198 2682 75323 3248881 206 1798154 127607 4952 28.498046875 13.095703125 0.2255859375 1.9306640625
map_3 51 1 5 5 5 1 1 0.002368083 0.006559084 0.0023529248 0.0065581252 0.002364 0.006556 0.0023508 0.0065552 12267 7662 6177 3691 100344 6877226 954 3404460 160200 7662 38.1611328125 18.0224609375 0.19921875 1.6728515625
map_4 51 0 5 5 5 1 1 0.001712208 0.001042625 0.0017201 0.0010420084 0.001709 0.001042 0.0017168 0.0010414 9127 2386 4468 1529 56105 962270 342 583985 128565 2386 29.81640625 7.4658203125 0.2197265625 1.4296875
map_5 51 1 5 5 5 1 1 0.002020416 0.000444167 0.0020386084 0.0004444668 0.002019 0.000443 0.0020374 0.0004434 10630 1490 4330 1015 116969 377894 404 257415 141996 1490 29.142578125 4.9560546875 0.228515625 1.4091796875
map_6 51 0 5 5 5 1 1 0.001791708 0.003249167 0.001802275 0.0032533834 0.001789 0.003249 0.0017998 0.0032518 9639 5100 4027 2615 66279 3294990 164 1709525 125970 5100 27.6630859375 12.7685546875 0.2607421875 2.0302734375
map_7 51 1 5 5 5 1 1 0.001493125 0.00269525 0.0015002 0.0026947168 0.001493 0.002693 0.001498 0.0026918 8032 4605 3973 2313 53794 2791912 50 1336571 112640 4605 27.3994140625 11.2939453125 0.24609375 1.3916015625
map_8 51 0 5 5 5 1 1 0.001402209 0.006385334 0.001405267 0.0064688916 0.001402 0.006385 0.0014054 0.006465 7324 6221 2244 3921 62065 6238973 47 3841767 94278 6221 18.95703125 19.1455078125 0.205078125 1.529296875
map_9 51 1 5 5 5 1 1 0.001869834 0.001269125 0.0018524086 0.001274775 0.001868 0.001267 0.0018448 0.0012714 9260 2883 4000 1620 63419 1239817 57 655669 124129 2883 27.53125 7.91015625 0.2109375 1.48828125
map_0 52 1 5 5 5 1 1 0.001616042 0.005640625 0.0016308834 0.005643275 0.001617 0.005638 0.0016298 0.0056398 8452 6094 3070 3645 69168 5560920 171 3321160 118525 6093 22.990234375 17.7978515625 0.24609375 1.9658203125
map_1 52 0 5 5 5 1 1 0.002224583 0.006862542 0.00223785 0.0068820082 0.002221 0.006858 0.002235 0.0068784 12101 6963 5123 3910 73822 6834616 739 3821710 159564 6962 33.0146484375 19.091796875 0.2314453125 1.8603515625
map_2 52 1 5 5 5 1 1 0.001572083 0.0009755 0.0015642 0.0009752252 0.001572 0.000973 0.001564 0.0009732 8209 2468 2938 1442 61893 919152 23 519243 109546 2468 22.345703125 7.041015625 0.2138671875 1.318359375
map_3 52 0 5 5 5 1 1 0.001672041 0.000667708 0.0016804832 0.0006686082 0.001668 0.000666 0.0016794 0.0006678 8857 1910 3465 1219 72001 600814 215 371193 121032 1910 24.9189453125 5.9521484375 0.275390625 1.517578125
map_4 52 1 5 5 5 1 1 0.001656209 0.00027525 0.0016686754 0.0002752666 0.001655 0.000275 0.0016682 0.000275 8960 1129 3717 798 60610 223755 148 159143 119618 1129 26.1494140625 3.896484375 0.2109375 1.3974609375
map_5 52 0 5 5 5 1 1 0.00146275 0.001177833 0.0014704 0.0011796082 0.001462 0.001174 0.0014688 0.0011784 7659 2368 1944 1740 66920 1028560 24 756275 98325 2368 17.4921875 8.49609375 0.2080078125 1.41796875
map_6 52 1 5 5 5 1 1 0.001823833 0.00056025 0.0018394498 0.0005611582 0.001821 0.000561 0.0018372 0.0005606 9849 3495 3064 883 62177 548070 386 194897 126173 3495 22.9609375 4.3115234375 0.22265625 1.4443359375
map_7 52 0 5 5 5 1 1 0.001778792 0.000507625 0.0017918668 0.0005087418 0.001779 0.000504 0.00179 0.0005064 9512 1553 3882 1082 63573 437815 286 292449 131552 1553 26.955078125 5.283203125 0.228515625 1.3916015625
map_8 52 1 5 5 5 1 1 0.001702959 0.000336375 0.0017173332 0.000336633 0.001702 0.000336 0.001716 0.0003366 9092 1472 3696 873 67900 278847 58 190388 126341 1472 26.046875 4.2626953125 0.2607421875 1.3740234375
map_9 52 0 5 5 5 1 1 0.001360833 0.0003055 0.0013732248 0.0003057668 0.001358 0.000305 0.0013712 0.0003056 7291 1219 2312 806 52328 261924 13 162313 98467 1219 19.2890625 3.935546875 0.2109375 1.3798828125
map_0 53 0 5 5 5 1 1 0.001437417 0.00035725 0.0014581672 0.00035805 0.001437 0.000357 0.001456 0.0003568 7745 1301 3322 890 56334 305030 36 197916 111770 1301 24.220703125 4.345703125 0.193359375 1.4150390625
map_1 53 1 5 5 5 1 1 0.001664958 0.001769375 0.0016731166 0.0017711668 0.001664 0.001767 0.00167 0.0017696 8641 3375 3150 1954 74086 1716529 29 953887 118436 3375 23.380859375 9.541015625 0.228515625 1.5087890625
map_2 53 0 5 5 5 1 1 0.002045958 0.000679875 0.0020520746 0.0006800582 0.002044 0.000679 0.0020496 0.0006798 10786 2000 5693 1246 78447 617187 807 387729 147530 2000 35.7978515625 6.083984375 0.2431640625 1.37109375
map_3 53 1 5 5 5 1 1 0.001963791 0.000573208 0.0019806752 0.0005731916 0.001964 0.000573 0.0019802 0.0005728 10521 1749 4290 1120 99300 511960 168 313400 138987 1749 28.947265625 5.46875 0.240234375 1.41796875
map_4 53 0 5 5 5 1 1 0.001636208 0.00047575 0.0016541998 0.0004787248 0.001636 0.000475 0.0016518 0.0004762 8799 1480 3465 1049 62984 408824 64 275046 126985 1480 24.9189453125 5.1220703125 0.2724609375 1.423828125
map_5 53 1 5 5 5 1 1 0.001774958 0.001025542 0.0018142246 0.0010335834 0.001775 0.001025 0.0018118 0.0010286 9167 2367 3294 1521 104528 915825 125 577770 121720 2367 24.083984375 7.4267578125 0.19921875 1.3916015625
map_6 53 0 5 5 5 1 1 0.002008667 0.000569666 0.0020258416 0.0005706832 0.002008 0.00057 0.002023 0.0005706 10712 2073 4432 1072 90846 518968 87 287211 147789 2073 29.640625 5.234375 0.2548828125 1.458984375
map_7 53 1 5 5 5 1 1 0.000795916 0.001786458 0.0007981834 0.0017880498 0.000793 0.001785 0.0007976 0.0017858 4169 5166 1074 1955 31078 1703488 37 954912 59347 5166 13.244140625 9.5458984375 0.2578125 1.517578125
map_8 53 0 5 5 5 1 1 0.002089667 0.0003225 0.0021016834 0.0003228502 0.002086 0.000322 0.0021004 0.000322 11005 1219 5948 852 75573 270876 821 181308 151565 1219 37.04296875 4.16015625 0.251953125 1.3212890625
map_9 53 1 5 5 5 1 1 0.001576416 0.003522291 0.0015861664 0.0035223832 0.001576 0.003519 0.0015854 0.0035196 8263 5187 3411 2770 52723 3538851 20 1917113 119431 5186 24.6552734375 13.525390625 0.2314453125 1.4208984375
map_0 54 1 5 5 5 1 1 0.001911334 0.000517083 0.001914792 0.0005175748 0.001909 0.000517 0.0019136 0.0005174 10064 2445 4443 927 73511 498772 147 214620 137730 2445 29.6943359375 4.5263671875 0.228515625 1.3095703125
map_1 54 0 5 5 5 1 1 0.001548584 0.014395125 0.0015594336 0.0143984998 0.001546 0.014395 0.0015572 0.014396 8289 10341 2880 5770 67769 14701645 44 8320448 116371 10340 22.0625 28.173828125 0.216796875 1.65234375
map_2 54 1 5 5 5 1 1 0.00184475 0.0044835 0.001852367 0.0044827002 0.001841 0.004482 0.001851 0.0044804 9634 5997 4380 3130 74214 4523389 117 2447789 132263 5997 29.38671875 15.283203125 0.228515625 1.5703125
map_3 54 0 5 5 5 1 1 0.002474875 0.000775333 0.002489033 0.0007759334 0.002472 0.000774 0.0024862 0.000775 13230 2039 6830 1332 110351 698761 814 443263 185970 2039 41.349609375 6.50390625 0.2373046875 1.44140625
map_4 54 1 5 5 5 1 1 0.001931334 0.000407584 0.0019416586 0.0004069586 0.001928 0.000405 0.0019398 0.000406 10366 1484 4414 913 68532 359871 303 208200 147117 1484 29.552734375 4.4580078125 0.2666015625 1.365234375
map_5 54 0 5 5 5 1 1 0.002191209 0.000731916 0.0022065418 0.0007311584 0.00219 0.000732 0.0022062 0.0007312 11359 2229 4528 1198 127703 697153 359 358526 149850 2229 30.109375 5.849609375 0.2578125 1.48828125
map_6 54 1 5 5 5 1 1 0.002040125 0.001892875 0.0020564416 0.001893425 0.002037 0.00189 0.0020538 0.0018908 10867 3460 5074 2063 83240 1817704 774 1063424 136342 3460 32.775390625 10.0732421875 0.2373046875 1.40625
map_7 54 0 5 5 5 1 1 0.001428708 0.000403417 0.0014434664 0.0004026 0.00143 0.000403 0.0014418 0.0004022 7754 1349 3207 948 53490 345258 237 224499 108697 1349 23.6591796875 4.62890625 0.2109375 1.365234375
map_8 54 1 5 5 5 1 1 0.001458167 0.000348375 0.0014599668 0.0003486416 0.001458 0.000348 0.0014592 0.0003484 7877 1544 3517 849 55024 302351 71 180190 105591 1544 25.1728515625 4.1455078125 0.22265625 1.40625
map_9 54 0 5 5 5 1 1 0.001842375 0.003203666 0.0018625998 0.0032823582 0.001841 0.003204 0.0018604 0.0032796 9880 4414 4932 2665 72018 3170257 362 1774511 132441 4414 32.08203125 13.0126953125 0.2548828125 1.3623046875
map_0 55 0 5 5 5 1 1 0.002126417 0.000568041 0.0021230748 0.0005686166 0.002116 0.000568 0.0021192 0.0005684 10820 1848 4588 1099 83048 508060 94 301681 150993 1848 30.40234375 5.3662109375 0.2578125 1.44140625
map_1 55 1 5 5 5 1 1 0.001670667 0.008573084 0.0016763168 0.0085750002 0.001667 0.008571 0.0016736 0.0085726 8869 7741 2317 4525 64181 8482651 3 5118255 120316 7741 19.3134765625 22.0947265625 0.228515625 1.7255859375
map_2 55 0 5 5 5 1 1 0.001633875 0.002195625 0.0016490582 0.0021989084 0.001631 0.002195 0.0016472 0.0021972 8822 3640 4041 2268 55807 2088545 66 1285024 115825 3640 27.7314453125 11.07421875 0.2373046875 1.4619140625
map_3 55 1 5 5 5 1 1 0.002388583 0.000325416 0.0023902748 0.0003264498 0.002385 0.000325 0.0023876 0.0003256 12584 1273 5655 875 103847 266816 433 191273 165859 1273 35.6123046875 4.2724609375 0.24609375 1.3916015625
map_4 55 0 5 5 5 1 1 0.001559792 0.000322958 0.0015719 0.0003234666 0.001559 0.000323 0.0015694 0.000323 8401 1220 3510 843 54664 276420 306 177574 114552 1220 25.138671875 4.1162109375 0.2548828125 1.3447265625
map_5 55 1 5 5 5 1 1 0.002200042 0.000231209 0.002248525 0.0002317168 0.002199 0.000231 0.0022454 0.0002312 11309 1019 5116 726 118373 182988 595 131729 148251 1019 32.98046875 3.544921875 0.19921875 1.3798828125
map_6 55 0 5 5 5 1 1 0.001931334 0.001828542 0.0019236084 0.0018269836 0.00192 0.001825 0.001919 0.0018256 9962 6030 4362 1871 81942 1804451 683 874417 135312 6030 29.298828125 9.1357421875 0.19921875 1.4267578125
map_7 55 1 5 5 5 1 1 0.002024542 0.0010305 0.0020281586 0.0010303002 0.002024 0.00103 0.0020278 0.0010296 10692 2443 5137 1517 63385 958334 548 574918 145441 2443 33.0830078125 7.4072265625 0.2021484375 1.306640625
map_8 55 0 5 5 5 1 1 0.001697417 0.000507084 0.0017131416 0.0005080918 0.001695 0.000506 0.0017112 0.0005074 9115 1633 3799 1065 61616 441163 47 283402 122243 1633 26.5498046875 5.2001953125 0.2490234375 1.4443359375
map_9 55 1 5 5 5 1 1 0.001079625 0.004713791 0.0010925082 0.00472365 0.001079 0.004711 0.0010894 0.0047206 5743 5477 1670 3387 46555 4531787 4 2866417 74503 5477 16.154296875 16.5380859375 0.2080078125 1.3974609375
map_0 56 1 5 5 5 1 1 0.001903875 0.001060792 0.0019096584 0.0010618084 0.001901 0.001058 0.001908 0.0010604 10162 2768 5185 1467 76119 1026401 424 537599 137414 2768 33.3173828125 7.1630859375 0.263671875 1.4765625
map_1 56 0 5 5 5 1 1 0.001866709 0.0005585 0.0018749084 0.00055815 0.001864 0.000557 0.0018734 0.0005574 9987 1785 4054 1075 85247 509074 227 288632 141082 1785 27.794921875 5.2490234375 0.205078125 1.4326171875
map_2 56 1 5 5 5 1 1 0.00135525 0.003994625 0.001347325 0.0039949418 0.001353 0.003992 0.001346 0.0039926 7121 6044 2313 2935 59918 4043465 14 2153298 93601 6044 19.2939453125 14.3310546875 0.2607421875 1.6904296875
map_3 56 0 5 5 5 1 1 0.001290375 0.000396084 0.0012976748 0.0004042334 0.001287 0.000396 0.0012952 0.000404 6919 1480 2704 921 49759 330576 5 211981 90675 1480 21.203125 4.4970703125 0.2080078125 1.4765625
map_4 56 1 5 5 5 1 1 0.00183025 0.000500166 0.0018419584 0.0005023916 0.001828 0.0005 0.0018402 0.0005014 9836 1596 4594 1068 61082 435738 192 285059 137942 1596 30.431640625 5.21484375 0.2578125 1.4560546875
map_5 56 0 5 5 5 1 1 0.002212333 0.003150125 0.0022243834 0.0031530498 0.002213 0.00315 0.0022222 0.0031514 11777 4639 4551 2553 113991 3238253 150 1628357 152174 4638 30.2216796875 12.4658203125 0.216796875 1.4619140625
map_6 56 1 5 5 5 1 1 0.00147475 0.001572167 0.0014812084 0.0015722084 0.001472 0.00157 0.0014804 0.0015702 7864 3322 3190 1894 63339 1479342 42 896462 108196 3321 23.576171875 9.248046875 0.2373046875 1.623046875
map_7 56 0 5 5 5 1 1 0.001457792 0.000399 0.0014700584 0.0003992918 0.001456 0.000398 0.0014678 0.0003986 7856 1343 3250 958 49314 340722 205 229221 110081 1343 23.869140625 4.677734375 0.240234375 1.3359375
map_8 56 1 5 5 5 1 1 0.0017625 0.0003465 0.00177425 0.0003470248 0.00176 0.000346 0.0017738 0.0003466 9537 1210 4645 910 63860 284670 191 206993 132270 1210 30.6806640625 4.443359375 0.2373046875 1.365234375
map_9 56 0 5 5 5 1 1 0.001432542 0.002459042 0.0014496418 0.0024600166 0.00143 0.002458 0.001448 0.0024578 7710 4378 4112 2264 47617 2458030 71 1281022 110626 4378 28.078125 11.0546875 0.2197265625 1.6025390625
map_0 57 0 5 5 5 1 1 0.001720541 0.00112625 0.001741883 0.001125008 0.00172 0.001123 0.0017394 0.0011234 9250 3554 4219 1464 69149 1101215 134 535382 124596 3554 28.6005859375 7.1484375 0.2490234375 1.453125
map_1 57 1 5 5 5 1 1 0.001791 0.000328625 0.0018018666 0.0003284164 0.00179 0.000328 0.0018008 0.0003284 9504 1261 3695 846 76043 276889 175 178846 133559 1261 26.0419921875 4.130859375 0.2255859375 1.3974609375
map_2 57 0 5 5 5 1 1 0.001338084 0.001362083 0.0013527334 0.0013623916 0.001335 0.001361 0.0013508 0.0013614 7125 2797 2658 1787 51845 1257443 50 798138 98511 2797 20.978515625 8.7255859375 0.228515625 1.6376953125
map_3 57 1 5 5 5 1 1 0.002035417 0.001788875 0.0020373166 0.001790075 0.002032 0.001786 0.0020358 0.0017874 10878 3437 3663 1968 94886 1745466 200 967478 137606 3437 25.8857421875 9.609375 0.263671875 1.423828125
map_4 57 0 5 5 5 1 1 0.001358042 0.000878875 0.0013703168 0.000884375 0.001357 0.000878 0.0013698 0.000884 7385 2180 3278 1349 46294 819263 124 454694 102999 2180 24.005859375 6.5869140625 0.22265625 1.458984375
map_5 57 1 5 5 5 1 1 0.001936208 0.001229208 0.0019503082 0.0012347916 0.001935 0.001228 0.0019486 0.0012332 9913 2700 3243 1705 120519 1117484 51 726351 132999 2700 23.8349609375 8.3251953125 0.228515625 1.4208984375
map_6 57 0 5 5 5 1 1 0.001574875 0.000425208 0.0015885332 0.00042535 0.001575 0.000424 0.0015858 0.000425 8298 1659 2534 903 64700 387362 50 203762 114879 1659 20.373046875 4.4091796875 0.2197265625 1.4326171875
map_7 57 1 5 5 5 1 1 0.001851583 0.000390167 0.0018685082 0.0003911834 0.00185 0.000389 0.0018678 0.0003902 9876 1495 4369 891 65926 348745 283 198302 131924 1495 29.3330078125 4.3505859375 0.251953125 1.3740234375
map_8 57 0 5 5 5 1 1 0.001867459 0.000856042 0.0018541586 0.0008582 0.001865 0.000856 0.0018518 0.0008568 9747 4525 4927 1172 77853 823046 329 343127 132578 4525 32.0576171875 5.72265625 0.2255859375 1.4267578125
map_9 57 1 5 5 5 1 1 0.001329541 0.0007545 0.0013439584 0.00075585 0.001329 0.000754 0.0013426 0.000755 7156 2275 2484 1209 48064 727671 5 365284 100436 2275 20.12890625 5.9033203125 0.2490234375 1.5
map_0 58 1 5 5 5 1 1 0.001704208 0.000544792 0.0017211248 0.0005384168 0.001701 0.000544 0.0017194 0.0005376 9173 1634 4876 1078 62221 464471 204 290270 132544 1634 31.80859375 5.263671875 0.2578125 1.3974609375
map_1 58 0 5 5 5 1 1 0.001945333 0.000781875 0.001959983 0.0007823002 0.001942 0.000779 0.0019586 0.0007814 10478 2126 3844 1299 81342 721941 228 421456 147337 2126 26.76953125 6.3427734375 0.22265625 1.3857421875
map_2 58 1 5 5 5 1 1 0.001887917 0.01211325 0.0019254918 0.01211745 0.001887 0.012109 0.0019218 0.0121132 9827 9160 4379 5272 72050 12368233 270 6947077 132860 9159 29.3818359375 25.7421875 0.2314453125 1.3740234375
map_3 58 0 5 5 5 1 1 0.001517166 0.002227792 0.0015277664 0.0022278086 0.001515 0.002223 0.001526 0.0022252 8016 3812 2888 2229 65614 2140332 11 1241565 108138 3812 22.1015625 10.8837890625 0.2431640625 1.5029296875
map_4 58 1 5 5 5 1 1 0.001555 0.000933333 0.001563775 0.0009336498 0.001552 0.000933 0.001562 0.0009328 8320 2313 4269 1432 50694 870968 208 512244 109668 2313 28.8447265625 6.9921875 0.263671875 1.4296875
map_5 58 0 5 5 5 1 1 0.001629208 0.002060875 0.0016338498 0.0020627332 0.001626 0.002058 0.001632 0.0020604 8508 3629 2106 2130 96460 2014165 94 1133575 112452 3629 18.283203125 10.400390625 0.216796875 1.529296875
map_6 58 1 5 5 5 1 1 0.002302625 0.001581125 0.0023181498 0.0015821166 0.002302 0.001577 0.0023162 0.0015798 12461 3108 4421 1914 79535 1475356 708 915243 158669 3108 29.5869140625 9.345703125 0.263671875 1.564453125
map_7 58 0 5 5 5 1 1 0.001822083 0.002898208 0.0018416498 0.002896925 0.001821 0.002887 0.001839 0.0028902 9894 4440 5046 2397 59993 2779774 346 1436367 134417 4440 32.638671875 11.7041015625 0.251953125 1.681640625
map_8 58 1 5 5 5 1 1 0.001419542 0.00262725 0.0014346166 0.0026278332 0.001419 0.002624 0.0014332 0.002625 7489 4200 2776 2410 55520 2585763 54 1451504 100291 4200 21.5546875 11.767578125 0.216796875 1.5029296875
map_9 58 0 5 5 5 1 1 0.001739125 0.003324625 0.001746975 0.0033253832 0.001735 0.003323 0.001745 0.0033234 9337 4542 4291 2754 60089 3269635 228 1896049 127897 4542 28.9521484375 13.447265625 0.2080078125 2.021484375
map_0 59 0 5 5 5 1 1 0.001571083 0.007452 0.0015855998 0.0074533502 0.001571 0.007451 0.0015854 0.0074512 8397 7854 3262 4141 58497 7483564 93 4286952 113518 7854 23.927734375 20.2197265625 0.2431640625 1.998046875
map_1 59 1 5 5 5 1 1 0.001766167 0.000612292 0.0017831832 0.0006128418 0.001766 0.000613 0.0017828 0.0006126 9540 1811 3714 1177 79434 544905 44 346135 134761 1811 26.134765625 5.7470703125 0.2578125 1.4443359375
map_2 59 0 5 5 5 1 1 0.001092917 0.00301125 0.001103975 0.0030128752 0.001092 0.00301 0.0011034 0.0030124 5838 4663 1866 2610 46577 2951726 27 1701960 79294 4663 17.111328125 12.744140625 0.2109375 1.365234375
map_3 59 1 5 5 5 1 1 0.001285208 0.000401084 0.0012970748 0.0004013168 0.001285 0.000401 0.0012956 0.0004004 7008 1446 3006 955 50364 338167 3 227985 92160 1446 22.677734375 4.6630859375 0.2138671875 1.458984375
map_4 59 0 5 5 5 1 1 0.001461792 0.000472 0.0014773748 0.0004717002 0.001462 0.000471 0.001476 0.000471 7954 1504 4600 1035 48218 411256 166 267752 111356 1504 30.4609375 5.0537109375 0.240234375 1.4267578125
map_5 59 1 5 5 5 1 1 0.002192958 0.001935667 0.0021902 0.00193525 0.002192 0.001933 0.0021886 0.0019342 11395 3485 5569 2050 96499 1890570 1092 1050053 153621 3485 35.1923828125 10.009765625 0.240234375 1.41796875
map_6 59 0 5 5 5 1 1 0.00210375 0.000362833 0.0021137832 0.0003663832 0.0021 0.000363 0.0021108 0.000366 11254 1414 5270 869 84274 307007 655 188766 148373 1414 33.732421875 4.2431640625 0.2578125 1.4384765625
map_7 59 1 5 5 5 1 1 0.001636958 0.00075875 0.001644925 0.0007598584 0.001636 0.000758 0.0016436 0.0007584 8840 2008 3900 1310 54723 682184 258 428946 120482 2008 27.04296875 6.396484375 0.216796875 1.4208984375
map_8 59 0 5 5 5 1 1 0.001724875 0.000676708 0.0017477084 0.0006753916 0.001724 0.000676 0.0017454 0.0006742 9238 1828 4077 1233 68493 616663 244 379696 122561 1828 27.9072265625 6.0205078125 0.228515625 1.330078125
map_9 59 1 5 5 5 1 1 0.0013445 0.000499292 0.0013853166 0.0004995332 0.001342 0.000498 0.0013816 0.0004984 7172 1608 3292 1012 51131 460527 96 256022 101448 1608 24.07421875 4.94140625 0.1962890625 1.3857421875
map_0 60 1 5 5 5 1 1 0.001765791 0.000753958 0.0017868834 0.0007545248 0.001763 0.000753 0.0017862 0.0007532 9563 2530 5286 1163 58301 736476 179 337817 130846 2530 33.810546875 5.6787109375 0.2255859375 1.4267578125
map_1 60 0 5 5 5 1 1 0.001784208 0.002335459 0.0018185582 0.0023379584 0.001781 0.002334 0.0018166 0.0023368 9666 4193 3903 2246 67599 2296886 81 1260527 134621 4193 27.0576171875 10.966796875 0.2490234375 1.640625
map_2 60 1 5 5 5 1 1 0.001893875 0.006527083 0.00190665 0.0065298082 0.001893 0.006524 0.0019052 0.0065268 10201 6864 4219 3757 82610 6735040 221 3527967 137289 6863 28.6005859375 18.3447265625 0.2724609375 1.845703125
map_3 60 0 5 5 5 1 1 0.001939334 0.00078475 0.0019497666 0.0007859668 0.001939 0.000784 0.0019488 0.0007852 10292 2127 4343 1324 90977 713263 233 438070 141341 2127 29.2060546875 6.46484375 0.2373046875 1.5849609375
map_4 60 1 5 5 5 1 1 0.001799458 0.000386625 0.001800425 0.000387858 0.0018 0.000386 0.0018 0.0003868 9408 1248 4284 992 60011 315201 41 245894 129154 1248 28.91796875 4.84375 0.28125 1.44140625
map_5 60 0 5 5 5 1 1 0.001596459 0.001210875 0.0016059418 0.0012108082 0.001595 0.001211 0.0016042 0.0012104 8372 2641 2514 1636 66645 1137457 25 668935 110646 2641 20.275390625 7.98828125 0.2197265625 1.5703125
map_6 60 1 5 5 5 1 1 0.002173625 0.000405417 0.0021759918 0.0004064918 0.002173 0.000405 0.0021746 0.0004056 11452 1549 3502 910 79774 360092 79 206964 145141 1549 25.099609375 4.443359375 0.216796875 1.48828125
map_7 60 0 5 5 5 1 1 0.001727708 0.000364792 0.0017361166 0.0003608166 0.001725 0.000365 0.0017336 0.0003606 9159 1372 3517 829 63591 300224 199 171789 127405 1372 25.1728515625 4.0478515625 0.2197265625 1.447265625
map_8 60 1 5 5 5 1 1 0.001660125 0.003836375 0.001666075 0.0038368084 0.001659 0.003833 0.0016658 0.003834 8698 5160 3359 2976 65559 3759882 45 2214079 119464 5160 24.4013671875 14.53125 0.2255859375 1.81640625
map_9 60 0 5 5 5 1 1 0.002135791 0.003120042 0.0021528832 0.0031234002 0.002132 0.00312 0.00215 0.0031222 11239 4482 5623 2614 81382 3121357 550 1707501 157034 4482 35.4560546875 12.763671875 0.22265625 1.576171875
map_0 61 0 5 5 5 1 1 0.002034167 0.001272292 0.0020483334 0.0012728584 0.002031 0.001271 0.0020462 0.0012712 10833 3315 4347 1639 77135 1216969 217 670882 151896 3315 29.2255859375 8.0029296875 0.2607421875 1.39453125
map_1 61 1 5 5 5 1 1 0.001732125 0.00271075 0.0017474002 0.002714175 0.001733 0.002709 0.0017466 0.0027116 9141 6820 3715 2290 74859 2760905 45 1310089 130169 6820 26.1396484375 11.181640625 0.2548828125 1.541015625
map_2 61 0 5 5 5 1 1 0.00171775 0.002187875 0.0017322084 0.0021884918 0.001717 0.002185 0.0017306 0.0021862 9161 5563 3752 2020 63949 2255944 196 1020082 122751 5563 26.3203125 9.86328125 0.240234375 1.7314453125
map_3 61 1 5 5 5 1 1 0.001517291 0.001733416 0.0015330416 0.0017335664 0.001518 0.00173 0.001531 0.0017308 8219 3397 3159 1925 72474 1701072 140 925583 112653 3397 23.4248046875 9.3994140625 0.216796875 1.3798828125
map_4 61 0 5 5 5 1 1 0.001746667 0.0023125 0.001762017 0.00231385 0.001745 0.00231 0.0017596 0.0023128 9252 3863 5140 2340 62356 2187818 224 1368555 130799 3863 33.09765625 11.42578125 0.193359375 1.5703125
map_5 61 1 5 5 5 1 1 0.001978542 0.000848375 0.0019865082 0.0008499916 0.001978 0.000845 0.001986 0.0008482 10606 2282 5172 1371 71124 774425 169 469625 151241 2282 33.25390625 6.6943359375 0.24609375 1.53515625
map_6 61 0 5 5 5 1 1 0.001642 0.001407833 0.0016560834 0.001412683 0.001638 0.001407 0.0016542 0.001409 8878 10385 3523 1036 59632 1579894 370 268279 120624 10385 25.2021484375 5.05859375 0.228515625 1.5791015625
map_7 61 1 5 5 5 1 1 0.001924542 0.000619333 0.0019372334 0.000618825 0.001921 0.000617 0.0019352 0.0006178 10393 2049 4169 1089 57965 586053 405 296377 144887 2049 28.3564453125 5.3173828125 0.2021484375 1.59375
map_8 61 0 5 5 5 1 1 0.001638125 0.000408417 0.001664275 0.0004108418 0.001638 0.000409 0.0016624 0.0004096 8900 1474 4159 938 67419 353459 81 219897 115959 1474 28.3076171875 4.580078125 0.275390625 1.44140625
map_9 61 1 5 5 5 1 1 0.0015015 0.000482667 0.0015104416 0.00048325 0.001502 0.000481 0.0015092 0.0004816 8034 1662 3177 1048 58900 414251 42 274369 107292 1662 23.5126953125 5.1171875 0.2578125 1.4443359375
map_0 62 1 5 5 5 1 1 0.001353292 0.000476166 0.0013678668 0.0004765832 0.00135 0.000476 0.0013664 0.000476 7307 1637 2981 1006 45949 425248 15 252817 107785 1637 22.5556640625 4.912109375 0.2080078125 1.447265625
map_1 62 0 5 5 5 1 1 0.001581875 0.00153875 0.001595875 0.0015357 0.001581 0.001538 0.0015932 0.001535 8361 3168 3121 1810 88085 1479277 139 818313 116687 3168 23.2392578125 8.837890625 0.205078125 1.4560546875
map_2 62 1 5 5 5 1 1 0.001974084 0.00611525 0.0019825 0.0061152664 0.00197 0.006112 0.0019804 0.0061116 10436 6784 4888 3653 79081 6263003 789 3335604 139185 6784 31.8671875 17.8369140625 0.251953125 1.9248046875
map_3 62 0 5 5 5 1 1 0.001522125 0.001198041 0.0015343084 0.001198433 0.00152 0.001197 0.001533 0.0011974 8220 2671 2940 1617 65801 1140479 43 652992 102979 2671 22.35546875 7.8955078125 0.2255859375 1.34765625
map_4 62 1 5 5 5 1 1 0.001597833 0.000648959 0.001609708 0.0006485754 0.001598 0.000646 0.0016088 0.0006478 8525 1803 3669 1196 56221 588576 145 357560 125371 1803 25.9150390625 5.83984375 0.240234375 1.458984375
map_5 62 0 5 5 5 1 1 0.001830208 0.006642792 0.001843675 0.0066749084 0.001829 0.006632 0.0018416 0.0066692 9682 6992 3652 3861 98975 6635810 562 3726795 129206 6992 25.83203125 18.8525390625 0.216796875 1.8134765625
map_6 62 1 5 5 5 1 1 0.001876 0.002766209 0.0018975418 0.0027667084 0.001876 0.002764 0.0018936 0.0027638 9746 5608 4190 2424 79578 2742745 92 1468834 128762 5608 28.458984375 11.8359375 0.2255859375 1.763671875
map_7 62 0 5 5 5 1 1 0.001742708 0.00022475 0.0017603416 0.0002267666 0.001739 0.000224 0.0017586 0.0002264 9609 911 4561 743 55997 172768 648 137971 124914 911 30.2705078125 3.6279296875 0.251953125 1.341796875
map_8 62 1 5 5 5 1 1 0.001505541 0.000225667 0.0015187332 0.000225925 0.001506 0.000225 0.0015182 0.0002252 8092 983 3353 723 57715 178477 23 130666 108753 983 24.3720703125 3.5302734375 0.2255859375 1.3916015625
map_9 62 0 5 5 5 1 1 0.001719667 0.000742791 0.0017363834 0.0007429664 0.001719 0.000743 0.0017362 0.0007428 9267 2099 3684 1248 62490 692551 68 389085 124580 2099 25.98828125 6.09375 0.2314453125 1.505859375
map_0 63 0 5 5 5 1 1 0.001508958 0.000289875 0.0015205584 0.0002902918 0.001509 0.00029 0.001519 0.0002904 8099 1556 4047 739 56192 255645 44 136526 111578 1556 27.7607421875 3.6083984375 0.240234375 1.3564453125
map_1 63 1 5 5 5 1 1 0.001191 0.001850959 0.0011998502 0.001850725 0.001187 0.00185 0.001198 0.0018502 6356 3387 1717 2071 56043 1749508 10 1071431 80331 3387 16.3837890625 10.1123046875 0.2607421875 1.3974609375
map_2 63 0 5 5 5 1 1 0.001867917 0.004419792 0.0018847752 0.0044217752 0.001864 0.004416 0.001883 0.0044188 9954 5710 4027 3112 79582 4467495 257 2419659 131360 5710 27.6630859375 15.1953125 0.216796875 1.46484375
map_3 63 1 5 5 5 1 1 0.001831458 0.002168208 0.001844975 0.0021685 0.001831 0.002165 0.0018442 0.0021664 9758 3619 4752 2283 70471 2027293 368 1302079 134236 3619 31.203125 11.1474609375 0.2314453125 1.3798828125
map_4 63 0 5 5 5 1 1 0.001801916 0.000625167 0.0018146498 0.000625625 0.001801 0.000625 0.0018132 0.0006254 9539 1670 4361 1256 63362 530461 209 394036 120520 1670 29.2939453125 6.1328125 0.22265625 1.4267578125
map_5 63 1 5 5 5 1 1 0.002243583 0.000226833 0.0022590416 0.0002272248 0.00224 0.000227 0.0022572 0.0002272 11842 928 5002 744 112421 178091 565 138324 160538 928 32.423828125 3.6328125 0.19921875 1.306640625
map_6 63 0 5 5 5 1 1 0.001595833 0.001591917 0.0016146164 0.0015925084 0.001595 0.00159 0.0016124 0.001592 8712 3181 3167 1911 76307 1497532 91 912645 112184 3180 23.4638671875 9.3310546875 0.234375 1.5673828125
map_7 63 1 5 5 5 1 1 0.001322083 0.000906625 0.0013331416 0.0009077416 0.001321 0.000906 0.001332 0.0009068 7177 2257 3126 1402 45579 849867 58 491069 100314 2257 23.263671875 6.845703125 0.1962890625 1.4794921875
map_8 63 0 5 5 5 1 1 0.00188475 0.001699292 0.0018914496 0.0016993168 0.001883 0.001699 0.0018898 0.001698 9997 3168 3955 1955 72177 1630303 213 955313 137870 3168 27.3115234375 9.5458984375 0.2109375 1.4150390625
map_9 63 1 5 5 5 1 1 0.001876417 0.001366667 0.0018874418 0.0013666086 0.001876 0.001364 0.0018862 0.0013656 9919 3012 4744 1689 68688 1336080 198 712545 135356 3012 31.1640625 8.2470703125 0.2314453125 1.32421875
map_0 64 1 5 5 5 1 1 0.001996708 0.001432583 0.0019981832 0.0014312498 0.001996 0.001429 0.0019976 0.0014298 10538 3412 5679 1613 68080 1478577 483 649907 141490 3412 35.7294921875 7.8759765625 0.2255859375 1.48828125
map_1 64 0 5 5 5 1 1 0.001797917 0.011322416 0.0018103416 0.0113216578 0.001796 0.01132 0.0018082 0.0113198 9454 8910 3094 5284 81508 11106361 38 6977799 126171 8910 23.107421875 25.80078125 0.2080078125 1.640625
map_2 64 1 5 5 5 1 1 0.002053458 0.000577875 0.0020608166 0.0005798584 0.002053 0.000575 0.0020588 0.0005782 10942 2242 5891 990 76830 500828 754 244932 145828 2242 36.7646484375 4.833984375 0.24609375 1.470703125
map_3 64 0 5 5 5 1 1 0.001435375 0.001468 0.0014431334 0.0014681 0.001432 0.001466 0.0014414 0.0014664 7747 3229 3959 1684 62252 1496126 124 708877 105755 3229 27.3310546875 8.22265625 0.2080078125 1.8134765625
map_4 64 1 5 5 5 1 1 0.001431209 0.0005185 0.0014489834 0.0005186916 0.001431 0.000518 0.0014488 0.0005184 7765 1545 3792 1105 47206 447615 92 304972 111223 1545 26.515625 5.3955078125 0.234375 1.388671875
map_5 64 0 5 5 5 1 1 0.002348666 0.000404167 0.002349408 0.000404067 0.002349 0.000403 0.0023472 0.0004036 11971 1500 5503 920 123338 354668 331 211450 161488 1500 34.8701171875 4.4921875 0.2431640625 1.4296875
map_6 64 1 5 5 5 1 1 0.00187075 0.000287416 0.0018795084 0.0002877084 0.001867 0.000286 0.001878 0.0002866 9849 1114 4898 811 80909 236396 452 164406 136055 1114 31.916015625 3.9599609375 0.24609375 1.400390625
map_7 64 0 5 5 5 1 1 0.001536792 0.000556041 0.0015387166 0.0005194498 0.001533 0.000556 0.0015358 0.0005184 8124 1443 3671 998 53993 339924 102 248795 112727 1443 25.9248046875 4.873046875 0.22265625 1.40625
map_8 64 1 5 5 5 1 1 0.001993167 0.001157333 0.0020155918 0.0011577084 0.001992 0.001155 0.0020134 0.0011556 10655 2678 5443 1626 75640 1067628 206 660510 147546 2678 34.5771484375 7.939453125 0.263671875 1.4501953125
map_9 64 0 5 5 5 1 1 0.001724834 0.000340083 0.0017494086 0.0003401248 0.001722 0.00034 0.001748 0.0003402 9208 1203 4179 896 62095 282457 50 200590 128444 1203 28.4052734375 4.375 0.19921875 1.3798828125
map_0 65 0 5 5 5 1 1 0.001837792 0.001444416 0.0018325084 0.0014438832 0.001838 0.001443 0.0018292 0.0014426 9403 3133 4758 1689 75774 1452271 243 712579 128362 3133 31.232421875 8.2470703125 0.234375 1.4150390625
map_1 65 1 5 5 5 1 1 0.001750916 0.017752583 0.0017465832 0.017765825 0.001748 0.017753 0.0017452 0.0177628 9079 10524 2436 6615 75494 17643873 78 10939343 126120 10523 19.89453125 32.2998046875 0.2255859375 1.4033203125
map_2 65 0 5 5 5 1 1 0.001408875 0.000529708 0.0014184332 0.0005293082 0.001408 0.000527 0.0014168 0.0005276 7222 1775 2555 1044 57465 483000 31 272284 98498 1775 20.4755859375 5.09765625 0.2314453125 1.458984375
map_3 65 1 5 5 5 1 1 0.001884125 0.001025417 0.001908875 0.0010281834 0.001881 0.001022 0.0019078 0.0010264 9991 2386 5242 1534 69877 934841 228 588075 133077 2386 33.595703125 7.490234375 0.24609375 1.5439453125
map_4 65 0 5 5 5 1 1 0.001561792 0.000277666 0.0015771166 0.0002774582 0.001559 0.000277 0.0015746 0.000277 8392 1139 3567 773 60164 239088 239 149308 114060 1139 25.4169921875 3.7744140625 0.193359375 1.4150390625
map_5 65 1 5 5 5 1 1 0.002258959 0.001781875 0.0022733836 0.0017768166 0.002255 0.001768 0.0022712 0.001766 11881 3159 4262 2017 110759 1623350 222 1016213 159826 3159 28.810546875 9.8486328125 0.228515625 1.46484375
map_6 65 0 5 5 5 1 1 0.001160375 0.001368417 0.0011658666 0.001368125 0.001157 0.001365 0.0011634 0.0013668 6203 2898 1430 1714 42930 1320739 41 734275 74412 2898 14.982421875 8.369140625 0.19921875 1.634765625
map_7 65 1 5 5 5 1 1 0.002141959 0.001080833 0.0021833418 0.0010805918 0.002142 0.001079 0.0021796 0.0010794 11177 2406 5581 1517 69288 1043162 696 574838 153993 2406 35.2509765625 7.4072265625 0.2197265625 1.39453125
map_8 65 0 5 5 5 1 1 0.001841042 0.000258125 0.0018485086 0.0002582914 0.001838 0.000257 0.001846 0.0002576 9871 1119 3626 739 66060 215332 242 136517 129560 1119 25.705078125 3.6083984375 0.2373046875 1.4150390625
map_9 65 1 5 5 5 1 1 0.001968916 0.001592416 0.0019874166 0.001595333 0.001965 0.001592 0.0019842 0.0015934 10379 3006 4164 1876 75642 1520535 569 879713 145360 3006 28.33203125 9.16015625 0.2255859375 1.458984375
map_0 66 1 5 5 5 1 1 0.001616459 0.004353667 0.0016642922 0.0043603666 0.001616 0.004349 0.0016636 0.0043508 8598 7808 3418 2965 54728 4450303 132 2196885 117913 7808 24.689453125 14.4775390625 0.2138671875 1.6787109375
map_1 66 0 5 5 5 1 1 0.001760667 0.00077675 0.0017759168 0.0007801664 0.001761 0.000776 0.001774 0.0007776 9455 2166 3532 1301 81068 707931 202 422880 125773 2166 25.24609375 6.3525390625 0.240234375 1.5380859375
map_2 66 1 5 5 5 1 1 0.001578209 0.0108115 0.0015900254 0.0108323586 0.001575 0.010809 0.0015888 0.0108262 8297 9106 2934 4788 77545 11336091 204 5729903 107519 9106 22.326171875 23.37890625 0.2021484375 1.59375
map_3 66 0 5 5 5 1 1 0.001486458 0.003712333 0.0014872834 0.0037144668 0.001486 0.003711 0.001486 0.003713 7884 4821 3311 2905 56724 3656716 81 2109548 105307 4821 24.1669921875 14.1845703125 0.2607421875 1.423828125
map_4 66 1 5 5 5 1 1 0.001787375 0.012079083 0.001826975 0.012074167 0.001785 0.012071 0.0018218 0.0120682 9155 8929 4331 5252 57633 12086532 216 6893385 125615 8925 29.1474609375 25.64453125 0.251953125 1.41796875
map_5 66 0 5 5 5 1 1 0.002061125 0.000263875 0.0020901332 0.000264408 0.002061 0.000264 0.0020878 0.0002642 10452 1142 4295 782 108735 210669 49 152790 135924 1142 28.9716796875 3.818359375 0.2548828125 1.3974609375
map_6 66 1 5 5 5 1 1 0.001210125 0.004992542 0.0012284748 0.004993675 0.00121 0.004987 0.001225 0.0049898 6129 5866 2642 3401 40386 4919504 52 2891467 83598 5866 20.900390625 16.6064453125 0.2109375 2.033203125
map_7 66 0 5 5 5 1 1 0.001443167 0.000954875 0.0014476418 0.0009552834 0.001443 0.000955 0.0014458 0.0009546 7776 2245 2512 1509 50451 856573 37 568734 108683 2245 20.265625 7.3681640625 0.2314453125 1.4150390625
map_8 66 1 5 5 5 1 1 0.002492833 0.000569375 0.0024722668 0.0005752002 0.002486 0.000568 0.0024652 0.0005744 11846 1751 5880 1096 87580 522082 823 300021 163932 1751 36.7109375 5.3515625 0.2431640625 1.41796875
map_9 66 0 5 5 5 1 1 0.0015675 0.003837208 0.0015828332 0.0038783998 0.001564 0.003834 0.0015806 0.003875 8536 4940 4020 2942 57742 3801280 392 2163246 116097 4940 27.62890625 14.365234375 0.22265625 1.716796875
map_0 67 0 5 5 5 1 1 0.001931208 0.000689875 0.00195005 0.0006904584 0.001928 0.00069 0.0019476 0.0006898 10371 2000 5183 1232 70959 622028 329 379346 148752 2000 33.3076171875 6.015625 0.24609375 1.5439453125
map_1 67 1 5 5 5 1 1 0.0017835 0.00322275 0.0018035166 0.0032294414 0.001781 0.00322 0.0018016 0.0032266 9369 7819 3800 2650 78267 3134079 236 1755020 124230 7819 26.5546875 12.939453125 0.1845703125 1.740234375
map_2 67 0 5 5 5 1 1 0.002211292 0.001752042 0.0022325254 0.0017535334 0.002209 0.00175 0.0022306 0.001752 11967 3767 6554 1910 77082 1720739 892 911313 160051 3767 40.001953125 9.326171875 0.228515625 1.5087890625
map_3 67 1 5 5 5 1 1 0.00146725 0.000818416 0.0014802002 0.0008179082 0.001463 0.000816 0.0014778 0.0008164 7843 2200 2932 1356 60222 741603 42 459200 105911 2200 22.31640625 6.62109375 0.2138671875 1.3916015625
map_4 67 0 5 5 5 1 1 0.001685708 0.00064575 0.0016830916 0.0006474666 0.001686 0.000646 0.001683 0.0006472 8937 1859 3735 1210 57020 559912 77 365850 121814 1859 26.2373046875 5.908203125 0.181640625 1.4150390625
map_5 67 1 5 5 5 1 1 0.001353 0.000545958 0.0013647502 0.000545608 0.001351 0.000544 0.001363 0.0005446 7081 1573 2071 1145 61415 465187 110 327615 93972 1573 18.1123046875 5.5908203125 0.15234375 1.37109375
map_6 67 0 5 5 5 1 1 0.002318375 0.000623333 0.0023367586 0.000624725 0.002315 0.000622 0.0023344 0.0006232 12313 2050 4691 1125 78794 576810 602 316240 161288 2050 30.9052734375 5.4931640625 0.205078125 1.58203125
map_7 67 1 5 5 5 1 1 0.001618833 0.000436 0.0016287666 0.0004358418 0.001619 0.000434 0.001627 0.0004348 8683 1470 3372 981 51007 379957 85 240493 116864 1470 24.46484375 4.7900390625 0.2255859375 1.4384765625
map_8 67 0 5 5 5 1 1 0.00180975 0.000591875 0.0018305748 0.0005948334 0.001809 0.000592 0.0018302 0.0005942 9795 1861 4637 1098 70385 551437 123 301086 129791 1861 30.6416015625 5.361328125 0.28125 1.3623046875
map_9 67 1 5 5 5 1 1 0.001544875 0.006531459 0.001559225 0.006533692 0.001544 0.006528 0.001558 0.0065312 8196 6407 3409 3950 51145 6417277 80 3899186 112016 6405 24.6455078125 19.287109375 0.205078125 1.3388671875
map_0 68 1 5 5 5 1 1 0.001898458 0.001232917 0.0019176418 0.0012331502 0.001894 0.001231 0.0019138 0.0012312 9727 2819 4043 1626 70403 1178049 61 660658 130378 2819 27.7412109375 7.939453125 0.228515625 1.6904296875
map_1 68 0 5 5 5 1 1 0.001775334 0.000636875 0.0017973416 0.0006370416 0.001774 0.000636 0.001795 0.0006362 9465 1931 3163 1162 83231 584709 186 337429 131178 1931 23.4443359375 5.673828125 0.228515625 1.482421875
map_2 68 1 5 5 5 1 1 0.001802167 0.010265458 0.0018143834 0.0102628416 0.001802 0.010262 0.0018126 0.0102582 9538 8334 3970 4860 66863 10426770 97 5903094 128633 8334 27.384765625 23.73046875 0.2490234375 1.44140625
map_3 68 0 5 5 5 1 1 0.002013333 0.000802375 0.0020350166 0.0008056248 0.00201 0.000801 0.002032 0.0008034 10845 2150 4313 1348 105417 724218 533 453984 140003 2150 29.0595703125 6.58203125 0.2080078125 1.546875
map_4 68 1 5 5 5 1 1 0.001385792 0.002001584 0.0013826418 0.0020284334 0.001385 0.001995 0.0013816 0.0020266 7285 3277 3116 2152 46601 1905206 27 1157182 101902 3277 23.21484375 10.5078125 0.2490234375 1.51171875
map_5 68 0 5 5 5 1 1 0.001862625 0.00472475 0.001872425 0.0047880168 0.00186 0.004724 0.0018696 0.0047842 10041 5365 3242 3405 62707 4523851 124 2898301 131682 5365 23.830078125 16.6259765625 0.216796875 1.9658203125
map_6 68 1 5 5 5 1 1 0.001228458 0.000513541 0.0012289416 0.0005142414 0.001228 0.000512 0.0012278 0.0005128 6514 1886 2179 1004 50540 472607 25 251929 86398 1886 18.6396484375 4.90234375 0.205078125 1.4619140625
map_7 68 0 5 5 5 1 1 0.001632417 0.000475666 0.0016518166 0.0004753666 0.001631 0.000473 0.001651 0.0004744 8971 1525 3940 1044 61069 410126 284 272320 122460 1525 27.23828125 5.09765625 0.2255859375 1.3916015625
map_8 68 1 5 5 5 1 1 0.001357042 0.000514375 0.0013643336 0.0005189834 0.001356 0.000514 0.0013636 0.0005164 7054 1559 2164 1086 62765 438252 84 294770 97594 1559 18.56640625 5.302734375 0.2197265625 1.4501953125
map_9 68 0 5 5 5 1 1 0.001721375 0.001236166 0.0017208666 0.0012152498 0.001718 0.001233 0.0017194 0.0012144 9186 2577 4470 1598 65396 1107753 159 637800 128100 2577 29.826171875 7.802734375 0.2255859375 1.3974609375
map_0 69 0 5 5 5 1 1 0.001889541 0.002482541 0.001902025 0.0024824834 0.001887 0.00248 0.0018992 0.0024806 9966 4253 5618 2288 69758 2487022 218 1307799 141131 4253 35.431640625 11.171875 0.216796875 1.58203125
map_1 69 1 5 5 5 1 1 0.001626625 0.001640792 0.001629558 0.0016411168 0.001627 0.00164 0.001629 0.001641 8603 4683 2006 1824 70872 1601333 77 831206 113790 4683 17.794921875 8.90625 0.2080078125 1.5234375
map_2 69 0 5 5 5 1 1 0.001915833 0.001400375 0.0019362836 0.0013967084 0.001916 0.0014 0.001934 0.0013932 9804 3389 4521 1689 73655 1320106 300 712663 132923 3389 30.0751953125 8.2470703125 0.2578125 1.44140625
map_3 69 1 5 5 5 1 1 0.002003167 0.007507708 0.0020165916 0.0075070914 0.002 0.007505 0.0020146 0.0075058 10669 7915 5802 4033 83219 7768475 381 4065862 147865 7915 36.330078125 19.6923828125 0.2314453125 2.044921875
map_4 69 0 5 5 5 1 1 0.001477459 0.000339958 0.0014796582 0.0003403334 0.001475 0.000339 0.0014776 0.00034 7917 1182 2946 899 45780 282975 161 201959 101510 1182 22.384765625 4.3896484375 0.19921875 1.3505859375
map_5 69 1 5 5 5 1 1 0.002243417 0.000544083 0.0022519004 0.0005441668 0.002243 0.000543 0.002251 0.0005426 11813 1587 4436 1110 113458 479450 354 307870 150778 1587 29.66015625 5.419921875 0.2080078125 1.412109375
map_6 69 0 5 5 5 1 1 0.001933375 0.000505791 0.0019468832 0.0005061664 0.001931 0.000505 0.0019444 0.0005054 10509 1839 4067 1036 68117 447688 286 268211 135460 1839 27.8583984375 5.05859375 0.216796875 1.5322265625
map_7 69 1 5 5 5 1 1 0.001518167 0.000555542 0.0015412248 0.0005577832 0.001518 0.000555 0.0015396 0.0005576 8090 1784 3637 1059 54988 496981 123 280195 110575 1784 25.7587890625 5.1708984375 0.216796875 1.435546875
map_8 69 0 5 5 5 1 1 0.001903792 0.000326667 0.0019529334 0.0003288334 0.001903 0.000326 0.0019396 0.0003286 9276 1378 4274 822 61215 276989 159 168917 127476 1378 28.869140625 4.013671875 0.2138671875 1.4267578125
map_9 69 1 5 5 5 1 1 0.001849416 0.002526458 0.0018772832 0.0025373334 0.001847 0.002521 0.0018742 0.0025316 9605 3714 4350 2383 59895 2354246 249 1418551 129906 3714 29.240234375 11.6357421875 0.2080078125 1.2890625
map_0 70 1 5 5 5 1 1 0.001530708 0.000711667 0.0015416082 0.000711967 0.001532 0.000709 0.00154 0.0007108 8089 1900 3144 1296 59997 626832 34 419500 106107 1900 23.3515625 6.328125 0.234375 1.376953125
map_1 70 0 5 5 5 1 1 0.0022095 0.000668 0.002222575 0.0006677502 0.002209 0.000667 0.0022202 0.0006672 11690 2135 4970 1155 98554 624825 221 333445 164421 2135 32.267578125 5.6396484375 0.22265625 1.5087890625
map_2 70 1 5 5 5 1 1 0.00172375 0.000579791 0.0017372418 0.0005809164 0.001724 0.00058 0.001737 0.00058 9233 1672 4100 1151 65400 512103 187 331130 122023 1672 28.01953125 5.6201171875 0.216796875 1.3212890625
map_3 70 0 5 5 5 1 1 0.001544083 0.002416208 0.0015596998 0.0024180666 0.001543 0.002416 0.001557 0.0024166 8239 4088 3080 2309 73680 2374262 90 1332156 110340 4087 23.0390625 11.2744140625 0.205078125 1.4912109375
map_4 70 1 5 5 5 1 1 0.001440834 0.000227791 0.0014721666 0.000225325 0.001437 0.000227 0.0014696 0.0002246 7321 901 3808 722 51853 169111 53 130284 99767 901 26.59375 3.525390625 0.22265625 1.3623046875
map_5 70 0 5 5 5 1 1 0.001939042 0.00024725 0.0019551504 0.0002466166 0.001939 0.000246 0.0019538 0.0002458 10610 1067 4441 735 63921 204599 282 135051 141287 1067 29.6845703125 3.5888671875 0.2080078125 1.3740234375
map_6 70 1 5 5 5 1 1 0.0023285 0.001505541 0.0023946 0.0015080084 0.002325 0.001505 0.0023908 0.0015064 11741 3107 5470 1761 93408 1430152 496 774981 156692 3107 34.708984375 8.5986328125 0.240234375 1.58203125
map_7 70 0 5 5 5 1 1 0.001836167 0.000238208 0.001910575 0.0002406666 0.001833 0.000238 0.0019072 0.0002394 9726 997 4620 737 61402 189026 98 135750 135579 997 30.55859375 3.5986328125 0.22265625 1.39453125
map_8 70 1 5 5 5 1 1 0.001605334 0.00113975 0.001620575 0.0011386 0.001604 0.001138 0.0016182 0.001137 8434 2591 3115 1569 72346 1081185 135 615208 109947 2591 23.2099609375 7.6611328125 0.228515625 1.517578125
map_9 70 0 5 5 5 1 1 0.001455625 0.00100475 0.0014699082 0.00100615 0.001452 0.001002 0.001467 0.0010046 7620 2871 2686 1352 63498 1016924 20 456541 103897 2871 21.115234375 6.6015625 0.2138671875 1.376953125
map_0 71 0 5 5 5 1 1 0.002028209 0.001720458 0.0020312586 0.0017227666 0.002027 0.00172 0.0020306 0.0017218 10901 5323 6055 1757 68167 1766326 669 771141 152991 5323 37.5654296875 8.5791015625 0.19921875 1.458984375
map_1 71 1 5 5 5 1 1 0.001001958 0.002017542 0.0010076002 0.0020201502 0.001002 0.002015 0.0010068 0.0020178 5258 3618 1276 2145 49362 1930771 18 1149859 73190 3618 14.23046875 10.4736328125 0.181640625 1.3681640625
map_2 71 0 5 5 5 1 1 0.00171225 0.000914959 0.0017259666 0.0009155834 0.001709 0.000912 0.0017238 0.0009136 9046 2272 4270 1420 71369 821448 159 503679 121787 2272 28.849609375 6.93359375 0.22265625 1.453125
map_3 71 1 5 5 5 1 1 0.001429667 0.003149375 0.0014275584 0.0031503002 0.001429 0.003146 0.0014256 0.0031482 7472 4718 2929 2605 59881 3168779 240 1696007 98339 4718 22.3017578125 12.7197265625 0.2314453125 1.6845703125
map_4 71 0 5 5 5 1 1 0.001366625 0.003287 0.0013770502 0.0033256666 0.001365 0.003287 0.001376 0.0033218 7466 4806 3059 2690 46940 3235771 116 1808947 102702 4806 22.9365234375 13.134765625 0.2314453125 1.8779296875
map_5 71 1 5 5 5 1 1 0.001801084 0.000542708 0.0018067918 0.0005433914 0.0018 0.000542 0.0018056 0.0005418 9482 1679 3078 1062 89159 500270 171 281820 124478 1679 23.029296875 5.185546875 0.2314453125 1.482421875
map_6 71 0 5 5 5 1 1 0.001426 0.0027835 0.0014419082 0.0027867084 0.001425 0.002781 0.0014398 0.0027834 7769 4871 2522 2526 47053 2682043 62 1594333 99672 4871 20.314453125 12.333984375 0.2431640625 1.67578125
map_7 71 1 5 5 5 1 1 0.001348666 0.000262167 0.0013530414 0.0002626916 0.001348 0.000262 0.0013524 0.0002622 7163 1000 2817 807 43549 206157 37 162702 100129 1000 21.7548828125 3.9404296875 0.240234375 1.376953125
map_8 71 0 5 5 5 1 1 0.001773042 0.006851208 0.00177265 0.0068502918 0.001771 0.006851 0.0017706 0.0068496 9377 6915 4585 3952 72894 6912752 266 3904519 128442 6915 30.3876953125 19.296875 0.205078125 2.068359375
map_9 71 1 5 5 5 1 1 0.001918958 0.002279417 0.0019282748 0.00227945 0.001916 0.002276 0.0019268 0.0022766 10201 3969 4651 2215 71710 2257417 736 1226173 140480 3969 30.7099609375 10.8154296875 0.263671875 1.734375
map_0 72 1 5 5 5 1 1 0.001378666 0.000446834 0.0013856166 0.000447675 0.001378 0.000445 0.0013846 0.000446 7337 1617 2200 980 55850 389333 32 240042 96856 1617 18.7421875 4.78515625 0.1845703125 1.5029296875
map_1 72 0 5 5 5 1 1 0.001557208 0.000627167 0.0015708248 0.00062975 0.001554 0.000626 0.0015688 0.000629 8474 1833 3766 1159 51105 550541 99 335811 118376 1833 26.388671875 5.6591796875 0.275390625 1.4970703125
map_2 72 1 5 5 5 1 1 0.001776 0.001402208 0.0017959248 0.0014105166 0.001776 0.001403 0.0017944 0.0014046 9529 3096 4359 1675 71482 1385580 178 700754 127231 3096 29.2841796875 8.1787109375 0.234375 1.40625
map_3 72 0 5 5 5 1 1 0.001287833 0.000194875 0.0012819832 0.0001951084 0.001285 0.000195 0.0012798 0.0001946 6778 974 2195 663 52959 150254 20 109891 92046 974 18.7177734375 3.2373046875 0.2021484375 1.3623046875
map_4 72 1 5 5 5 1 1 0.001429917 0.003223292 0.0014262002 0.0032248832 0.001427 0.003223 0.001425 0.0032226 7621 4690 3260 2650 52107 3226312 95 1755172 102625 4690 23.91796875 12.939453125 0.2373046875 1.4853515625
map_5 72 0 5 5 5 1 1 0.002123166 0.000520334 0.0021308498 0.0005224586 0.002121 0.00052 0.0021286 0.0005222 11127 1763 5063 1061 86430 460928 964 281251 152254 1763 32.7216796875 5.1806640625 0.2138671875 1.4443359375
map_6 72 1 5 5 5 1 1 0.001171458 0.003254875 0.0011805082 0.0032545666 0.001171 0.003252 0.0011804 0.0032518 6241 11649 1982 2213 51473 3544478 41 1223472 77324 11648 17.677734375 10.8056640625 0.2373046875 1.4853515625
map_7 72 0 5 5 5 1 1 0.001891916 0.000971 0.0018982414 0.0009709832 0.00189 0.00097 0.0018962 0.00097 10024 2624 5501 1399 66085 941870 856 489217 142867 2624 34.8603515625 6.8310546875 0.2724609375 1.59375
map_8 72 1 5 5 5 1 1 0.001709042 0.001507125 0.0017202248 0.0015068248 0.001708 0.001505 0.0017192 0.0015048 9248 2899 4312 1888 63498 1396651 224 890361 121254 2899 29.0546875 9.21875 0.228515625 1.2919921875
map_9 72 0 5 5 5 1 1 0.001511458 0.0023985 0.0015218084 0.0023990752 0.001508 0.002395 0.0015192 0.0023962 8249 3979 3687 2314 53740 2338826 347 1338639 111000 3979 26.0029296875 11.298828125 0.1875 1.7548828125
map_0 73 0 5 5 5 1 1 0.001615542 0.000906166 0.0016335584 0.0009058082 0.001614 0.000906 0.0016312 0.0009056 8760 2293 4014 1417 53180 829225 133 501438 117266 2293 27.599609375 6.9189453125 0.216796875 1.3681640625
map_1 73 1 5 5 5 1 1 0.001848583 0.000836709 0.00188295 0.0008404502 0.001846 0.000836 0.0018794 0.0008384 9994 2164 4400 1378 68780 758487 342 474244 133176 2164 29.484375 6.728515625 0.240234375 1.412109375
map_2 73 0 5 5 5 1 1 0.001824458 0.002334958 0.0018250832 0.0023364082 0.001822 0.002333 0.001823 0.0023354 9694 3771 4787 2338 65450 2226973 542 1365881 132897 3771 31.3740234375 11.416015625 0.228515625 1.6025390625
map_3 73 1 5 5 5 1 1 0.001886792 0.000481 0.0018866584 0.0004810084 0.001884 0.000481 0.0018836 0.0004808 9765 1579 4797 1027 78345 422805 221 263425 126458 1579 31.4228515625 5.0146484375 0.251953125 1.3505859375
map_4 73 0 5 5 5 1 1 0.001395625 0.000312667 0.0014037666 0.0003127002 0.001392 0.000312 0.0014018 0.0003122 7567 1232 3612 809 48434 271876 32 163594 100856 1232 25.63671875 3.9501953125 0.2021484375 1.3857421875
map_5 73 1 5 5 5 1 1 0.002161875 0.002698042 0.0021826502 0.0026965502 0.002162 0.002695 0.0021814 0.0026952 11318 4711 3735 2363 101540 2728921 277 1395639 153270 4711 26.2373046875 11.5380859375 0.216796875 1.751953125
map_6 73 0 5 5 5 1 1 0.002022459 0.00107175 0.0020462418 0.0010718 0.002022 0.001072 0.002044 0.0010708 11077 2903 4379 1452 73746 1038475 496 526914 139915 2903 29.3818359375 7.08984375 0.2314453125 1.5380859375
map_7 73 1 5 5 5 1 1 0.001941791 0.004894667 0.0019472416 0.0049373582 0.001939 0.004894 0.0019454 0.0049354 10393 5905 5710 3389 64901 4771127 724 2869694 143275 5905 35.880859375 16.5478515625 0.251953125 1.388671875
map_8 73 0 5 5 5 1 1 0.001340541 0.000312625 0.001350558 0.0003143086 0.00134 0.000312 0.0013488 0.0003142 7160 1197 2682 858 51541 254637 19 183899 95142 1197 21.095703125 4.189453125 0.234375 1.341796875
map_9 73 1 5 5 5 1 1 0.001295292 0.000407709 0.0013067502 0.0004045416 0.001295 0.000408 0.001306 0.000404 6989 1488 2912 897 50043 330776 67 201063 98156 1488 22.21875 4.3798828125 0.234375 1.39453125
map_0 74 1 5 5 5 1 1 0.002103875 0.004314084 0.0021112834 0.0043179584 0.002101 0.004311 0.0021094 0.004315 11200 5226 5272 3233 90192 4135145 388 2612694 146475 5226 33.7421875 15.7861328125 0.2724609375 1.8076171875
map_1 74 0 5 5 5 1 1 0.001811625 0.002667083 0.0018293498 0.0026627416 0.00181 0.002664 0.0018268 0.0026596 9820 4159 4124 2395 78832 2645099 254 1432914 132192 4159 28.13671875 11.6943359375 0.2197265625 1.353515625
map_2 74 1 5 5 5 1 1 0.001580292 0.000907416 0.0015920502 0.0009103832 0.00158 0.000905 0.0015908 0.0009086 8361 2216 3404 1442 63177 821382 154 519295 112137 2216 24.62109375 7.041015625 0.24609375 1.3798828125
map_3 74 0 5 5 5 1 1 0.002061 0.000400708 0.0020766084 0.0004022166 0.002057 0.000402 0.0020736 0.0004024 10914 1607 4871 916 95820 343997 356 209660 139299 1607 31.7841796875 4.47265625 0.2314453125 1.4384765625
map_4 74 1 5 5 5 1 1 0.001761375 0.0006005 0.001768625 0.0006028 0.001758 0.0006 0.001767 0.0006018 9321 1634 5081 1183 60783 529456 159 349817 130146 1634 32.8095703125 5.7763671875 0.251953125 1.3857421875
map_5 74 0 5 5 5 1 1 0.001900041 0.002010167 0.0019164246 0.00201205 0.001898 0.002011 0.0019148 0.002012 9862 3596 3815 2121 115007 1941074 19 1124351 131843 3596 26.6279296875 10.3564453125 0.251953125 1.6669921875
map_6 74 1 5 5 5 1 1 0.001243208 0.00063875 0.0012491916 0.0006395668 0.001241 0.000638 0.0012478 0.000638 6570 2001 2082 1159 47534 585570 39 335532 87491 2001 18.166015625 5.6591796875 0.216796875 1.4150390625
map_7 74 0 5 5 5 1 1 0.001808542 0.000711917 0.0018172582 0.0007299832 0.001808 0.00071 0.0018154 0.0007292 9608 1862 4200 1275 66392 624041 211 406180 128871 1862 28.5078125 6.2255859375 0.2490234375 1.4326171875
map_8 74 1 5 5 5 1 1 0.001569416 0.001096292 0.0015760584 0.0010959752 0.001567 0.001094 0.0015756 0.0010952 8290 2434 3685 1620 61361 988051 57 655463 109713 2433 25.9931640625 7.91015625 0.2841796875 1.294921875
map_9 74 0 5 5 5 1 1 0.001928375 0.000326834 0.001936325 0.0003237082 0.001928 0.000326 0.0019354 0.000322 10307 1228 5408 849 71797 279334 353 180123 141554 1228 34.40625 4.1455078125 0.31640625 1.4033203125
map_0 75 0 5 5 5 1 1 0.001664625 0.003122291 0.0016768084 0.0031234332 0.001664 0.00312 0.0016742 0.0031218 8956 4668 4626 2651 56160 3071502 105 1756307 122913 4668 30.587890625 12.9443359375 0.228515625 1.6904296875
map_1 75 1 5 5 5 1 1 0.001443875 0.001400209 0.0014531582 0.0014019586 0.00144 0.001398 0.001452 0.0014006 7679 6812 2229 1592 67955 1336351 36 633120 104060 6812 18.8837890625 7.7734375 0.1845703125 1.541015625
map_2 75 0 5 5 5 1 1 0.001681833 0.001140375 0.001696758 0.0011401918 0.001679 0.001138 0.001695 0.0011384 9034 2852 4564 1536 60984 1075882 154 589776 118399 2852 30.28515625 7.5 0.2578125 1.4326171875
map_3 75 1 5 5 5 1 1 0.002120541 0.004473875 0.0021334164 0.0044741668 0.002118 0.004471 0.0021316 0.0044716 11484 5231 5308 3294 84185 4304506 310 2711623 160187 5231 33.91796875 16.083984375 0.2255859375 1.6494140625
map_4 75 0 5 5 5 1 1 0.001501375 0.001092875 0.0015146082 0.0010928498 0.001501 0.001091 0.0015128 0.001091 8042 2393 2932 1585 60532 1009181 71 627599 108223 2393 22.31640625 7.7392578125 0.17578125 1.39453125
map_5 75 1 5 5 5 1 1 0.001504875 0.000371708 0.001518025 0.0003711918 0.001504 0.00037 0.0015164 0.0003708 7877 1266 2018 940 88239 307493 31 220861 104131 1266 17.853515625 4.58984375 0.19921875 1.46484375
map_6 75 0 5 5 5 1 1 0.001883 0.001752834 0.0018963084 0.0017543002 0.001879 0.001752 0.0018934 0.0017534 10224 3623 3458 1991 64703 1666408 142 990206 132937 3623 24.884765625 9.7216796875 0.2431640625 1.5029296875
map_7 75 1 5 5 5 1 1 0.001678625 0.001848958 0.001699267 0.0018485918 0.001678 0.001846 0.0016984 0.001846 8979 4261 3950 1955 57190 1823816 95 955004 124799 4261 27.287109375 9.5458984375 0.234375 1.3740234375
map_8 75 0 5 5 5 1 1 0.001655042 0.001070584 0.0016646082 0.0010712668 0.001652 0.001071 0.0016622 0.0010714 8825 2461 2936 1557 65013 997544 151 606048 118112 2461 22.3359375 7.6025390625 0.2255859375 1.283203125
map_9 75 1 5 5 5 1 1 0.00218775 0.001173333 0.0021998584 0.0011839584 0.002187 0.001173 0.0021978 0.0011828 11605 2641 5646 1582 78929 1111315 604 625604 159969 2641 35.568359375 7.724609375 0.2197265625 1.5849609375
map_0 76 1 5 5 5 1 1 0.001526125 0.001513416 0.0015389666 0.0015134246 0.001526 0.001511 0.0015378 0.0015118 8171 3293 2926 1769 63895 1487184 208 781727 108558 3293 22.287109375 8.6376953125 0.234375 1.48828125
map_1 76 0 5 5 5 1 1 0.001914583 0.001288209 0.00189965 0.0012827834 0.001914 0.001288 0.0018982 0.0012818 9970 2639 3620 1683 80234 1150907 439 708075 129026 2639 25.67578125 8.2177734375 0.2138671875 1.7255859375
map_2 76 1 5 5 5 1 1 0.001545792 0.000558041 0.0015610582 0.000558358 0.001543 0.000555 0.0015604 0.000557 8292 1655 3159 1101 55782 503754 170 302774 110514 1655 23.4248046875 5.3759765625 0.2490234375 1.470703125
map_3 76 0 5 5 5 1 1 0.002340833 0.000624833 0.0023577332 0.0006251916 0.002337 0.000625 0.0023544 0.0006254 12474 1754 5133 1228 104514 537859 261 376608 167072 1754 33.0634765625 5.99609375 0.26953125 1.4267578125
map_4 76 1 5 5 5 1 1 0.001108292 0.001242291 0.001116892 0.0012423164 0.001106 0.001239 0.0011162 0.0012404 5897 2504 1906 1734 45366 1128037 21 751650 86343 2504 17.306640625 8.466796875 0.2431640625 1.6845703125
map_5 76 0 5 5 5 1 1 0.001850791 0.00126825 0.001864708 0.0012656 0.001847 0.001267 0.0018622 0.0012648 9961 3112 3501 1640 62150 1202297 203 671846 133604 3112 25.0947265625 8.0078125 0.2021484375 1.599609375
map_6 76 1 5 5 5 1 1 0.001685208 0.000759125 0.0017089332 0.0007592916 0.001686 0.000758 0.0017074 0.0007576 8926 2208 3653 1313 63041 677210 135 430783 119554 2208 25.8369140625 6.4111328125 0.2197265625 1.5966796875
map_7 76 0 5 5 5 1 1 0.001505584 0.000594708 0.0015202752 0.0005946416 0.001506 0.000594 0.001518 0.000594 8113 1999 3175 1061 51208 568170 139 281422 111410 1999 23.5029296875 5.1806640625 0.240234375 1.4970703125
map_8 76 1 5 5 5 1 1 0.00151825 0.000249959 0.0015351916 0.0002505334 0.001515 0.000249 0.0015328 0.0002496 8139 1075 3695 739 58103 205912 53 136527 110876 1075 26.0419921875 3.6083984375 0.2548828125 1.3828125
map_9 76 0 5 5 5 1 1 0.001954875 0.001181708 0.0019701918 0.00118255 0.001952 0.00118 0.0019674 0.0011808 10487 2578 5945 1603 76734 1129195 822 642339 143950 2578 37.0283203125 7.8271484375 0.205078125 1.646484375
map_0 77 0 5 5 5 1 1 0.001936292 0.00721475 0.0019511418 0.0072172418 0.001934 0.007215 0.001949 0.007215 10340 7410 4680 4023 67254 7336526 296 4045954 140665 7410 30.8515625 19.6435546875 0.251953125 1.7255859375
map_1 77 1 5 5 5 1 1 0.00250575 0.0014045 0.0025170752 0.0014051918 0.002499 0.001402 0.0025146 0.0014022 12553 2934 6163 1746 94340 1350135 396 761861 174937 2934 38.0927734375 8.525390625 0.251953125 1.4765625
map_2 77 0 5 5 5 1 1 0.001575709 0.001104167 0.0015900834 0.001103617 0.001573 0.001101 0.001587 0.001102 8459 2614 3039 1579 54451 1023860 28 622774 115654 2614 22.8388671875 7.7099609375 0.2255859375 1.4150390625
map_3 77 1 5 5 5 1 1 0.001419959 0.0004315 0.0014276504 0.0004311832 0.00142 0.00043 0.001427 0.0004306 7573 1445 2521 981 67180 373758 24 240447 100245 1445 20.3095703125 4.7900390625 0.2109375 1.4091796875
map_4 77 0 5 5 5 1 1 0.001551333 0.014963375 0.001566183 0.0150627252 0.001549 0.014963 0.0015646 0.0150616 8279 20108 2940 5719 57624 15401856 58 8175504 117955 20108 22.35546875 27.9248046875 0.2109375 1.9248046875
map_5 77 1 5 5 5 1 1 0.002104958 0.000815334 0.00211725 0.0008166502 0.002102 0.000814 0.0021156 0.0008146 11086 2116 3530 1379 89767 728178 363 474882 144735 2116 25.236328125 6.7333984375 0.251953125 1.400390625
map_6 77 0 5 5 5 1 1 0.002112417 0.000428125 0.002126075 0.00042825 0.002109 0.000427 0.0021234 0.0004276 11145 1763 3373 896 67099 373577 153 200675 155625 1762 24.4697265625 4.375 0.2080078125 1.546875
map_7 77 1 5 5 5 1 1 0.002072625 0.00025275 0.0020916666 0.0002528334 0.00207 0.000252 0.002089 0.0002526 11098 1019 3817 774 68168 202114 286 149697 155053 1019 26.6376953125 3.779296875 0.2021484375 1.359375
map_8 77 0 5 5 5 1 1 0.001495625 0.013944542 0.0015273832 0.0139424918 0.001495 0.013944 0.0015218 0.01394 7944 9488 3153 5806 64921 13900744 89 8427066 106087 9485 23.3955078125 28.349609375 0.2578125 1.576171875
map_9 77 1 5 5 5 1 1 0.002231208 0.000501083 0.002233175 0.0005016582 0.00223 0.000501 0.0022298 0.000501 11477 1661 5274 1008 81346 465131 836 253899 157944 1661 33.751953125 4.921875 0.240234375 1.4208984375
map_0 78 1 5 5 5 1 1 0.001937459 0.005711792 0.0019554918 0.0057103502 0.001938 0.005711 0.001954 0.0057086 10295 6543 4558 3639 98049 5658937 445 3309436 133538 6543 30.255859375 17.7685546875 0.24609375 1.53515625
map_1 78 0 5 5 5 1 1 0.001811625 0.004114375 0.0018182916 0.0041533582 0.001812 0.00411 0.0018156 0.004149 9662 5274 4635 2981 72232 4117170 266 2220217 133548 5273 30.6318359375 14.5556640625 0.2578125 1.388671875
map_2 78 1 5 5 5 1 1 0.00166775 0.012393625 0.0016735918 0.0123951498 0.001665 0.012391 0.0016712 0.0123904 8809 9489 3714 5437 64633 12401005 91 7388636 118135 9489 26.134765625 26.5478515625 0.2138671875 2.0126953125
map_3 78 0 5 5 5 1 1 0.001949958 0.001439208 0.0019550586 0.0014397582 0.001949 0.001437 0.0019532 0.0014384 10306 2953 4400 1793 88098 1365199 161 803257 133393 2953 29.484375 8.7548828125 0.251953125 1.4296875
map_4 78 1 5 5 5 1 1 0.001803291 0.001478375 0.0018239834 0.0014799584 0.001803 0.001476 0.001822 0.0014772 9794 2833 3855 1836 62258 1402020 430 841952 131843 2833 26.8232421875 8.96484375 0.2197265625 1.3330078125
map_5 78 0 5 5 5 1 1 0.002290458 0.000268625 0.0023026918 0.0002696668 0.002287 0.000268 0.0023 0.0002682 11864 1226 4284 759 123559 220074 223 143988 155404 1226 28.91796875 3.7060546875 0.2109375 1.4501953125
map_6 78 1 5 5 5 1 1 0.001738875 0.000238209 0.001767675 0.0002391252 0.001738 0.000238 0.0017658 0.0002384 9218 1018 4846 736 74089 192026 168 135353 124697 1018 31.662109375 3.59375 0.2373046875 1.3271484375
map_7 78 0 5 5 5 1 1 0.001545958 0.000683375 0.0015601666 0.0006836252 0.001542 0.000683 0.001558 0.0006828 8306 2904 3317 1143 52441 635310 65 326472 117130 2904 24.1962890625 5.5810546875 0.216796875 1.4326171875
map_8 78 1 5 5 5 1 1 0.001590583 0.000352792 0.0016043914 0.0003527166 0.00159 0.000351 0.0016028 0.0003516 8528 1279 4291 876 65050 305145 163 191777 118860 1279 28.9521484375 4.27734375 0.2431640625 1.3505859375
map_9 78 0 5 5 5 1 1 0.001964083 0.021709541 0.0019823916 0.0216999414 0.001961 0.021709 0.0019808 0.021697 10560 11862 4155 7198 74249 21986915 508 12952568 146455 11862 28.2880859375 35.146484375 0.22265625 1.7080078125
map_0 79 0 5 5 5 1 1 0.001867667 0.004376875 0.0018871916 0.0043770166 0.001864 0.004376 0.001885 0.0043746 10049 5626 5391 3127 66032 4383242 357 2443120 141436 5625 34.3232421875 15.2685546875 0.251953125 1.48828125
map_1 79 1 5 5 5 1 1 0.002093083 0.00061125 0.002109183 0.0006119666 0.002091 0.000611 0.0021068 0.0006116 11270 1931 4648 1092 81905 581568 201 297953 149842 1931 30.6953125 5.33203125 0.275390625 1.470703125
map_2 79 0 5 5 5 1 1 0.001610375 0.002167209 0.0016224 0.0021670832 0.001605 0.002164 0.0016186 0.0021656 8482 4380 2932 2106 61012 2177297 82 1108122 113899 4380 22.31640625 10.283203125 0.2607421875 1.7314453125
map_3 79 1 5 5 5 1 1 0.001903583 0.000383417 0.001909875 0.0003843002 0.0019 0.000383 0.0019072 0.0003832 10112 1527 5168 903 80496 321200 342 203805 138196 1527 33.234375 4.4091796875 0.2607421875 1.4501953125
map_4 79 0 5 5 5 1 1 0.00157325 0.000611875 0.001590433 0.000611725 0.001571 0.000612 0.0015886 0.0006116 8569 1773 3500 1198 59645 545565 125 358738 114803 1773 25.08984375 5.849609375 0.2197265625 1.447265625
map_5 79 1 5 5 5 1 1 0.001609709 0.000528541 0.0016206418 0.0005290082 0.001607 0.000528 0.0016188 0.0005284 8465 1730 2239 1007 88010 473970 105 253452 113888 1730 18.9326171875 4.9169921875 0.2021484375 1.458984375
map_6 79 0 5 5 5 1 1 0.00194125 0.000662333 0.0019571832 0.0006616746 0.001938 0.000659 0.001954 0.00066 10573 2069 2799 1178 61364 606596 184 346673 128601 2069 21.6669921875 5.751953125 0.24609375 1.5380859375
map_7 79 1 5 5 5 1 1 0.001597333 0.002320708 0.0016077418 0.002323208 0.001594 0.002317 0.0016064 0.0023206 8646 4237 3289 2177 52526 2355840 212 1184024 119670 4237 24.0595703125 10.6298828125 0.234375 1.5146484375
map_8 79 0 5 5 5 1 1 0.001505334 0.0017385 0.00152515 0.0017382084 0.001502 0.001736 0.0015232 0.001737 7999 3230 2913 1993 66425 1652644 160 992139 105760 3230 22.2236328125 9.7314453125 0.234375 1.4033203125
map_9 79 1 5 5 5 1 1 0.002086958 0.003596125 0.0021396916 0.0035973584 0.002084 0.003594 0.002138 0.0035954 10986 4900 5307 2758 73452 3682489 467 1901465 150148 4900 33.9130859375 13.466796875 0.234375 1.8837890625
map_0 80 1 5 5 5 1 1 0.001509583 0.000591042 0.0015269498 0.0005911334 0.001507 0.000591 0.001525 0.00059 8032 2540 3614 987 54455 575152 190 243431 106952 2540 25.646484375 4.8193359375 0.2490234375 1.51171875
map_1 80 0 5 5 5 1 1 0.001764875 0.000861875 0.001786175 0.0008643418 0.001759 0.000862 0.0017832 0.0008644 9416 2173 4460 1391 82010 791129 439 483227 126814 2173 29.77734375 6.7919921875 0.2314453125 1.37109375
map_2 80 1 5 5 5 1 1 0.0014905 0.000722333 0.0015021748 0.0007229998 0.00149 0.000721 0.0015018 0.0007216 8000 8652 3126 824 58457 673524 110 169705 107542 8652 23.263671875 4.0234375 0.2373046875 1.3740234375
map_3 80 0 5 5 5 1 1 0.001426959 0.000387 0.0014372918 0.0003885666 0.001426 0.000387 0.0014366 0.0003872 7608 2250 2224 867 66600 332007 15 187866 104563 2250 18.859375 4.2333984375 0.234375 1.4384765625
map_4 80 1 5 5 5 1 1 0.00150625 0.001498667 0.0015182668 0.0014989586 0.001506 0.001497 0.0015172 0.0014966 8025 2919 3896 1842 54197 1424903 310 848159 104311 2919 27.0234375 8.994140625 0.228515625 1.4501953125
map_5 80 0 5 5 5 1 1 0.002037209 0.004878916 0.002043617 0.0048877664 0.002036 0.004879 0.0020412 0.0048854 10567 5599 3634 3365 113449 4660251 142 2830674 144520 5599 25.744140625 16.4306640625 0.2197265625 1.6962890625
map_6 80 1 5 5 5 1 1 0.001803208 0.003093291 0.0018118336 0.0030938582 0.0018 0.003093 0.0018096 0.0030914 9595 17374 3348 1632 78203 3639451 63 665369 125543 17374 24.34765625 7.96875 0.2373046875 1.529296875
map_7 80 0 5 5 5 1 1 0.001496083 0.003635709 0.0015138 0.0036369254 0.001493 0.003635 0.0015118 0.0036348 8062 5050 3888 2866 48246 3590346 106 2052699 114976 5050 26.984375 13.994140625 0.2138671875 1.435546875
map_8 80 1 5 5 5 1 1 0.001970667 0.000335958 0.001977675 0.000331083 0.001967 0.000335 0.0019752 0.000331 10481 2256 5318 785 80208 262685 343 154005 140032 2256 33.966796875 3.8330078125 0.2080078125 1.3740234375
map_9 80 0 5 5 5 1 1 0.001715875 0.000639292 0.0017278916 0.0006399752 0.001712 0.000639 0.0017256 0.0006394 9143 1850 4128 1161 73657 590718 91 336690 126544 1850 28.15625 5.6689453125 0.2021484375 1.4267578125
map_0 81 0 5 5 5 1 1 0.001513416 0.000405625 0.0015346332 0.0004058 0.00151 0.000406 0.0015312 0.0004054 8238 1823 4428 876 51892 367822 28 191823 114948 1823 29.62109375 4.27734375 0.2197265625 1.482421875
map_1 81 1 5 5 5 1 1 0.001651917 0.000367875 0.0016725582 0.000368625 0.001651 0.000367 0.001671 0.0003678 8769 1514 3903 818 63154 341651 74 167259 122336 1514 27.0576171875 3.994140625 0.205078125 1.447265625
map_2 81 0 5 5 5 1 1 0.001682875 0.00125925 0.0016984 0.0012599416 0.001679 0.001259 0.0016956 0.0012596 9044 2755 4402 1675 69836 1191337 355 701383 117254 2755 29.494140625 8.1787109375 0.2490234375 1.634765625
map_3 81 1 5 5 5 1 1 0.001922583 0.000737 0.0019294252 0.0007366502 0.001923 0.000735 0.0019286 0.000735 10166 1943 3457 1316 105923 648716 356 432942 135644 1943 24.8798828125 6.42578125 0.234375 1.5615234375
map_4 81 0 5 5 5 1 1 0.001575125 0.000162416 0.0015461832 0.0001632748 0.001571 0.000162 0.0015368 0.000163 7601 793 3706 624 51784 120128 42 97343 107771 793 26.095703125 3.046875 0.17578125 1.3330078125
map_5 81 1 5 5 5 1 1 0.002564208 0.001190542 0.0025516 0.0011931584 0.002564 0.00119 0.0025506 0.0011916 13134 2442 5459 1712 129623 1069884 884 732221 172322 2442 34.6552734375 8.359375 0.2080078125 1.3330078125
map_6 81 0 5 5 5 1 1 0.001695459 0.002199 0.001714225 0.0022000752 0.001692 0.002196 0.0017118 0.002198 9161 3778 4284 2276 66640 2073848 194 1295039 124943 3778 28.91796875 11.11328125 0.24609375 1.7900390625
map_7 81 1 5 5 5 1 1 0.001596209 0.003093959 0.001610425 0.0030943084 0.001593 0.003091 0.0016092 0.0030914 8668 5850 3821 2530 58398 3132424 289 1599250 119672 5850 26.6572265625 12.353515625 0.216796875 1.5380859375
map_8 81 0 5 5 5 1 1 0.001813709 0.001059667 0.0018344584 0.0010594584 0.00181 0.001059 0.0018314 0.0010588 9746 2587 4486 1487 73511 1022225 291 552209 131765 2587 29.904296875 7.2607421875 0.228515625 1.3330078125
map_9 81 1 5 5 5 1 1 0.000987167 0.000568875 0.0009926082 0.0005973082 0.000987 0.000569 0.0009918 0.0005974 5221 1574 1417 1184 33600 474963 31 350258 70987 1574 14.9189453125 5.78125 0.1875 1.435546875
map_0 82 1 5 5 5 1 1 0.0020425 0.00079075 0.0020589582 0.0007902584 0.002043 0.000789 0.0020582 0.000789 10807 2281 4860 1251 90612 757694 387 391078 147090 2281 31.73046875 6.1083984375 0.2314453125 1.5146484375
map_1 82 0 5 5 5 1 1 0.001415 0.000519917 0.0014271084 0.000526425 0.001415 0.00052 0.0014246 0.0005252 7411 1561 2407 1087 87003 437799 61 295104 97748 1560 19.7529296875 5.3076171875 0.1904296875 1.3564453125
map_2 82 1 5 5 5 1 1 0.002059042 0.001317375 0.002169575 0.001318425 0.002056 0.001314 0.0021624 0.0013166 10729 3160 4826 1630 84388 1293884 269 663694 147783 3160 31.564453125 7.958984375 0.251953125 1.5029296875
map_3 82 0 5 5 5 1 1 0.00189925 0.000555417 0.0019057166 0.0005560166 0.001896 0.000555 0.0019032 0.0005556 10086 1775 3913 1100 76156 496607 215 302330 137749 1775 27.1064453125 5.37109375 0.22265625 1.447265625
map_4 82 1 5 5 5 1 1 0.001792125 0.000336083 0.0018224166 0.0003352 0.001792 0.000334 0.0018206 0.0003342 9552 1200 4573 890 61614 276884 304 197835 134575 1200 30.3291015625 4.345703125 0.2109375 1.330078125
map_5 82 0 5 5 5 1 1 0.001953125 0.00113675 0.0019783 0.001138075 0.00195 0.001136 0.0019764 0.0011366 10144 2425 4298 1637 106631 1034895 284 669461 138485 2425 28.986328125 7.9931640625 0.2314453125 1.39453125
map_6 82 1 5 5 5 1 1 0.001859875 0.006981291 0.0018555916 0.0069813748 0.001859 0.006981 0.0018534 0.0069808 9738 6684 3515 4113 90921 6815472 67 4227431 126379 6683 25.1630859375 20.0830078125 0.2314453125 1.412109375
map_7 82 0 5 5 5 1 1 0.001313375 0.000338375 0.0013263084 0.0003391166 0.001313 0.000338 0.0013238 0.000338 7084 1163 2681 902 47155 280204 13 203379 97433 1163 21.0908203125 4.404296875 0.2197265625 1.306640625
map_8 82 1 5 5 5 1 1 0.001843 0.001044333 0.0018555834 0.0010440168 0.001841 0.001041 0.0018532 0.0010418 9847 2388 4577 1519 62839 980548 205 576227 132688 2388 30.3486328125 7.4169921875 0.2548828125 1.271484375
map_9 82 0 5 5 5 1 1 0.002293041 0.001094 0.002301275 0.001098475 0.00229 0.001094 0.0022988 0.0010976 12132 2289 6345 1613 86276 996452 791 649777 167940 2289 38.9814453125 7.8759765625 0.24609375 1.265625
map_0 83 0 5 5 5 1 1 0.001623458 0.000825292 0.0016393664 0.0008299584 0.00162 0.000825 0.001637 0.0008292 8681 3656 3156 1174 78591 819997 114 344353 115173 3656 23.41015625 5.732421875 0.2431640625 1.5
map_1 83 1 5 5 5 1 1 0.00130075 0.001113875 0.0013053082 0.001112425 0.001298 0.001113 0.0013028 0.0011114 6853 2647 2360 1575 55241 1033865 38 619548 94900 2647 19.5234375 7.6904296875 0.234375 1.4296875
map_2 83 0 5 5 5 1 1 0.001316334 0.002681958 0.001326967 0.0026829082 0.001313 0.00268 0.001325 0.002682 7063 4270 2973 2444 50474 2629395 44 1492174 94059 4270 22.5166015625 11.93359375 0.240234375 1.388671875
map_3 83 1 5 5 5 1 1 0.00166975 0.000357416 0.0016781664 0.0003572 0.001667 0.000357 0.0016762 0.0003568 8945 1872 3311 765 68361 329650 49 146279 115879 1872 24.1669921875 3.7353515625 0.2607421875 1.4326171875
map_4 83 0 5 5 5 1 1 0.001137417 0.001386958 0.0011458416 0.001386 0.001134 0.001386 0.0011438 0.0013856 6008 3036 2292 1769 44668 1304703 6 781692 86119 3036 19.19140625 8.6376953125 0.2138671875 1.505859375
map_5 83 1 5 5 5 1 1 0.001580334 0.002221833 0.0015828666 0.0022528912 0.00158 0.002219 0.001582 0.0022494 8437 3771 3133 2215 52166 2158810 106 1225879 114227 3771 23.2978515625 10.8154296875 0.205078125 1.576171875
map_6 83 0 5 5 5 1 1 0.001580208 0.00092725 0.0015978498 0.000927125 0.001577 0.000926 0.001596 0.0009258 8567 2409 3347 1446 66287 845622 268 522673 109408 2409 24.3427734375 7.060546875 0.2197265625 1.5
map_7 83 1 5 5 5 1 1 0.001993542 0.003270666 0.0020628416 0.0032804666 0.00199 0.003271 0.0020576 0.0032786 10623 8789 5777 2566 71905 3277890 647 1645008 149822 8789 36.2080078125 12.529296875 0.216796875 1.4443359375
map_8 83 0 5 5 5 1 1 0.00187025 0.001034042 0.001887325 0.0010398002 0.001867 0.001034 0.0018854 0.0010374 9892 2309 5071 1578 79082 922186 481 621901 136546 2309 32.7607421875 7.705078125 0.2431640625 1.388671875
map_9 83 1 5 5 5 1 1 0.001921917 0.000470792 0.0019392084 0.0004712084 0.001922 0.00047 0.0019376 0.0004702 10367 1616 5560 1007 70057 417522 455 253504 136979 1616 35.1484375 4.9169921875 0.234375 1.4765625
map_0 84 1 5 5 5 1 1 0.001603541 0.004573917 0.0016171166 0.0045715084 0.001603 0.00457 0.001616 0.0045698 8564 5604 3364 3256 67584 4503351 108 2648883 113541 5604 24.42578125 15.8984375 0.1904296875 1.400390625
map_1 84 0 5 5 5 1 1 0.001516583 0.000560042 0.0015353 0.000560175 0.001517 0.000559 0.0015326 0.00056 8098 1950 2700 1080 73303 506019 91 291574 109480 1950 21.18359375 5.2734375 0.205078125 1.5146484375
map_2 84 1 5 5 5 1 1 0.001570458 0.000723083 0.0015762916 0.0007248246 0.001569 0.000723 0.0015742 0.0007238 8362 1966 3367 1288 64576 646747 24 414712 107353 1965 24.4404296875 6.2890625 0.2373046875 1.4794921875
map_3 84 0 5 5 5 1 1 0.001777791 0.000950417 0.0017839166 0.0009517168 0.001777 0.00095 0.001783 0.0009512 9562 2432 4294 1387 72504 891708 216 480735 122700 2432 28.966796875 6.7724609375 0.2314453125 1.55859375
map_4 84 1 5 5 5 1 1 0.001668 0.003442 0.0016915416 0.0034427084 0.001667 0.003439 0.0016908 0.0034396 9040 4646 4374 2836 58255 3340914 314 2009772 122925 4646 29.357421875 13.84765625 0.2080078125 1.5146484375
map_5 84 0 5 5 5 1 1 0.001949458 0.0061195 0.0019604 0.006132825 0.001947 0.006119 0.001959 0.0061306 10188 6143 3654 3829 102162 5979018 7 3663574 138523 6143 25.841796875 18.6962890625 0.2255859375 1.4267578125
map_6 84 1 5 5 5 1 1 0.001923792 0.003540541 0.0019357084 0.0035406164 0.001923 0.003538 0.0019338 0.0035366 10461 4980 4745 2787 80640 3549460 465 1940930 131248 4980 31.1689453125 13.6083984375 0.2490234375 1.5322265625
map_7 84 0 5 5 5 1 1 0.001131292 0.001128 0.0011419748 0.00112775 0.001131 0.001126 0.0011404 0.0011264 6097 3275 2006 1425 37420 1149260 90 507121 84140 3275 17.794921875 6.9580078125 0.181640625 1.30078125
map_8 84 1 5 5 5 1 1 0.0011465 0.001740833 0.001162425 0.001741658 0.001147 0.001738 0.0011614 0.0017402 6113 3498 1998 1911 53893 1722291 18 912975 77209 3498 17.755859375 9.3310546875 0.2138671875 1.6376953125
map_9 84 0 5 5 5 1 1 0.002025041 0.004426 0.002025825 0.0044253584 0.002024 0.004423 0.0020224 0.0044232 10445 5468 5273 3204 69273 4350570 323 2566342 147630 5468 33.7470703125 15.64453125 0.251953125 1.587890625
map_0 85 0 5 5 5 1 1 0.001932458 0.000497 0.0019480416 0.0004987166 0.001929 0.000497 0.0019454 0.0004984 10260 1728 5193 1030 81919 439611 169 265025 145211 1728 33.3564453125 5.029296875 0.2197265625 1.423828125
map_1 85 1 5 5 5 1 1 0.001863583 0.001064042 0.001882975 0.0010648586 0.001864 0.001062 0.001883 0.0010628 10060 2349 4325 1588 84372 964391 138 630074 143296 2349 29.1181640625 7.75390625 0.2578125 1.46484375
map_2 85 0 5 5 5 1 1 0.001652041 0.001823209 0.0016749416 0.001825125 0.001652 0.001821 0.001673 0.0018226 8867 3723 3598 1905 60860 1845199 95 906501 117979 3723 25.568359375 9.3017578125 0.228515625 1.5
map_3 85 1 5 5 5 1 1 0.001266291 0.000697459 0.0012805748 0.0006985918 0.001265 0.000697 0.00128 0.0006968 6848 1928 2397 1233 57837 637232 35 379843 93094 1928 19.7041015625 6.0205078125 0.2080078125 1.458984375
map_4 85 0 5 5 5 1 1 0.001767542 0.000796375 0.0017933332 0.0007972498 0.001766 0.000796 0.0017922 0.0007962 9475 2980 4615 1126 57552 820284 271 316859 129777 2980 30.5341796875 5.498046875 0.234375 1.5146484375
map_5 85 1 5 5 5 1 1 0.0017485 0.002531167 0.0017623918 0.002528667 0.001748 0.002528 0.0017622 0.0025266 9176 3923 3179 2440 87929 2405778 75 1487683 123367 3923 23.5224609375 11.9140625 0.2255859375 1.5615234375
map_6 85 0 5 5 5 1 1 0.001583417 0.000305125 0.0015943086 0.0003076748 0.001583 0.000305 0.0015932 0.0003074 8400 1294 3220 810 70485 256206 40 163983 109989 1294 23.72265625 3.955078125 0.275390625 1.41796875
map_7 85 1 5 5 5 1 1 0.001795959 0.008048084 0.0018019666 0.0080812088 0.001796 0.008048 0.0018016 0.0080768 9668 9784 4876 4148 57366 8329412 401 4300772 132187 9782 31.80859375 20.25390625 0.2138671875 1.9833984375
map_8 85 0 5 5 5 1 1 0.00170775 0.003842375 0.0017181916 0.0038427668 0.001707 0.003839 0.0017178 0.0038396 9043 5263 3908 2873 62350 3887885 88 2062863 125073 5262 27.08203125 14.0283203125 0.2373046875 1.67578125
map_9 85 1 5 5 5 1 1 0.002181167 0.000872417 0.0021677502 0.0008727164 0.002181 0.000871 0.0021654 0.000871 11222 2053 5737 1461 82451 769090 714 533124 155629 2053 36.0126953125 7.1337890625 0.1904296875 1.39453125
map_0 86 1 5 5 5 1 1 0.001733 0.001726833 0.0017185582 0.0017274166 0.001731 0.001726 0.001717 0.0017248 8835 3889 3999 1876 76044 1717267 10 879404 127930 3889 27.5263671875 9.16015625 0.2255859375 1.4970703125
map_1 86 0 5 5 5 1 1 0.00223275 0.004059959 0.0022413166 0.0040597086 0.002232 0.004057 0.0022398 0.0040582 11948 5249 5713 3054 86503 3998283 911 2331150 160061 5249 35.8955078125 14.912109375 0.2255859375 1.423828125
map_2 86 1 5 5 5 1 1 0.001631458 0.000726458 0.0016407834 0.0007275332 0.001628 0.000726 0.0016384 0.0007262 8670 2282 3507 1261 69091 657836 106 397301 119156 2282 25.1240234375 6.1572265625 0.2197265625 1.4765625
map_3 86 0 5 5 5 1 1 0.001526959 0.0014005 0.0015415752 0.0014029418 0.001527 0.0014 0.001539 0.0014018 8280 3130 3748 1744 58818 1317337 219 760374 116706 3130 26.30078125 8.515625 0.2548828125 1.7958984375
map_4 86 1 5 5 5 1 1 0.001673916 0.00481075 0.001687533 0.0048498082 0.00167 0.004807 0.0016856 0.004847 9014 5260 4420 3391 60039 4676854 322 2873123 123463 5259 29.58203125 16.5576171875 0.228515625 1.3388671875
map_5 86 0 5 5 5 1 1 0.002053584 0.000782875 0.0020601582 0.0007840168 0.002051 0.000783 0.0020584 0.0007838 10642 2006 3811 1331 125089 713414 454 442396 143629 2006 26.6083984375 6.4990234375 0.22265625 1.353515625
map_6 86 1 5 5 5 1 1 0.001912459 0.004757917 0.0019248002 0.004758642 0.001912 0.004755 0.0019232 0.0047546 10161 5624 3727 3373 76442 4618334 319 2844223 134105 5624 26.1982421875 16.4697265625 0.240234375 1.728515625
map_7 86 0 5 5 5 1 1 0.00149375 0.00053825 0.0015109752 0.00054045 0.001493 0.000538 0.001509 0.0005398 8033 1664 3549 1114 51949 469569 38 309956 111346 1664 25.3291015625 5.439453125 0.2255859375 1.3505859375
map_8 86 1 5 5 5 1 1 0.001495875 0.000889458 0.001504225 0.0008957832 0.001495 0.000889 0.001503 0.000894 7891 4463 3387 1265 67881 806075 35 399632 105708 4463 24.5380859375 6.1767578125 0.2197265625 1.388671875
map_9 86 0 5 5 5 1 1 0.001694 0.002038375 0.0016993668 0.0020361752 0.001691 0.002035 0.0016968 0.0020346 9151 3559 4565 2129 62529 1971451 412 1132285 124859 3559 30.2900390625 10.3955078125 0.2373046875 1.4560546875
map_0 87 0 5 5 5 1 1 0.001787875 0.000779792 0.001794725 0.0007787166 0.001784 0.00078 0.0017918 0.0007782 9636 2554 4027 1185 95354 769611 164 351045 126900 2554 27.6630859375 5.7861328125 0.251953125 1.5703125
map_1 87 1 5 5 5 1 1 0.001725542 0.000378083 0.0017375334 0.0003787082 0.001723 0.000376 0.0017352 0.000378 9182 1424 4232 913 68833 318786 258 208355 130614 1424 28.6640625 4.4580078125 0.2578125 1.4765625
map_2 87 0 5 5 5 1 1 0.001715958 0.006231708 0.0017189918 0.0062334416 0.001713 0.006229 0.0017174 0.0062316 9006 6617 3871 3681 65428 6415913 109 3386397 121497 6617 26.9013671875 17.9736328125 0.2197265625 1.5791015625
map_3 87 1 5 5 5 1 1 0.002193292 0.000732958 0.0022000418 0.0007360498 0.002192 0.000731 0.0021972 0.000735 11442 1976 6555 1262 80436 671398 1048 398125 161553 1976 40.0068359375 6.162109375 0.2578125 1.39453125
map_4 87 0 5 5 5 1 1 0.000998042 0.002845583 0.0010058998 0.0028470916 0.000996 0.002845 0.0010034 0.0028458 5212 6198 1732 2329 39648 2959459 18 1355478 73066 6198 16.45703125 11.3720703125 0.1787109375 1.828125
map_5 87 1 5 5 5 1 1 0.002026583 0.001747375 0.0020298498 0.0017474336 0.002026 0.001744 0.0020278 0.0017456 10614 3396 4060 1914 89415 1731338 293 915110 148371 3396 27.82421875 9.345703125 0.2548828125 1.412109375
map_6 87 0 5 5 5 1 1 0.002184375 0.001841667 0.0021922502 0.0018446752 0.002184 0.00184 0.0021896 0.0018436 11626 4126 5560 1990 79024 1784570 495 989496 156094 4126 35.1484375 9.716796875 0.2490234375 1.5966796875
map_7 87 1 5 5 5 1 1 0.002133917 0.001171 0.0021340918 0.0011710586 0.002133 0.001171 0.0021314 0.0011696 10887 2878 4960 1578 77383 1119037 338 621940 157625 2878 32.21875 7.705078125 0.228515625 1.4033203125
map_8 87 0 5 5 5 1 1 0.00212975 0.0004265 0.0021333 0.0004265754 0.002129 0.000426 0.0021316 0.000426 11114 1451 6100 975 92590 370814 354 237514 160286 1451 37.78515625 4.7607421875 0.205078125 1.3857421875
map_9 87 1 5 5 5 1 1 0.001780041 0.000495875 0.0017831332 0.00049715 0.001777 0.000495 0.0017812 0.0004956 9392 1476 4365 1104 70256 417173 371 304420 125727 1476 29.3134765625 5.390625 0.205078125 1.3740234375
map_0 88 1 5 5 5 1 1 0.001700333 0.000366 0.001716925 0.0003659166 0.001697 0.000364 0.0017158 0.0003644 9068 1298 4072 899 70046 313563 395 201958 122719 1298 27.8828125 4.3896484375 0.24609375 1.3798828125
map_1 88 0 5 5 5 1 1 0.001691625 0.00035275 0.0017052664 0.000353075 0.001691 0.000353 0.0017032 0.0003528 9066 1357 3561 892 76529 295837 95 198780 122852 1357 25.3876953125 4.35546875 0.2666015625 1.4150390625
map_2 88 1 5 5 5 1 1 0.001946083 0.004273792 0.0019572332 0.0042725334 0.001943 0.004268 0.001955 0.0042688 10507 5637 4621 3083 68857 4269065 437 2375585 143758 5637 30.5634765625 15.0537109375 0.263671875 1.3564453125
map_3 88 0 5 5 5 1 1 0.001773959 0.000814083 0.0017997086 0.0008149498 0.001773 0.000814 0.0017978 0.0008144 9585 2796 3742 1247 83456 787115 111 388342 128660 2796 26.271484375 6.0888671875 0.2314453125 1.4267578125
map_4 88 1 5 5 5 1 1 0.001989875 0.001940625 0.0019986502 0.0019419584 0.001988 0.001939 0.001997 0.0019406 10587 3762 5661 2024 75118 1922644 496 1023973 148252 3762 35.6416015625 9.8828125 0.228515625 1.6083984375
map_5 88 0 5 5 5 1 1 0.001736417 0.0004265 0.0017497334 0.0004276752 0.001733 0.000427 0.0017464 0.0004274 9151 1404 3466 999 89435 362021 36 249263 122632 1404 24.923828125 4.8779296875 0.2548828125 1.3974609375
map_6 88 1 5 5 5 1 1 0.001575 0.00589325 0.0015863416 0.0058939248 0.001572 0.005892 0.0015844 0.0058916 8464 6461 4129 3651 68091 5931477 345 3330870 115615 6460 28.1611328125 17.8271484375 0.2431640625 1.4501953125
map_7 88 0 5 5 5 1 1 0.001553375 0.000462084 0.001564825 0.000472175 0.00155 0.000461 0.0015626 0.0004714 8292 1762 3642 934 54626 353979 61 217916 114362 1762 25.783203125 4.560546875 0.22265625 1.39453125
map_8 88 1 5 5 5 1 1 0.001704916 0.00024825 0.0017197166 0.0002493252 0.001702 0.000249 0.0017166 0.0002486 9056 1105 4269 745 66145 202064 110 138741 124819 1105 28.8447265625 3.6376953125 0.1845703125 1.4384765625
map_9 88 0 5 5 5 1 1 0.001942833 0.000934833 0.0019548332 0.0009361248 0.001942 0.000932 0.001953 0.0009348 10201 2300 4641 1433 71927 887704 162 513338 141982 2300 30.6611328125 6.9970703125 0.2548828125 1.6025390625
map_0 89 0 5 5 5 1 1 0.001878584 0.004911958 0.0018959836 0.004912108 0.001877 0.004912 0.0018936 0.0049108 9909 5823 3716 3336 77176 4916493 137 2781396 132018 5823 26.14453125 16.2890625 0.19921875 1.6787109375
map_1 89 1 5 5 5 1 1 0.002399667 0.002158709 0.002412775 0.0021593836 0.002399 0.002155 0.0024122 0.002156 13034 3607 5720 2251 91973 2044074 840 1265990 168070 3607 35.9296875 10.9912109375 0.2314453125 1.529296875
map_2 89 0 5 5 5 1 1 0.001662708 0.000719167 0.0016793916 0.000719775 0.001659 0.000719 0.0016774 0.0007194 8852 2240 4025 1170 63083 694822 177 341940 115744 2240 27.6533203125 5.712890625 0.240234375 1.4765625
map_3 89 1 5 5 5 1 1 0.001649875 0.000422125 0.0016584918 0.0004216084 0.001649 0.000422 0.0016572 0.0004212 8831 1563 3129 954 80454 365645 260 227388 107200 1563 23.2783203125 4.658203125 0.193359375 1.40625
map_4 89 0 5 5 5 1 1 0.000994 0.002786459 0.0009990832 0.0027879002 0.000991 0.002787 0.0009982 0.002786 5299 4270 1361 2515 36048 2721592 11 1580968 72972 4269 14.6455078125 12.2802734375 0.2138671875 1.857421875
map_5 89 1 5 5 5 1 1 0.00164775 0.000552791 0.0016555418 0.000552533 0.001647 0.00055 0.0016554 0.000551 8811 1711 2479 1085 47604 501593 58 294085 118692 1711 20.1044921875 5.2978515625 0.193359375 1.447265625
map_6 89 0 5 5 5 1 1 0.001585791 0.00872775 0.0016017666 0.008741875 0.001582 0.008725 0.0015996 0.0087388 8486 7899 3011 4425 63643 8935216 55 4893834 115330 7898 22.7021484375 21.6064453125 0.228515625 1.4501953125
map_7 89 1 5 5 5 1 1 0.001690875 0.000263958 0.0017041084 0.0002649834 0.001692 0.000264 0.0017026 0.0002642 8975 1016 4502 807 55602 208998 220 162707 125103 1016 29.982421875 3.9404296875 0.251953125 1.32421875
map_8 89 0 5 5 5 1 1 0.001634125 0.002120417 0.0016478666 0.0021481418 0.001635 0.00211 0.0016468 0.0021444 8770 3438 3300 2255 67028 1966692 55 1270312 114889 3438 24.11328125 11.0107421875 0.2373046875 1.4326171875
map_9 89 1 5 5 5 1 1 0.001448209 0.001010666 0.0014571338 0.001012233 0.001448 0.00101 0.001457 0.0010116 7727 2500 3000 1413 59401 1001654 87 498726 108258 2500 22.6484375 6.8994140625 0.2109375 1.4150390625
map_0 90 1 5 5 5 1 1 0.001639458 0.001093167 0.001647625 0.0010933582 0.001636 0.001093 0.0016452 0.0010928 8685 4183 3171 1393 57519 1085191 30 484745 118363 4183 23.4833984375 6.8017578125 0.216796875 1.5673828125
map_1 90 0 5 5 5 1 1 0.001997708 0.002733709 0.0020112916 0.0027335418 0.001997 0.002731 0.002009 0.0027316 10742 4360 3633 2408 84645 2752691 269 1448544 145639 4360 25.7392578125 11.7578125 0.2578125 1.4501953125
map_2 90 1 5 5 5 1 1 0.001638917 0.007473459 0.0016774082 0.0074744584 0.001638 0.00747 0.0016742 0.0074716 8364 7794 3346 3996 66199 7776118 98 3991677 115652 7793 24.337890625 19.51171875 0.216796875 1.9833984375
map_3 90 0 5 5 5 1 1 0.001565084 0.004140083 0.0015705334 0.0041607668 0.001566 0.004122 0.0015692 0.0041514 8345 5157 3507 3073 74602 4006478 509 2360756 111131 5156 25.1240234375 15.0048828125 0.2080078125 1.892578125
map_4 90 1 5 5 5 1 1 0.001385042 0.000262708 0.0013935498 0.0002624748 0.001381 0.000262 0.0013924 0.0002618 7474 1056 3206 785 42525 208116 32 153962 104376 1056 23.654296875 3.8330078125 0.234375 1.37109375
map_5 90 0 5 5 5 1 1 0.002033125 0.000720417 0.002048825 0.000721575 0.00203 0.00072 0.002046 0.0007212 10640 1914 3712 1305 129175 634872 229 425311 139251 1914 26.125 6.3720703125 0.240234375 1.318359375
map_6 90 1 5 5 5 1 1 0.001654125 0.001537459 0.0016633916 0.0015421582 0.001653 0.001536 0.001663 0.0015416 8876 3136 3585 1874 61486 1444886 220 877849 119634 3136 25.5048828125 9.150390625 0.251953125 1.646484375
map_7 90 0 5 5 5 1 1 0.002045041 0.002380334 0.0020579748 0.0023805586 0.002041 0.002377 0.0020554 0.0023776 10813 7833 4238 2122 71689 2383447 296 1125637 154886 7833 28.693359375 10.361328125 0.216796875 1.4677734375
map_8 90 1 5 5 5 1 1 0.001832041 0.001667375 0.001837583 0.0016719748 0.001829 0.001665 0.0018356 0.0016698 9760 3310 5433 1880 66585 1639675 155 882809 131733 3310 34.5283203125 9.1796875 0.234375 1.4208984375
map_9 90 0 5 5 5 1 1 0.0015725 0.000499458 0.001588075 0.000499675 0.001573 0.000499 0.0015856 0.0004992 8519 1960 3826 1012 57133 448938 379 255911 115978 1960 26.681640625 4.94140625 0.2197265625 1.482421875
map_0 91 0 5 5 5 1 1 0.001867958 0.006735875 0.0018944 0.0067335916 0.001864 0.006727 0.0018918 0.0067298 10218 9804 5460 3828 69919 6854405 279 3662826 139163 9804 34.66015625 18.69140625 0.234375 1.9306640625
map_1 91 1 5 5 5 1 1 0.002120666 0.000352875 0.0021419832 0.00035295 0.002117 0.000352 0.00214 0.0003522 11232 1341 5098 859 88066 307582 420 184458 159485 1341 32.892578125 4.1943359375 0.205078125 1.423828125
map_2 91 0 5 5 5 1 1 0.001509417 0.004537042 0.0015237502 0.0045348498 0.001507 0.004533 0.001521 0.004532 8047 7062 3243 3152 59306 4545763 5 2483454 112739 7061 23.8349609375 15.390625 0.2197265625 1.986328125
map_3 91 1 5 5 5 1 1 0.00148075 0.006471541 0.0014858498 0.0064760164 0.00148 0.006472 0.0014832 0.0064734 7766 6513 2365 3907 72736 6405926 33 3815919 102014 6513 19.5478515625 19.0771484375 0.1962890625 1.705078125
map_4 91 0 5 5 5 1 1 0.001904416 0.001590459 0.0019282996 0.001590725 0.001901 0.001589 0.0019252 0.0015896 10366 3057 5774 1917 69230 1495729 728 918398 147723 3057 36.193359375 9.3603515625 0.251953125 1.482421875
map_5 91 1 5 5 5 1 1 0.001778541 0.008058375 0.0017803334 0.0080561502 0.001779 0.008056 0.0017796 0.0080534 9210 7401 3320 4253 99570 8220121 136 4521184 124930 7401 24.2109375 20.7666015625 0.240234375 1.9130859375
map_6 91 0 5 5 5 1 1 0.001655958 0.000611041 0.0016659416 0.0006123168 0.001655 0.000611 0.0016636 0.0006112 8888 1800 3965 1178 66074 540070 40 346630 120686 1800 27.3603515625 5.751953125 0.234375 1.4033203125
map_7 91 1 5 5 5 1 1 0.001691875 0.002651916 0.0017033082 0.0026511832 0.00169 0.00265 0.0017016 0.0026486 9025 4152 3469 2412 59543 2625647 137 1453465 124741 4151 24.9384765625 11.77734375 0.22265625 1.3857421875
map_8 91 0 5 5 5 1 1 0.001839959 0.000471792 0.0018501584 0.000472575 0.001839 0.000471 0.0018476 0.0004722 9897 2107 4904 1009 71454 408891 332 254321 139766 2107 31.9453125 4.9267578125 0.2255859375 1.400390625
map_9 91 1 5 5 5 1 1 0.00203225 0.005291875 0.0020184332 0.0052916668 0.002031 0.005291 0.0020168 0.00529 10654 6077 5648 3460 62579 5307594 499 2992316 146436 6076 35.578125 16.89453125 0.251953125 1.798828125
