# map seed opt_first repeats opt_success con_success opt_deterministic con_deterministic opt_run_time con_run_time opt_wall_mean con_wall_mean opt_cpu_time con_cpu_time opt_cpu_mean con_cpu_mean opt_iterations con_iterations opt_nodes con_nodes opt_nn_checks con_nn_checks opt_connection_checks con_connection_checks opt_collision_checks con_collision_checks opt_tree_mem con_tree_mem opt_path_mem con_path_mem
map_0 42 1 5 5 5 1 1 0.001327542 0.004647875 0.0013854752 0.0046398252 0.001327 0.004647 0.00138 0.0046366 6922 4533 5553 3560 42963 4156111 822 3167883 104836 4533 35.1142578125 17.3828125 0.1904296875 1.6669921875
map_1 42 0 5 5 5 1 1 0.001256458 0.000210583 0.0012575084 0.0002118084 0.001256 0.000209 0.0012538 0.0002112 6599 908 5511 735 36532 151687 659 135041 99970 908 34.9091796875 3.5888671875 0.1875 1.3447265625
map_2 42 1 5 5 5 1 1 0.001175416 0.001092167 0.0011785666 0.0011649334 0.001176 0.001089 0.0011776 0.0011624 6002 2141 4704 1656 32352 907865 176 684976 87926 2141 30.96875 8.0859375 0.2109375 1.388671875
map_3 42 0 5 5 5 1 1 0.001514167 0.006099125 0.00153175 0.0062050664 0.001514 0.00609 0.0015298 0.0062004 8350 5451 5318 4067 57916 5542390 683 4133186 122256 5451 33.966796875 19.8583984375 0.1962890625 1.2685546875
map_4 42 1 5 5 5 1 1 0.001198584 0.000341083 0.0012192584 0.0003417166 0.001196 0.00034 0.0012174 0.00034 6625 1037 4746 841 33902 228433 344 176754 96662 1037 31.173828125 4.1064453125 0.2255859375 1.3857421875
map_5 42 0 5 5 5 1 1 0.001369333 0.000682834 0.0013671664 0.0006856918 0.001369 0.00068 0.0013656 0.0006844 7330 3015 5033 1250 52064 577320 541 390229 106429 3015 32.5751953125 6.103515625 0.2021484375 1.353515625
map_6 42 1 5 5 5 1 1 0.001326916 0.000623917 0.0013364084 0.0006298418 0.001324 0.000623 0.0013334 0.0006288 7341 1497 6225 1294 42477 511051 876 418170 110045 1497 38.3955078125 6.318359375 0.2373046875 1.3125
map_7 42 0 5 5 5 1 1 0.00093425 0.000451833 0.00094895 0.0004516168 0.000931 0.000452 0.0009472 0.0004508 5263 1385 4190 1102 27496 353136 209 303402 78695 1385 28.458984375 5.380859375 0.1875 1.4208984375
map_8 42 1 5 5 5 1 1 0.000994709 0.00105575 0.000995892 0.0011247916 0.000994 0.001056 0.0009946 0.0011028 5421 2136 4018 1666 28587 902733 473 693203 81358 2136 27.619140625 8.134765625 0.1962890625 1.3359375
map_9 42 0 5 5 5 1 1 0.001179958 0.000754 0.0012201498 0.00075485 0.001178 0.000751 0.0012186 0.0007528 6639 1700 4815 1426 46039 619395 694 507933 96582 1700 31.5107421875 6.962890625 0.181640625 1.3447265625
map_0 43 0 5 5 5 1 1 0.001041083 0.001143541 0.0010454834 0.0011537582 0.001041 0.001143 0.0010434 0.0011526 5501 2230 3765 1738 34023 967483 48 754613 81533 2230 26.3837890625 8.486328125 0.19921875 1.353515625
map_1 43 1 5 5 5 1 1 0.001158959 0.000391083 0.001172075 0.0003912498 0.001159 0.000391 0.0011694 0.0003908 6428 1326 4560 976 32873 308330 349 237952 95724 1326 30.265625 4.765625 0.1611328125 1.353515625
map_2 43 0 5 5 5 1 1 0.001346417 0.000720917 0.0013407166 0.0007231502 0.001339 0.00072 0.0013384 0.0007218 6927 1689 3861 1386 36077 599121 126 479758 96417 1689 26.8525390625 6.767578125 0.1904296875 1.3359375
map_3 43 1 5 5 5 1 1 0.001131833 0.000730791 0.0011406918 0.000732658 0.001131 0.000728 0.0011368 0.0007312 5909 1784 3239 1388 37075 603562 202 481298 81016 1784 23.8154296875 6.77734375 0.1962890625 1.4208984375
map_4 43 0 5 5 5 1 1 0.001128375 0.000871792 0.0011453168 0.0008716668 0.001125 0.000871 0.0011424 0.0008706 6323 1917 4530 1513 32681 738515 187 571748 88317 1917 30.119140625 7.3876953125 0.2138671875 1.365234375
map_5 43 1 5 5 5 1 1 0.0011585 0.000296958 0.001169175 0.0002999332 0.001155 0.000296 0.001167 0.0002988 6426 1124 3916 817 34011 232669 96 166794 90332 1124 27.12109375 3.9892578125 0.205078125 1.3798828125
map_6 43 0 5 5 5 1 1 0.001068333 0.000229333 0.0010636166 0.000230075 0.001068 0.000229 0.0010602 0.0002294 5539 920 4089 756 29851 177383 241 142826 81939 920 27.9658203125 3.69140625 0.1875 1.3330078125
map_7 43 1 5 5 5 1 1 0.001012459 0.000647666 0.0010296834 0.0006517914 0.001012 0.000645 0.0010282 0.0006496 5501 1622 3866 1276 30601 549832 143 406960 76111 1622 26.876953125 6.23046875 0.1669921875 1.482421875
map_8 43 0 5 5 5 1 1 0.000942042 0.001071709 0.0009317916 0.0011125502 0.000942 0.001066 0.0009302 0.00111 5038 1988 3106 1678 27612 870538 90 703383 70115 1988 23.166015625 8.193359375 0.2197265625 1.330078125
map_9 43 1 5 5 5 1 1 0.001094584 0.003519875 0.0011053254 0.0035173668 0.001094 0.003516 0.0011038 0.0035148 5971 3843 4011 3153 35326 3035935 183 2484305 86088 3843 27.5849609375 15.3955078125 0.1552734375 1.552734375
map_0 44 1 5 5 5 1 1 0.001025292 0.000979792 0.0010426418 0.0010036498 0.001022 0.000979 0.001041 0.0010022 5654 2057 3930 1590 32694 830101 104 631458 85387 2057 27.189453125 7.763671875 0.2021484375 1.3623046875
map_1 44 0 5 5 5 1 1 0.000716417 0.0004295 0.0007316418 0.0004304916 0.000716 0.000429 0.0007308 0.00043 3946 1392 2557 1049 20914 346075 29 274832 59124 1392 20.4853515625 5.1220703125 0.1875 1.4296875
map_2 44 1 5 5 5 1 1 0.001025916 0.0003995 0.0010313582 0.00039995 0.001024 0.000399 0.0010296 0.0003994 5616 1281 3298 1008 31310 322187 142 253958 79683 1281 24.103515625 4.921875 0.1611328125 1.3681640625
map_3 44 0 5 5 5 1 1 0.000941 0.001855708 0.000952525 0.0018556752 0.000941 0.001852 0.000952 0.0018542 5131 3034 3077 2185 29256 1663365 31 1193135 72662 3034 23.0244140625 10.6689453125 0.1640625 1.552734375
map_4 44 1 5 5 5 1 1 0.00107775 0.000838291 0.0010937582 0.000838433 0.001078 0.000838 0.0010928 0.000837 6096 1935 4172 1483 28612 699576 249 549818 83141 1935 28.37109375 7.2412109375 0.1845703125 1.53515625
map_5 44 0 5 5 5 1 1 0.001148541 0.000264834 0.0011641746 0.0002647086 0.001149 0.000263 0.0011628 0.0002632 6235 1029 3727 781 40262 215903 134 152448 92388 1029 26.1982421875 3.8134765625 0.2021484375 1.3359375
map_6 44 1 5 5 5 1 1 0.001119375 0.0003025 0.0011364834 0.0003030166 0.001116 0.000302 0.0011336 0.0003026 6089 1176 4412 852 33243 245621 66 181406 89842 1176 29.54296875 4.16015625 0.181640625 1.3916015625
map_7 44 0 5 5 5 1 1 0.000822084 0.00139775 0.0008326084 0.0013997 0.000819 0.001395 0.0008312 0.0013976 4504 2469 3186 1907 23181 1227044 23 908407 67245 2469 23.556640625 9.3115234375 0.1787109375 1.3095703125
map_8 44 1 5 5 5 1 1 0.000962333 0.000480625 0.000965175 0.0004802332 0.000959 0.000478 0.000963 0.000479 5283 1356 4325 1132 27178 383141 262 320065 79273 1356 29.1181640625 5.52734375 0.1845703125 1.365234375
map_9 44 0 5 5 5 1 1 0.000977875 0.000680875 0.0009893084 0.0006816418 0.000975 0.000678 0.000988 0.0006802 5328 1669 3193 1340 37471 562581 72 448407 80366 1669 23.5908203125 6.54296875 0.1904296875 1.3564453125
map_0 45 0 5 5 5 1 1 0.001257542 0.000954917 0.0012668084 0.0009538586 0.001254 0.000952 0.0012644 0.000952 6775 2037 5018 1570 45055 821040 325 615635 104955 2037 32.501953125 7.666015625 0.205078125 1.423828125
map_1 45 1 5 5 5 1 1 0.001146292 0.001338292 0.0011533582 0.0013377 0.001144 0.001335 0.001152 0.0013362 6283 2480 4519 1886 38668 1143786 155 888642 89219 2480 30.0654296875 9.208984375 0.17578125 1.365234375
map_2 45 0 5 5 5 1 1 0.001152667 0.003056375 0.0011503668 0.0032356584 0.001153 0.003055 0.0011472 0.0032272 5911 3557 4460 2798 29051 2507300 131 1956083 86835 3557 29.77734375 13.662109375 0.1728515625 1.318359375
map_3 45 1 5 5 5 1 1 0.001308292 0.000516292 0.0013163418 0.0005193916 0.001302 0.000516 0.0013104 0.000519 6862 1588 5141 1153 36441 419932 661 332108 98410 1588 33.1025390625 5.6298828125 0.169921875 1.4384765625
map_4 45 0 5 5 5 1 1 0.001186834 0.017619209 0.001205425 0.0176560668 0.001186 0.017611 0.0012036 0.0176412 6390 9493 4299 6873 37861 16172969 176 11808135 94912 9491 28.9912109375 33.5595703125 0.216796875 1.7431640625
map_5 45 1 5 5 5 1 1 0.00097675 0.000587209 0.0009877752 0.0005875166 0.000976 0.000587 0.0009872 0.000587 5358 1639 3213 1208 25253 496176 18 364506 75805 1639 23.6884765625 5.8984375 0.181640625 1.40625
map_6 45 0 5 5 5 1 1 0.001090416 0.004812792 0.0011072164 0.004808275 0.00109 0.004804 0.0011066 0.0048016 6041 4762 4146 3585 31232 4356667 79 3212577 87600 4762 28.244140625 17.5048828125 0.181640625 1.5029296875
map_7 45 1 5 5 5 1 1 0.0011615 0.000257917 0.0011733664 0.0002585668 0.001162 0.000257 0.0011714 0.0002578 6385 928 4736 820 34889 193225 308 168019 94924 928 31.125 4.00390625 0.19921875 1.4091796875
map_8 45 0 5 5 5 1 1 0.000810417 0.001089875 0.0008183166 0.0010896916 0.00081 0.001087 0.0008176 0.0010872 4371 2270 2714 1674 27344 946067 24 700256 65580 2270 21.251953125 8.173828125 0.2080078125 1.4970703125
map_9 45 1 5 5 5 1 1 0.001244041 0.000582542 0.0012541164 0.0005886164 0.001244 0.000582 0.0012536 0.0005872 6772 1524 4347 1229 38111 479557 132 377504 101581 1524 29.2255859375 6.0009765625 0.2109375 1.564453125
map_0 46 1 5 5 5 1 1 0.001482375 0.001096083 0.0015105748 0.0011247918 0.001479 0.001094 0.001509 0.0011228 7996 2174 5802 1624 49530 893389 561 658964 124212 2174 36.330078125 7.9296875 0.19921875 1.3623046875
map_1 46 0 5 5 5 1 1 0.001014708 0.002214791 0.0010327082 0.0022284 0.001015 0.002211 0.0010306 0.0022202 5487 3254 4076 2362 29062 1976449 70 1393684 83244 3254 27.90234375 11.533203125 0.193359375 1.34765625
map_2 46 1 5 5 5 1 1 0.001241791 0.000631 0.0012610834 0.000632175 0.001241 0.00063 0.0012582 0.000631 6946 1716 4980 1240 43290 535657 406 384266 99929 1716 32.31640625 6.0546875 0.2109375 1.453125
map_3 46 0 5 5 5 1 1 0.001262417 0.001193709 0.0012776834 0.0011985998 0.001262 0.001193 0.001275 0.0011984 7001 2269 4699 1766 45145 1006888 421 778946 102157 2269 30.9443359375 8.623046875 0.1728515625 1.3154296875
map_4 46 1 5 5 5 1 1 0.001395083 0.0004805 0.0014096668 0.0004812 0.001395 0.00048 0.0014078 0.0004804 7605 1471 4852 1119 45011 388165 554 312725 106079 1471 31.69140625 5.4638671875 0.2373046875 1.330078125
map_5 46 0 5 5 5 1 1 0.001139584 0.000303125 0.0011602254 0.0003031916 0.001139 0.000301 0.0011594 0.0003024 6295 1009 3941 900 30378 230298 195 202341 88921 1009 27.2431640625 4.39453125 0.17578125 1.2890625
map_6 46 1 5 5 5 1 1 0.000823458 0.000867833 0.0008278664 0.000871567 0.000823 0.000868 0.0008274 0.0008704 4395 1817 2512 1560 26022 707499 9 607820 64201 1817 20.265625 7.6171875 0.1875 1.2568359375
map_7 46 0 5 5 5 1 1 0.0011635 0.00064275 0.0011525084 0.0006457252 0.001157 0.000642 0.0011494 0.000643 6058 1775 4840 1266 36508 529595 372 400319 87273 1775 31.6328125 6.181640625 0.181640625 1.3447265625
map_8 46 1 5 5 5 1 1 0.000954833 0.000291584 0.0009599834 0.0002922668 0.000955 0.000292 0.0009586 0.000292 5128 1078 3023 877 30384 223900 34 192228 70522 1078 22.7607421875 4.2822265625 0.1787109375 1.3681640625
map_9 46 0 5 5 5 1 1 0.001349083 0.001520708 0.0014511664 0.0015349 0.001348 0.001517 0.001441 0.0015242 7408 2598 5882 1977 50139 1313000 1115 976276 109163 2598 36.720703125 9.6533203125 0.2197265625 1.236328125
map_0 47 0 5 5 5 1 1 0.001153208 0.00019575 0.0011808752 0.0001956498 0.001152 0.000195 0.0011774 0.0001952 5883 842 3787 705 42090 145685 101 124238 91416 842 26.4912109375 3.4423828125 0.1728515625 1.3564453125
map_1 47 1 5 5 5 1 1 0.001459209 0.001140667 0.0014659418 0.0011410334 0.001457 0.001138 0.001458 0.0011394 7453 2283 5427 1756 39312 961571 1035 770149 111744 2283 34.4990234375 8.57421875 0.1962890625 1.3125
map_2 47 0 5 5 5 1 1 0.001234667 0.002797708 0.0012501418 0.0028858916 0.001232 0.002795 0.0012478 0.002883 6825 3643 4186 2710 38548 2518831 195 1835334 102754 3643 28.439453125 13.232421875 0.169921875 1.5087890625
map_3 47 1 5 5 5 1 1 0.0009905 0.0013955 0.0010014586 0.0015647752 0.00099 0.001387 0.0010012 0.0015618 5424 2450 3129 1949 30099 1165886 131 948974 81312 2450 23.2783203125 9.5166015625 0.1845703125 1.447265625
map_4 47 0 5 5 5 1 1 0.001238833 0.002028375 0.0012468832 0.0021133584 0.001236 0.002027 0.0012454 0.0021104 6807 3088 4313 2270 36978 1797332 159 1288085 92301 3088 29.0595703125 11.083984375 0.1875 1.6640625
map_5 47 1 5 5 5 1 1 0.00066325 0.001405333 0.0006661918 0.001408008 0.000662 0.001402 0.0006646 0.001407 3533 2485 1224 1925 20308 1224365 3 925634 47249 2485 13.9765625 9.3994140625 0.1494140625 1.39453125
map_6 47 0 5 5 5 1 1 0.001332667 0.000289833 0.0013429502 0.0002907664 0.001332 0.000289 0.0013414 0.0002906 7293 1161 5646 870 36542 218062 750 189058 110666 1161 35.568359375 4.248046875 0.2021484375 1.37109375
map_7 47 1 5 5 5 1 1 0.001105834 0.002215292 0.00111785 0.0022509 0.001105 0.002208 0.0011164 0.0022388 6032 3273 3876 2395 37180 1905306 126 1433002 90611 3273 26.92578125 11.6943359375 0.1904296875 1.388671875
map_8 47 0 5 5 5 1 1 0.000995584 0.00023225 0.0010151918 0.00023285 0.000995 0.000231 0.0010136 0.0002322 5472 931 3550 786 29219 173602 95 154440 78976 931 25.333984375 3.837890625 0.193359375 1.400390625
map_9 47 1 5 5 5 1 1 0.001182625 0.000260375 0.0011719332 0.0002756998 0.001182 0.000257 0.0011702 0.0002686 6240 978 4083 819 31206 194387 110 167623 93262 978 27.9365234375 3.9990234375 0.17578125 1.3623046875
map_0 48 1 5 5 5 1 1 0.001238791 0.000600292 0.0012467916 0.0006038334 0.001238 0.000599 0.0012442 0.0006022 6693 1533 5192 1226 39740 485336 259 375539 101257 1533 33.3515625 5.986328125 0.1962890625 1.39453125
map_1 48 0 5 5 5 1 1 0.001053458 0.001552625 0.0010667082 0.0015512334 0.001053 0.00155 0.0010662 0.0015484 5715 2685 3462 1985 37302 1388049 146 984442 82256 2685 24.904296875 9.6923828125 0.169921875 1.423828125
map_2 48 1 5 5 5 1 1 0.001225709 0.000419833 0.0012480998 0.0004198666 0.001225 0.00042 0.0012462 0.0004196 6629 1227 3103 1078 31499 324802 60 290218 90595 1227 23.1513671875 5.263671875 0.1962890625 1.3388671875
map_3 48 0 5 5 5 1 1 0.00120025 0.001272 0.0012110916 0.0012752666 0.001198 0.001271 0.0012094 0.0012736 6649 2391 4211 1829 39368 1103319 305 836183 95386 2391 28.5615234375 8.9306640625 0.193359375 1.447265625
map_4 48 1 5 5 5 1 1 0.001289083 0.001348792 0.0013003584 0.0013708168 0.001286 0.001345 0.001297 0.0013684 6948 2486 4612 1850 47679 1190769 351 854856 97717 2486 30.51953125 9.033203125 0.1875 1.388671875
map_5 48 0 5 5 5 1 1 0.001285916 0.00307075 0.0013036586 0.0030728832 0.001282 0.00307 0.0013016 0.0030708 7156 3836 4636 2862 35548 2760493 316 2046554 99529 3836 30.63671875 13.974609375 0.169921875 1.4296875
map_6 48 1 5 5 5 1 1 0.001276458 0.000225042 0.0012734916 0.0002259334 0.00127 0.000225 0.0012636 0.0002256 6488 931 4166 751 36105 171211 267 140979 89030 931 28.341796875 3.6669921875 0.216796875 1.3974609375
map_7 48 0 5 5 5 1 1 0.001035875 0.001376 0.0010447834 0.0014087752 0.001033 0.001346 0.0010404 0.0014008 5329 2435 3309 1817 28528 1145160 109 824751 75572 2435 24.1572265625 8.8720703125 0.1728515625 1.423828125
map_8 48 1 5 5 5 1 1 0.001428208 0.000442959 0.0014604412 0.0004428254 0.001424 0.000442 0.0014576 0.0004422 7985 1309 5809 1072 40558 359346 732 287010 110581 1309 36.3642578125 5.234375 0.2109375 1.306640625
map_9 48 0 5 5 5 1 1 0.000876458 0.003983375 0.0008834416 0.0040045836 0.000873 0.003982 0.0008784 0.0039988 4404 4346 2782 3258 25157 3567993 131 2652763 65173 4346 21.583984375 15.908203125 0.146484375 1.330078125
map_0 49 0 5 5 5 1 1 0.001347333 0.002221959 0.0013511414 0.0022536418 0.001344 0.002222 0.0013496 0.0022508 7292 3044 5601 2474 48453 1899982 462 1529909 111696 3044 35.3486328125 12.080078125 0.2021484375 1.412109375
map_1 49 1 5 5 5 1 1 0.000954417 0.000241916 0.0009648336 0.0002424828 0.00095 0.000242 0.000963 0.0002422 5187 915 2992 774 29339 178320 22 149762 76683 915 22.609375 3.779296875 0.2080078125 1.359375
map_2 49 0 5 5 5 1 1 0.001062625 0.000422375 0.0010803832 0.0004223832 0.001063 0.000421 0.0010798 0.0004216 5875 1279 3985 1052 32173 337142 241 276396 86646 1279 27.4580078125 5.13671875 0.17578125 1.34765625
map_3 49 1 5 5 5 1 1 0.00133625 0.000503667 0.0013566 0.0005144334 0.001336 0.000502 0.0013562 0.000513 7493 1561 5759 1095 40323 423587 819 299588 109631 1561 36.1201171875 5.3466796875 0.2021484375 1.453125
map_4 49 0 5 5 5 1 1 0.001627 0.000886 0.0016283168 0.0008860582 0.001626 0.000883 0.001627 0.0008832 8429 2021 5959 1496 56241 765881 708 559201 117724 2021 37.0966796875 7.3046875 0.24609375 1.5146484375
map_5 49 1 5 5 5 1 1 0.001176375 0.000255 0.00117255 0.0002553918 0.001174 0.000254 0.0011716 0.0002546 6213 988 4186 787 35718 200925 64 154807 85219 988 28.439453125 3.8427734375 0.2255859375 1.3740234375
map_6 49 0 5 5 5 1 1 0.001308417 0.000645542 0.0013218834 0.0006475086 0.001307 0.000646 0.0013198 0.0006468 7172 1626 5559 1286 38611 545080 367 413113 105486 1626 35.1435546875 6.279296875 0.2021484375 1.359375
map_7 49 1 5 5 5 1 1 0.00101375 0.006909375 0.0010254166 0.006894125 0.001011 0.006907 0.0010242 0.0068896 5608 5754 4026 4296 28917 6159929 105 4613878 83582 5752 27.658203125 20.9765625 0.2314453125 1.6875
map_8 49 0 5 5 5 1 1 0.001191292 0.00060175 0.0012059336 0.00060475 0.001188 0.000601 0.0012038 0.0006038 6491 1624 4491 1252 36120 497103 180 391564 91928 1624 29.9287109375 6.11328125 0.1640625 1.423828125
map_9 49 1 5 5 5 1 1 0.000937375 0.001601 0.000962975 0.00160195 0.000934 0.001601 0.0009612 0.0016012 5132 2694 3817 2088 29026 1410063 66 1089033 76953 2694 26.6376953125 10.1953125 0.1845703125 1.3564453125
map_0 50 1 5 5 5 1 1 0.001393792 0.004187375 0.0014076666 0.0041989584 0.001391 0.004184 0.0014058 0.0041928 7532 4348 5572 3319 53261 3753156 385 2752503 113404 4348 35.20703125 16.2060546875 0.2021484375 1.40625
map_1 50 0 5 5 5 1 1 0.001078541 0.000551 0.0010964248 0.000549875 0.001079 0.000549 0.0010946 0.0005484 6022 1511 4769 1191 29586 449877 227 354416 88246 1511 31.2861328125 5.8154296875 0.1787109375 1.44140625
map_2 50 1 5 5 5 1 1 0.001109 0.000801084 0.0011151832 0.0008001752 0.00111 0.000798 0.001115 0.0007992 6015 1891 3611 1454 30834 668877 220 527960 82241 1891 25.6318359375 7.099609375 0.1640625 1.3125
map_3 50 0 5 5 5 1 1 0.001210084 0.009953 0.0012276502 0.0099923418 0.0012 0.009931 0.001219 0.0099856 5954 6983 3375 5218 38022 8995515 53 6806656 81426 6982 24.4794921875 25.478515625 0.2138671875 1.86328125
map_4 50 1 5 5 5 1 1 0.00117325 0.001291459 0.0011801166 0.0012939584 0.001172 0.001291 0.0011762 0.001292 6015 2432 3592 1837 35175 1118671 35 842898 83655 2432 25.5390625 8.9697265625 0.19921875 1.400390625
map_5 50 0 5 5 5 1 1 0.001451583 0.000938416 0.0014374834 0.0009394666 0.001451 0.000938 0.0014344 0.0009384 7729 2145 6025 1521 39737 810611 750 578293 109339 2145 37.4189453125 7.4267578125 0.193359375 1.5029296875
map_6 50 1 5 5 5 1 1 0.0011395 0.00084775 0.001154233 0.0008486166 0.001136 0.000847 0.0011524 0.0008482 6334 1882 4586 1484 37850 728160 175 549995 91174 1882 30.392578125 7.24609375 0.1640625 1.341796875
map_7 50 0 5 5 5 1 1 0.001268334 0.000912708 0.001283025 0.00091335 0.001264 0.000911 0.0012804 0.0009124 6415 1946 5149 1557 32849 771530 459 605660 96135 1946 33.1416015625 7.6025390625 0.216796875 1.4384765625
map_8 50 1 5 5 5 1 1 0.001375958 0.000306125 0.0014051834 0.0003071918 0.001375 0.000306 0.0014032 0.0003066 7742 1122 6115 880 40399 241399 954 193465 105205 1122 37.8583984375 4.296875 0.2109375 1.3564453125
map_9 50 0 5 5 5 1 1 0.001017625 0.004228875 0.0010287418 0.0045616834 0.001015 0.004229 0.0010274 0.0045592 5587 4552 3577 3330 34698 3901427 71 2771242 81884 4552 25.4658203125 16.259765625 0.17578125 1.53515625
map_0 51 0 5 5 5 1 1 0.001320792 0.000978666 0.0013299668 0.001113825 0.00132 0.000977 0.0013258 0.001112 6715 1955 5332 1587 39918 773155 284 629541 100726 1955 34.03515625 7.7490234375 0.19921875 1.435546875
map_1 51 1 5 5 5 1 1 0.000978166 0.001312334 0.0009661748 0.0014295586 0.000977 0.001309 0.0009644 0.0014268 5099 2339 3291 1893 25469 1113081 20 895331 76191 2339 24.0693359375 9.2431640625 0.1728515625 1.458984375
map_2 51 0 5 5 5 1 1 0.001180792 0.00044825 0.001179625 0.0004508998 0.001178 0.000446 0.0011788 0.0004494 6373 1359 3832 1078 29934 359086 86 290447 91997 1359 26.7109375 5.263671875 0.1845703125 1.4091796875
map_3 51 1 5 5 5 1 1 0.001227709 0.000491417 0.00123715 0.00049235 0.001225 0.00049 0.001235 0.0004904 6668 1436 4786 1129 39183 397153 108 318454 99617 1436 31.369140625 5.5126953125 0.2138671875 1.4501953125
map_4 51 0 5 5 5 1 1 0.001095083 0.001182375 0.001101708 0.0011828 0.001094 0.001181 0.0011002 0.0011808 5868 2282 3423 1758 33276 1024070 49 772106 80470 2282 24.7138671875 8.583984375 0.17578125 1.4091796875
map_5 51 1 5 5 5 1 1 0.000972917 0.000384875 0.0009887332 0.0003846834 0.00097 0.000384 0.0009872 0.000384 5405 1244 3334 959 27385 305117 99 229705 77502 1244 24.279296875 4.6826171875 0.2138671875 1.37109375
map_6 51 0 5 5 5 1 1 0.001227958 0.000432875 0.0012393 0.0004326416 0.001227 0.000432 0.0012382 0.0004314 6801 1260 5132 1069 36639 347070 338 285393 101770 1260 33.05859375 5.2197265625 0.1640625 1.306640625
map_7 51 1 5 5 5 1 1 0.001075417 0.000919041 0.0010872916 0.0009178002 0.001075 0.000916 0.0010858 0.0009158 5923 2071 4232 1511 31421 797175 144 570603 87250 2071 28.6640625 7.3779296875 0.1875 1.3974609375
map_8 51 0 5 5 5 1 1 0.001120042 0.00047275 0.0011317832 0.0004724666 0.001116 0.000472 0.0011292 0.0004716 6094 1373 4005 1100 34952 386249 132 302196 88020 1373 27.5556640625 5.37109375 0.2138671875 1.3388671875
map_9 51 1 5 5 5 1 1 0.00138575 0.000452333 0.0013700416 0.0004515666 0.001383 0.00045 0.0013674 0.00045 7338 1260 5452 1115 46108 351854 435 310552 109289 1260 34.62109375 5.4443359375 0.1845703125 1.359375
map_0 52 1 5 5 5 1 1 0.001238291 0.000399916 0.0012469 0.00040105 0.001235 0.0004 0.0012454 0.0004004 6814 1252 4485 1034 38241 313831 337 267023 101822 1252 29.8994140625 5.048828125 0.169921875 1.3359375
map_1 52 0 5 5 5 1 1 0.001043834 0.000425583 0.0010432918 0.0004254834 0.001043 0.000425 0.0010412 0.0004248 5602 1308 3536 1062 28907 336948 176 281872 82910 1308 25.265625 5.185546875 0.1904296875 1.48828125
map_2 52 1 5 5 5 1 1 0.001207417 0.001536583 0.0012167502 0.0015404664 0.001206 0.001535 0.0012162 0.0015388 6297 2549 3458 2045 40843 1316093 129 1044581 89041 2549 24.884765625 9.9853515625 0.2109375 1.2568359375
map_3 52 0 5 5 5 1 1 0.001324166 0.000577709 0.0013488412 0.0005793252 0.001324 0.000577 0.0013478 0.0005786 7399 1593 5253 1197 42343 480589 533 357993 106424 1592 33.6494140625 5.8447265625 0.1875 1.40625
map_4 52 1 5 5 5 1 1 0.001220291 0.001062083 0.001232925 0.0010631834 0.00122 0.001059 0.0012324 0.0010606 6742 2087 3791 1705 36252 886671 209 726716 93821 2087 26.5107421875 8.3251953125 0.19921875 1.3916015625
map_5 52 0 5 5 5 1 1 0.001504291 0.000748333 0.0015116916 0.0007476998 0.001502 0.000746 0.0015098 0.0007464 8362 1675 5733 1439 41997 606906 1401 517584 115580 1675 35.9931640625 7.0263671875 0.1962890625 1.330078125
map_6 52 1 5 5 5 1 1 0.001008625 0.000342416 0.0010182836 0.0003428666 0.001009 0.000342 0.0010174 0.000342 5433 1198 3268 953 28379 264500 64 226898 78124 1197 23.95703125 4.6533203125 0.19921875 1.3916015625
map_7 52 0 5 5 5 1 1 0.001103792 0.000423917 0.0011223838 0.0004256248 0.001104 0.000423 0.001122 0.0004246 6073 1449 4378 1029 33187 340598 256 264534 89979 1449 29.376953125 5.0244140625 0.1552734375 1.400390625
map_8 52 1 5 5 5 1 1 0.00127625 0.003971791 0.001288375 0.0039721832 0.001277 0.00397 0.0012876 0.0039706 7126 4281 4327 3314 35894 3527275 560 2744235 99094 4281 29.1279296875 16.181640625 0.1787109375 1.4091796875
map_9 52 0 5 5 5 1 1 0.001139708 0.000488292 0.0011573166 0.0005611502 0.001137 0.000488 0.0011548 0.00056 6160 1407 3402 1114 41295 397130 319 310086 90607 1407 24.611328125 5.439453125 0.17578125 1.4150390625
map_0 53 0 5 5 5 1 1 0.001163541 0.000572583 0.001178325 0.0005743918 0.00116 0.000572 0.001176 0.0005738 6273 1491 3703 1208 37639 465945 59 364680 95473 1491 26.0810546875 5.8984375 0.216796875 1.4033203125
map_1 53 1 5 5 5 1 1 0.0012015 0.001193208 0.00120885 0.0011949084 0.001201 0.00119 0.0012082 0.0011924 6605 2394 5233 1758 38192 1035384 574 772161 95726 2394 33.5517578125 8.583984375 0.1845703125 1.3330078125
map_2 53 0 5 5 5 1 1 0.001336125 0.000674708 0.0013545416 0.0006755668 0.001336 0.000674 0.0013524 0.000675 7420 1641 4838 1360 38221 547988 544 461918 109334 1641 31.623046875 6.640625 0.1728515625 1.3095703125
map_3 53 1 5 5 5 1 1 0.0011805 0.008691625 0.0011942166 0.0087330666 0.00118 0.008688 0.001193 0.0087306 6450 6422 3637 4916 38054 7836634 209 6040658 91013 6422 25.7587890625 24.00390625 0.17578125 1.453125
map_4 53 0 5 5 5 1 1 0.001503666 0.000986083 0.0015268414 0.0009856498 0.001504 0.000985 0.0015246 0.0009844 8183 2119 5584 1600 45208 847291 256 639433 122593 2118 35.265625 7.8125 0.2490234375 1.37109375
map_5 53 1 5 5 5 1 1 0.001332542 0.001405792 0.0013497584 0.0014083916 0.001332 0.001403 0.0013474 0.0014056 7305 2510 4474 1914 40761 1234608 117 915017 104565 2509 29.845703125 9.345703125 0.24609375 1.30078125
map_6 53 0 5 5 5 1 1 0.001325875 0.001383417 0.001342692 0.0013841332 0.001323 0.001382 0.001341 0.001383 7191 2525 5170 1922 40761 1196294 272 922702 109084 2525 33.244140625 9.384765625 0.19921875 1.3388671875
map_7 53 1 5 5 5 1 1 0.001191542 0.000219792 0.0012058416 0.0002218916 0.001188 0.00022 0.001204 0.0002216 6523 1048 4238 731 51230 164817 60 133564 97243 1048 28.693359375 3.5693359375 0.22265625 1.3681640625
map_8 53 0 5 5 5 1 1 0.001174625 0.001035125 0.001190042 0.0010366668 0.001171 0.001032 0.0011876 0.0010344 6450 2126 5076 1658 36482 879768 311 686570 97941 2126 32.78515625 8.095703125 0.17578125 1.34765625
map_9 53 1 5 5 5 1 1 0.000780667 0.000252292 0.0007928334 0.0002527748 0.00078 0.000252 0.0007908 0.0002522 4241 954 2377 813 27733 189972 109 165162 63449 954 19.6064453125 3.9697265625 0.1669921875 1.318359375
map_0 54 1 5 5 5 1 1 0.001292459 0.002486167 0.0013161002 0.0024873916 0.001291 0.002484 0.0013124 0.0024844 6988 3521 4950 2526 43436 2265928 271 1594668 105991 3521 32.169921875 12.333984375 0.1962890625 1.365234375
map_1 54 0 5 5 5 1 1 0.0009785 0.000328083 0.0009718832 0.00032885 0.000969 0.000327 0.0009688 0.000328 5068 1207 3691 910 28269 259646 6 206856 74812 1207 26.0224609375 4.443359375 0.1962890625 1.3330078125
map_2 54 1 5 5 5 1 1 0.001188459 0.001552042 0.0011999918 0.00155405 0.001188 0.001551 0.001198 0.001552 6573 2673 3864 2019 39605 1363786 266 1018893 95126 2673 26.8671875 9.8583984375 0.134765625 1.470703125
map_3 54 0 5 5 5 1 1 0.001131125 0.000826917 0.0011409916 0.0008647334 0.001127 0.000827 0.0011386 0.0008638 6224 1904 3604 1476 32095 698721 94 544111 85383 1904 25.59765625 7.20703125 0.1904296875 1.34765625
map_4 54 1 5 5 5 1 1 0.001232083 0.000722208 0.00124495 0.000722875 0.001233 0.000722 0.0012426 0.000722 6753 1779 4912 1364 37966 609459 318 464641 100897 1779 31.984375 6.66015625 0.158203125 1.3359375
map_5 54 0 5 5 5 1 1 0.001166916 0.000413792 0.0011690416 0.000414292 0.001164 0.000414 0.0011668 0.000414 6368 1251 4380 1056 34997 324555 224 278486 94985 1251 29.38671875 5.15625 0.1787109375 1.330078125
map_6 54 1 5 5 5 1 1 0.00095 0.002150667 0.0009616498 0.0021521334 0.000949 0.00215 0.0009612 0.0021516 5310 3264 3845 2341 26375 1960923 201 1370064 75998 3263 26.7744140625 11.4306640625 0.1845703125 1.640625
map_7 54 0 5 5 5 1 1 0.001071208 0.000219708 0.001080558 0.0002196998 0.001071 0.000219 0.0010786 0.0002194 5902 1010 4559 736 29913 166006 89 135360 87279 1010 30.2607421875 3.59375 0.1904296875 1.3447265625
map_8 54 1 5 5 5 1 1 0.001295958 0.000936166 0.0012940586 0.0009877914 0.001294 0.000933 0.0012918 0.000987 7033 1893 5481 1518 39555 741319 432 575570 101708 1893 34.7626953125 7.412109375 0.1875 1.3095703125
map_9 54 0 5 5 5 1 1 0.001275792 0.001024458 0.0012865252 0.0010267998 0.001272 0.001022 0.0012852 0.0010248 7005 2108 4586 1631 45388 882724 331 664920 102880 2107 30.392578125 7.9638671875 0.2080078125 1.4736328125
map_0 55 0 5 5 5 1 1 0.001104167 0.001196792 0.0011206334 0.0012587752 0.001104 0.001195 0.0011186 0.0012572 5945 2274 3578 1794 44167 1019160 303 803948 89210 2273 25.470703125 8.759765625 0.1845703125 1.388671875
map_1 55 1 5 5 5 1 1 0.000741416 0.000310875 0.000749925 0.0003111834 0.000741 0.000311 0.0007494 0.000311 4023 1229 2509 892 22082 241127 90 198830 61463 1229 20.2509765625 4.35546875 0.193359375 1.37109375
map_2 55 0 5 5 5 1 1 0.001161667 0.000400417 0.0011716334 0.0004007834 0.001159 0.0004 0.0011698 0.0003998 6293 1294 3500 986 33248 332636 135 242851 88980 1294 25.08984375 4.814453125 0.1962890625 1.37109375
map_3 55 1 5 5 5 1 1 0.001478875 0.002878917 0.0014946 0.0028995082 0.001475 0.002877 0.0014922 0.0028974 8146 3927 5479 2720 46853 2621695 592 1848388 115698 3927 34.7529296875 13.28125 0.19921875 1.412109375
map_4 55 0 5 5 5 1 1 0.00129575 0.002765958 0.0013153416 0.0028348668 0.001296 0.002762 0.0013128 0.0028322 7209 3367 5176 2570 37583 2169131 341 1650181 105213 3367 33.2734375 12.548828125 0.2080078125 1.341796875
map_5 55 1 5 5 5 1 1 0.001365208 0.001700542 0.0013774084 0.0018157084 0.001365 0.0017 0.0013758 0.0018152 7452 2727 4489 2035 42622 1458533 557 1034675 108172 2727 29.9189453125 9.9365234375 0.2138671875 1.51171875
map_6 55 0 5 5 5 1 1 0.00099375 0.004585542 0.0010042918 0.0045992916 0.000989 0.004582 0.0010022 0.0045974 5418 4690 3490 3532 30471 4108889 23 3118253 79680 4690 25.041015625 17.24609375 0.2021484375 1.67578125
map_7 55 1 5 5 5 1 1 0.001195792 0.000249333 0.0012140586 0.0002496416 0.001195 0.000249 0.0012122 0.000249 6678 951 5035 789 36712 194517 289 155597 93215 951 32.5849609375 3.8525390625 0.2080078125 1.3623046875
map_8 55 0 5 5 5 1 1 0.000752 0.000591417 0.0007593334 0.0005927582 0.000751 0.00059 0.0007576 0.0005912 4121 1559 1896 1204 23651 507646 10 362010 55827 1558 17.2578125 5.87890625 0.1787109375 1.3212890625
map_9 55 1 5 5 5 1 1 0.001321333 0.000245292 0.0013282332 0.0002457418 0.001321 0.000245 0.0013268 0.0002452 7274 912 5298 804 44729 185487 424 161508 108068 912 33.869140625 3.92578125 0.19921875 1.3271484375
map_0 56 1 5 5 5 1 1 0.001030083 0.000416458 0.0010501582 0.0004171916 0.00103 0.000417 0.0010478 0.0004166 5701 1308 4469 1040 32699 334121 112 270385 84361 1308 29.8212890625 5.078125 0.1904296875 1.3564453125
map_1 56 0 5 5 5 1 1 0.00095425 0.001866459 0.0009623998 0.0018671834 0.000951 0.001863 0.0009608 0.0018642 5253 2846 3908 2303 27716 1568513 93 1325135 78506 2845 27.08203125 11.2451171875 0.181640625 1.412109375
map_2 56 1 5 5 5 1 1 0.0014065 0.000624125 0.0014232834 0.0006259416 0.001403 0.000621 0.001421 0.000623 7853 1533 5958 1278 46180 513239 802 408066 112211 1533 37.091796875 6.240234375 0.1494140625 1.3740234375
map_3 56 0 5 5 5 1 1 0.0008225 0.002160792 0.0008316168 0.0021582168 0.000822 0.002157 0.0008296 0.0021566 4486 3198 2456 2401 29055 1880161 19 1440696 62033 3198 19.9921875 11.7236328125 0.1904296875 1.3740234375
map_4 56 1 5 5 5 1 1 0.001111167 0.003039292 0.0011255504 0.0030507584 0.00111 0.003037 0.0011236 0.003048 6143 3684 4442 2878 33200 2695602 269 2069712 88239 3684 29.689453125 14.052734375 0.1962890625 1.4267578125
map_5 56 0 5 5 5 1 1 0.000930291 0.0007875 0.000936533 0.0007873082 0.000927 0.000785 0.0009352 0.0007856 5007 6706 2416 1153 27119 688490 54 332061 71829 6706 19.796875 5.6298828125 0.1728515625 1.40625
map_6 56 1 5 5 5 1 1 0.000964292 0.000402583 0.0009821416 0.0004036918 0.000964 0.000402 0.0009808 0.0004036 5312 1230 3372 1017 29063 325943 40 258400 80067 1230 24.46484375 4.9658203125 0.181640625 1.3505859375
map_7 56 0 5 5 5 1 1 0.001170542 0.000603583 0.001184667 0.0006046252 0.001167 0.000602 0.0011828 0.000603 6387 1658 4388 1240 40024 502155 93 383995 92356 1658 29.42578125 6.0546875 0.2021484375 1.3564453125
map_8 56 1 5 5 5 1 1 0.0010645 0.000321541 0.0010723082 0.000320708 0.001064 0.000319 0.0010704 0.000319 5919 1119 4472 909 31099 251067 279 206425 84099 1119 29.8359375 4.4384765625 0.1669921875 1.376953125
map_9 56 0 5 5 5 1 1 0.001160833 0.002483416 0.0011762834 0.002729558 0.001158 0.002483 0.001174 0.0027278 6424 3153 5233 2461 34361 1996938 650 1513843 96767 3152 33.5517578125 12.0166015625 0.146484375 1.400390625
map_0 57 0 5 5 5 1 1 0.001238083 0.000275625 0.0012418 0.0002764084 0.001235 0.000275 0.0012398 0.0002756 6630 1046 3960 829 43590 215483 201 171809 101712 1046 27.3359375 4.0478515625 0.1669921875 1.3505859375
map_1 57 1 5 5 5 1 1 0.001117583 0.000336083 0.001129475 0.0003392748 0.001114 0.000336 0.0011276 0.000338 6172 1327 3954 868 32473 281270 97 188266 91222 1327 27.306640625 4.23828125 0.2138671875 1.400390625
map_2 57 0 5 5 5 1 1 0.001407584 0.000863458 0.0014133584 0.0008632332 0.001408 0.000862 0.0014108 0.0008622 7704 1981 6154 1478 42269 744962 689 545754 113716 1981 38.048828125 7.216796875 0.2255859375 1.400390625
map_3 57 1 5 5 5 1 1 0.001110625 0.000338875 0.0011225836 0.0003395 0.001108 0.000338 0.0011206 0.0003388 6096 1255 4034 903 35146 272967 127 203702 85532 1255 27.697265625 4.4091796875 0.193359375 1.40625
map_4 57 0 5 5 5 1 1 0.001126333 0.000404458 0.001138683 0.0004038166 0.001125 0.000401 0.001136 0.000402 6184 1215 4061 1029 31232 321910 31 264573 90020 1215 27.8291015625 5.0244140625 0.205078125 1.365234375
map_5 57 1 5 5 5 1 1 0.001229208 0.000334792 0.0012386332 0.0003358334 0.001229 0.000335 0.001238 0.0003354 6782 1169 4921 922 34536 267318 252 212339 99139 1169 32.0283203125 4.501953125 0.2021484375 1.37109375
map_6 57 0 5 5 5 1 1 0.001099458 0.00024625 0.0011117586 0.0002466748 0.001098 0.000246 0.001107 0.000246 5950 1003 3867 770 29078 193706 67 148161 88676 1003 26.8818359375 3.759765625 0.1787109375 1.3740234375
map_7 57 1 5 5 5 1 1 0.001125792 0.000263667 0.0011366582 0.0002658918 0.001123 0.000263 0.0011346 0.000265 6184 1026 4149 799 40996 208108 185 159555 90010 1026 28.2587890625 3.9013671875 0.193359375 1.400390625
map_8 57 0 5 5 5 1 1 0.000900375 0.000371 0.0009038998 0.0003721498 0.000898 0.00037 0.0009024 0.0003716 4845 1144 2952 995 27965 292294 11 247349 71906 1144 22.4140625 4.8583984375 0.2021484375 1.3505859375
map_9 57 1 5 5 5 1 1 0.001093583 0.000500833 0.0011026918 0.000499675 0.00109 0.000498 0.001101 0.0004984 5959 1451 3927 1110 38132 419213 138 307853 86777 1451 27.1748046875 5.419921875 0.1962890625 1.423828125
map_0 58 1 5 5 5 1 1 0.00116475 0.00047175 0.0011770832 0.0004716414 0.001165 0.000471 0.001176 0.0004712 6375 1349 4314 1114 39778 380359 83 310057 98675 1349 29.064453125 5.439453125 0.169921875 1.4384765625
map_1 58 0 5 5 5 1 1 0.00098325 0.000282459 0.0009887086 0.0002831168 0.000982 0.000282 0.0009884 0.000282 5380 1039 3975 863 27770 216063 83 186083 80345 1039 27.4091796875 4.2138671875 0.2109375 1.3388671875
map_2 58 1 5 5 5 1 1 0.001187917 0.000294 0.0011999336 0.0002947668 0.001184 0.000294 0.0011984 0.000294 6435 1124 3599 829 37065 238895 74 171709 91966 1124 25.5732421875 4.0478515625 0.1904296875 1.3974609375
map_3 58 0 5 5 5 1 1 0.001469625 0.000320917 0.00147955 0.0003212916 0.001468 0.000321 0.0014778 0.0003208 8114 1163 5120 896 49488 255055 594 200676 115131 1163 33 4.375 0.181640625 1.41796875
map_4 58 1 5 5 5 1 1 0.00138025 0.001015333 0.0013607252 0.0010526248 0.001378 0.001013 0.0013582 0.0010502 7221 2066 4328 1644 40186 852168 403 675086 100428 2066 29.1328125 8.02734375 0.193359375 1.41796875
map_5 58 0 5 5 5 1 1 0.001008666 0.000207375 0.0010306082 0.0002212668 0.001007 0.000207 0.001029 0.0002206 5336 862 3430 716 26172 151680 40 128097 77148 862 24.748046875 3.49609375 0.1904296875 1.3798828125
map_6 58 1 5 5 5 1 1 0.001278709 0.000219167 0.0012885418 0.000222408 0.001275 0.000218 0.0012866 0.00022 7015 847 5685 757 37858 161473 435 143247 103780 847 35.7587890625 3.6962890625 0.2109375 1.388671875
map_7 58 0 5 5 5 1 1 0.001202667 0.010525083 0.0012203166 0.0105265748 0.001202 0.010525 0.0012182 0.0105246 6761 7173 4942 5398 36866 9642965 411 7283993 100045 7173 32.130859375 26.357421875 0.17578125 2.0595703125
map_8 58 1 5 5 5 1 1 0.001006 0.000342167 0.0010220416 0.0003413668 0.001006 0.000341 0.0010202 0.0003414 5629 1116 4286 939 28833 270264 169 220279 81129 1116 28.927734375 4.5849609375 0.2138671875 1.3916015625
map_9 58 0 5 5 5 1 1 0.001101792 0.000548875 0.0011085584 0.0005494 0.001101 0.000548 0.0011074 0.0005484 5957 1488 3670 1178 41706 460335 177 346511 90303 1488 25.919921875 5.751953125 0.19921875 1.2802734375
map_0 59 0 5 5 5 1 1 0.001058833 0.000284666 0.0010758168 0.0002847 0.001056 0.000283 0.0010732 0.0002838 5780 1168 4017 827 37268 226197 129 170915 86626 1168 27.6142578125 4.0380859375 0.205078125 1.3828125
map_1 59 1 5 5 5 1 1 0.00098775 0.000419083 0.0010001002 0.0004191334 0.000987 0.000417 0.0009996 0.0004178 5474 1249 4027 1054 28914 331174 63 277527 80401 1249 27.6630859375 5.146484375 0.216796875 1.3359375
map_2 59 0 5 5 5 1 1 0.000977292 0.000246208 0.000985125 0.0002462582 0.000975 0.000245 0.0009828 0.0002452 5341 938 2660 798 26848 185513 133 159191 73450 938 20.98828125 3.896484375 0.1787109375 1.3681640625
map_3 59 1 5 5 5 1 1 0.000911542 0.000561 0.0009248668 0.0005616002 0.000911 0.00056 0.0009236 0.0005608 5008 1778 3258 1125 28313 491543 129 316276 72215 1778 23.908203125 5.4931640625 0.1875 1.4853515625
map_4 59 0 5 5 5 1 1 0.001310458 0.00033075 0.0013227834 0.0003309332 0.00131 0.00033 0.0013208 0.0003298 7206 1170 4550 906 38510 264229 481 205105 102632 1170 30.216796875 4.423828125 0.1962890625 1.4033203125
map_5 59 1 5 5 5 1 1 0.001371958 0.000267958 0.00137775 0.0002697918 0.001369 0.000269 0.0013764 0.000269 7462 1029 5342 814 35779 207133 511 165577 110045 1029 34.083984375 3.974609375 0.22265625 1.3916015625
map_6 59 0 5 5 5 1 1 0.001242833 0.000243583 0.001247425 0.0002435496 0.001241 0.000243 0.0012456 0.0002432 6775 950 5183 797 38370 183466 419 158687 98556 950 33.3076171875 3.8916015625 0.1669921875 1.3388671875
map_7 59 1 5 5 5 1 1 0.001031417 0.00037825 0.0010494918 0.0003783416 0.001031 0.000376 0.0010488 0.000377 5698 1228 4094 977 30032 303782 183 238421 81795 1228 27.990234375 4.7705078125 0.1845703125 1.3505859375
map_8 59 0 5 5 5 1 1 0.00131575 0.00037475 0.001323717 0.0003716502 0.001316 0.000375 0.0013228 0.000371 7127 1190 4838 926 48135 288152 374 214181 100000 1190 31.623046875 4.521484375 0.216796875 1.359375
map_9 59 1 5 5 5 1 1 0.001392917 0.001402459 0.0013695836 0.0013994584 0.001392 0.001399 0.0013672 0.0013972 7220 2532 5335 1912 41044 1220558 392 913785 106573 2532 34.0498046875 9.3359375 0.193359375 1.5
map_0 60 1 5 5 5 1 1 0.00127775 0.000823375 0.0013052086 0.0009329584 0.001277 0.00082 0.0013032 0.0009324 7158 1815 5357 1449 41933 663110 363 524360 108210 1815 34.1572265625 7.0751953125 0.2080078125 1.359375
map_1 60 0 5 5 5 1 1 0.001212583 0.001964084 0.0012113084 0.0019634918 0.001206 0.001962 0.001208 0.0019612 6418 3051 4270 2281 33868 1734249 77 1300044 95860 3051 28.849609375 11.1376953125 0.1728515625 1.48828125
map_2 60 1 5 5 5 1 1 0.001182667 0.000604542 0.0011911834 0.0006045586 0.00118 0.000603 0.001189 0.0006032 6485 1501 2850 1286 30597 486513 17 413183 88742 1501 21.916015625 6.279296875 0.1728515625 1.4091796875
map_3 60 0 5 5 5 1 1 0.001468542 0.001143583 0.0014828334 0.0011486498 0.001465 0.001142 0.0014806 0.0011468 8045 2299 5525 1718 51749 998068 730 737271 115728 2299 34.9775390625 8.388671875 0.1728515625 1.3857421875
map_4 60 1 5 5 5 1 1 0.001033958 0.000677583 0.001045025 0.0006793418 0.001031 0.000677 0.0010436 0.0006786 5664 1788 2805 1270 34309 585704 58 403013 78068 1788 21.6962890625 6.201171875 0.1875 1.4619140625
map_5 60 0 5 5 5 1 1 0.001113667 0.0006905 0.0011266334 0.0006882002 0.00111 0.000689 0.001126 0.0006878 6141 1765 3793 1306 28043 580113 148 426081 88218 1765 26.5205078125 6.376953125 0.2021484375 1.4150390625
map_6 60 1 5 5 5 1 1 0.001114084 0.000446916 0.0011270336 0.0004236748 0.001113 0.000446 0.0011264 0.0004224 6180 1112 4157 915 33828 255269 73 209213 90458 1112 28.2978515625 4.4677734375 0.1904296875 1.4033203125
map_7 60 0 5 5 5 1 1 0.001161 0.000357542 0.0011723916 0.0003577002 0.00116 0.000357 0.001171 0.000357 6367 1137 4354 983 36245 276873 252 241432 94509 1137 29.259765625 4.7998046875 0.22265625 1.3681640625
map_8 60 1 5 5 5 1 1 0.001176625 0.000511625 0.0011871664 0.0005116168 0.001176 0.000509 0.0011854 0.0005096 6464 1415 4237 1163 35878 414266 297 337804 92589 1415 28.6884765625 5.6787109375 0.1669921875 1.341796875
map_9 60 0 5 5 5 1 1 0.000917583 0.000628459 0.0009301002 0.0006306418 0.000914 0.000628 0.000928 0.000629 5087 1655 3294 1249 25498 527772 232 389635 76687 1655 24.083984375 6.0986328125 0.17578125 1.3505859375
map_0 61 0 5 5 5 1 1 0.001248833 0.000432583 0.0012599666 0.000419933 0.001247 0.000432 0.0012576 0.0004194 6734 1244 4719 908 38760 286309 164 205960 103367 1244 31.0419921875 4.43359375 0.2138671875 1.3740234375
map_1 61 1 5 5 5 1 1 0.001065583 0.000556708 0.0010761 0.0005573916 0.001065 0.000556 0.0010742 0.0005568 5792 1423 4017 1236 30100 445958 45 381583 87601 1423 27.6142578125 6.03515625 0.181640625 1.376953125
map_2 61 0 5 5 5 1 1 0.001107125 0.001167084 0.0011238584 0.0011677 0.001106 0.001166 0.0011226 0.0011662 6004 2349 3846 1733 37875 1019042 337 750233 88920 2349 26.779296875 8.4619140625 0.1962890625 1.400390625
map_3 61 1 5 5 5 1 1 0.0012585 0.001359625 0.001290425 0.0013594914 0.001257 0.001356 0.0012882 0.0013586 6958 3167 4534 1836 42603 1198915 204 841996 101149 3167 30.138671875 8.96484375 0.1962890625 1.4033203125
map_4 61 0 5 5 5 1 1 0.001130375 0.000451375 0.0011424334 0.0004518834 0.00113 0.000449 0.0011404 0.0004506 6196 1371 3897 1067 33769 367534 120 284576 85818 1371 27.0283203125 5.2099609375 0.234375 1.4765625
map_5 61 1 5 5 5 1 1 0.001112583 0.001368084 0.0011241666 0.0013678834 0.001109 0.001365 0.0011224 0.0013652 6028 2447 4055 1918 32049 1166094 136 918850 87980 2447 27.7998046875 9.365234375 0.1845703125 1.3095703125
map_6 61 0 5 5 5 1 1 0.001172416 0.00036425 0.0011785 0.0003631416 0.001173 0.000361 0.001177 0.000362 6452 1339 4386 904 33834 305463 180 204286 91481 1339 29.416015625 4.4140625 0.205078125 1.435546875
map_7 61 1 5 5 5 1 1 0.000906166 0.000346459 0.0009156 0.00034555 0.000903 0.000344 0.0009132 0.0003446 4975 1213 2915 914 27823 280367 5 208790 74270 1213 22.2333984375 4.462890625 0.216796875 1.4150390625
map_8 61 0 5 5 5 1 1 0.001256792 0.001243667 0.0012583418 0.0012441918 0.001253 0.001243 0.0012554 0.0012432 6740 2216 4359 1859 36822 1046530 211 863238 100056 2216 29.2841796875 9.0771484375 0.181640625 1.3681640625
map_9 61 1 5 5 5 1 1 0.001344292 0.000590959 0.0013485834 0.000534567 0.001335 0.00059 0.0013462 0.0005334 7089 1275 5759 1062 35841 336098 432 281668 104131 1275 36.1201171875 5.185546875 0.1904296875 1.365234375
map_0 62 1 5 5 5 1 1 0.000904625 0.005520375 0.0009170248 0.0055682584 0.000904 0.00552 0.0009164 0.0055524 4864 5010 3180 3875 28589 4923741 1 3753902 73456 5010 23.52734375 18.9208984375 0.1904296875 1.7431640625
map_1 62 0 5 5 5 1 1 0.001338625 0.000824458 0.0013532252 0.0008251668 0.001338 0.000824 0.001351 0.0008238 7309 1881 6428 1465 39246 701558 752 536046 109432 1881 39.38671875 7.1533203125 0.1904296875 1.3740234375
map_2 62 1 5 5 5 1 1 0.001409 0.000192792 0.0014269166 0.000193167 0.001405 0.000192 0.0014246 0.0001928 7868 783 4805 720 40061 140333 466 129572 111891 783 31.4619140625 3.515625 0.22265625 1.3330078125
map_3 62 0 5 5 5 1 1 0.001204917 0.0005235 0.0012206588 0.0005246416 0.001205 0.000523 0.0012186 0.0005234 6587 1530 4232 1167 41794 424554 83 340177 95503 1530 28.6640625 5.6982421875 0.181640625 1.400390625
map_4 62 1 5 5 5 1 1 0.0007475 0.00051 0.0007567838 0.0005096832 0.000747 0.000508 0.0007554 0.0005088 4056 1522 1673 1098 24353 432234 45 301261 54850 1522 16.1689453125 5.361328125 0.1845703125 1.4853515625
map_5 62 0 5 5 5 1 1 0.000957 0.000621417 0.0009728416 0.0006561916 0.000957 0.00062 0.0009722 0.000655 5303 1513 3207 1217 29984 463336 20 369948 76300 1513 23.6591796875 5.9423828125 0.2021484375 1.400390625
map_6 62 1 5 5 5 1 1 0.00104325 0.000896875 0.0010418668 0.0008974834 0.00104 0.000895 0.001041 0.000896 5627 1920 3828 1518 34350 771912 16 576073 83163 1920 26.69140625 7.412109375 0.2109375 1.5556640625
map_7 62 0 5 5 5 1 1 0.001193209 0.000511459 0.0012106336 0.0005122004 0.001189 0.000511 0.0012082 0.000511 6688 1575 6045 1149 35669 414553 756 329775 97090 1575 37.5166015625 5.6103515625 0.2021484375 1.4384765625
map_8 62 1 5 5 5 1 1 0.001019667 0.000968542 0.001055092 0.000969925 0.001019 0.000969 0.0010544 0.0009684 5715 2042 4258 1606 32426 818665 225 644147 84671 2042 28.791015625 7.841796875 0.205078125 1.3330078125
map_9 62 0 5 5 5 1 1 0.001172375 0.000361625 0.00118835 0.0003616334 0.001172 0.000361 0.0011864 0.000361 6446 1150 4303 966 39593 288208 235 233163 96122 1150 29.0107421875 4.716796875 0.1787109375 1.4091796875
map_0 63 0 5 5 5 1 1 0.001394125 0.007530167 0.0013926416 0.007528575 0.001394 0.007527 0.001392 0.007526 7447 5997 5189 4546 49323 6866413 590 5164678 112177 5997 33.3369140625 22.197265625 0.2080078125 1.40625
map_1 63 1 5 5 5 1 1 0.001034875 0.000381667 0.0010444416 0.0003818752 0.001032 0.000381 0.0010428 0.0003818 5691 1334 4210 950 28798 318798 15 225419 82889 1334 28.556640625 4.638671875 0.1904296875 1.3740234375
map_2 63 0 5 5 5 1 1 0.00070375 0.002141958 0.0007138084 0.0021423664 0.000703 0.002141 0.0007132 0.002141 3843 3077 1999 2435 19112 1853830 15 1481170 55367 3077 17.7607421875 11.8896484375 0.1875 1.2451171875
map_3 63 1 5 5 5 1 1 0.00108275 0.000956583 0.0010925916 0.0009569832 0.001081 0.000956 0.0010914 0.000955 5892 2108 2906 1597 29964 802241 68 637181 78191 2108 22.189453125 7.7978515625 0.193359375 1.453125
map_4 63 0 5 5 5 1 1 0.001391125 0.001364875 0.001406825 0.0013657668 0.00139 0.001363 0.0014054 0.0013642 7656 2496 5521 1911 43131 1172832 455 912477 106658 2496 34.9580078125 9.3310546875 0.1728515625 1.4677734375
map_5 63 1 5 5 5 1 1 0.000940459 0.0007525 0.0009536584 0.0007528084 0.000939 0.000752 0.0009514 0.0007516 5093 1910 2609 1388 28484 637257 37 481185 72076 1910 20.7392578125 6.77734375 0.1669921875 1.412109375
map_6 63 0 5 5 5 1 1 0.00093025 0.000613125 0.0009442996 0.0006140586 0.00093 0.000613 0.0009416 0.0006126 5104 1500 3488 1299 27531 495500 34 421383 76074 1500 25.03125 6.3427734375 0.19921875 1.2978515625
map_7 63 1 5 5 5 1 1 0.001071667 0.003167208 0.0010896084 0.003182458 0.001072 0.003166 0.0010878 0.003181 5994 3846 4425 2925 34211 2824542 186 2137525 83258 3846 29.6064453125 14.2822265625 0.216796875 1.283203125
map_8 63 0 5 5 5 1 1 0.001260667 0.000155458 0.001276842 0.0001558166 0.001261 0.000155 0.0012748 0.0001552 7006 735 5052 634 38870 110856 357 100484 97364 735 32.66796875 3.095703125 0.181640625 1.3037109375
map_9 63 1 5 5 5 1 1 0.000718833 0.00172925 0.0007295832 0.0017303668 0.000719 0.001727 0.0007282 0.0017278 3877 2749 2045 2146 25677 1516763 9 1150334 57403 2748 17.9853515625 10.478515625 0.1435546875 1.23046875
map_0 64 1 5 5 5 1 1 0.001195875 0.000486042 0.0012053002 0.0005236668 0.001193 0.000485 0.001203 0.000523 6478 1369 5584 1126 34866 393157 250 316962 97373 1369 35.265625 5.498046875 0.1904296875 1.376953125
map_1 64 0 5 5 5 1 1 0.001207583 0.000992458 0.0012148832 0.0009925332 0.001207 0.00099 0.001214 0.0009908 6690 2279 6129 1560 33004 875969 552 607788 100671 2279 37.9267578125 7.6171875 0.1904296875 1.34765625
map_2 64 1 5 5 5 1 1 0.001168958 0.00318525 0.0011799918 0.0032009998 0.001169 0.003178 0.0011788 0.0031946 6254 3776 4158 2899 55758 2766291 355 2101042 91197 3776 28.302734375 14.1552734375 0.1787109375 1.412109375
map_3 64 0 5 5 5 1 1 0.00133675 0.01395575 0.0013119582 0.0140340252 0.001336 0.013937 0.0013102 0.0139918 6725 8079 4594 6091 40292 12218076 226 9273242 98205 8079 30.431640625 29.7412109375 0.1787109375 1.69921875
map_4 64 1 5 5 5 1 1 0.00125775 0.000818792 0.0012776166 0.0008191586 0.001257 0.000817 0.0012768 0.0008186 7000 1809 5144 1498 36421 671443 416 560645 103355 1809 33.1171875 7.314453125 0.193359375 1.3916015625
map_5 64 0 5 5 5 1 1 0.001177458 0.001158916 0.0011869416 0.0011586246 0.001174 0.001156 0.0011844 0.0011568 6361 2238 3452 1746 32565 1002330 69 761705 90454 2238 24.85546875 8.525390625 0.193359375 1.517578125
map_6 64 1 5 5 5 1 1 0.000754792 0.000783 0.0007652664 0.0008281082 0.000754 0.000783 0.000764 0.0008276 4147 1810 2207 1413 26372 649692 8 498782 59283 1810 18.7763671875 6.8994140625 0.1787109375 1.3974609375
map_7 64 0 5 5 5 1 1 0.001272375 0.000775083 0.0012753334 0.0007748748 0.001267 0.000775 0.001273 0.0007748 6791 1989 5140 1344 42234 692664 421 451125 100738 1989 33.09765625 6.5625 0.205078125 1.365234375
map_8 64 1 5 5 5 1 1 0.001114667 0.001626292 0.0011287416 0.0016259086 0.001115 0.001625 0.0011282 0.0016254 6058 2668 4229 2071 34533 1434353 133 1071383 89831 2667 28.6494140625 10.1123046875 0.2138671875 1.265625
map_9 64 0 5 5 5 1 1 0.001035167 0.005326166 0.0010453668 0.0053269248 0.001035 0.005327 0.0010452 0.0053268 5691 4991 3983 3806 29175 4851263 177 3620753 85216 4991 27.4482421875 18.583984375 0.2138671875 1.7314453125
map_0 65 0 5 5 5 1 1 0.001331375 0.001111833 0.0013405832 0.0011129418 0.00133 0.001109 0.0013376 0.00111 7095 2128 5293 1736 44076 935293 402 752765 110087 2128 33.8447265625 8.4765625 0.19921875 1.3857421875
map_1 65 1 5 5 5 1 1 0.001136833 0.003526875 0.0011497666 0.0035398918 0.001134 0.003524 0.0011478 0.0035348 6262 4030 4532 3063 36275 3181313 95 2345258 90289 4029 30.12890625 14.9560546875 0.181640625 1.751953125
map_2 65 0 5 5 5 1 1 0.000900209 0.000282333 0.0009093504 0.0002826916 0.0009 0.000282 0.000908 0.0002824 4861 1050 2317 830 32336 226088 113 172216 67407 1050 19.3134765625 4.052734375 0.15234375 1.423828125
map_3 65 1 5 5 5 1 1 0.000799292 0.002409083 0.0008083582 0.0024105166 0.000795 0.002406 0.0008064 0.002407 4344 3322 2452 2530 23451 2150507 60 1599666 61632 3322 19.97265625 12.353515625 0.181640625 1.5615234375
map_4 65 0 5 5 5 1 1 0.001101083 0.001133584 0.0011069082 0.0012337004 0.001097 0.001113 0.0011052 0.0012282 5969 2121 3285 1682 37717 868849 85 706702 81990 2121 24.0400390625 8.212890625 0.205078125 1.32421875
map_5 65 1 5 5 5 1 1 0.001020041 0.001088917 0.0010295082 0.0010905416 0.00102 0.001089 0.0010292 0.0010886 5548 2124 3108 1718 29958 914715 35 737438 78163 2124 23.17578125 8.388671875 0.1669921875 1.46484375
map_6 65 0 5 5 5 1 1 0.0011545 0.000378541 0.0011651834 0.0003633914 0.001152 0.000378 0.001164 0.0003624 6306 1048 4670 837 35400 215494 318 175084 92845 1048 30.802734375 4.0869140625 0.1728515625 1.4150390625
map_7 65 1 5 5 5 1 1 0.00119325 0.000796834 0.001201925 0.0007935836 0.001189 0.000796 0.0012 0.0007926 6603 2050 4967 1380 36510 670867 350 475607 99346 2049 32.2529296875 6.73828125 0.193359375 1.359375
map_8 65 0 5 5 5 1 1 0.001311292 0.000593084 0.0013218002 0.0005941918 0.00131 0.000593 0.0013206 0.0005934 7197 1537 4646 1262 48057 482402 704 397768 102052 1537 30.685546875 6.162109375 0.2080078125 1.388671875
map_9 65 1 5 5 5 1 1 0.001082833 0.000406958 0.0010342914 0.0004074498 0.001067 0.000406 0.0010284 0.0004064 5076 1270 3753 1033 27151 322974 105 266653 76244 1270 26.3251953125 5.0439453125 0.19921875 1.44140625
map_0 66 1 5 5 5 1 1 0.00122 0.0009655 0.001229358 0.0009668002 0.00122 0.000965 0.001228 0.0009662 6602 2035 4738 1588 41386 832031 394 629847 97828 2035 31.134765625 7.75390625 0.1904296875 1.41796875
map_1 66 0 5 5 5 1 1 0.001036 0.00198375 0.0010451414 0.0019921 0.001033 0.00198 0.0010444 0.0019874 5769 3109 4467 2257 32277 1781634 306 1273005 82528 3109 29.8115234375 11.0205078125 0.2138671875 1.53515625
map_2 66 1 5 5 5 1 1 0.001046292 0.000566875 0.0010607748 0.0005691416 0.001045 0.000567 0.0010592 0.000568 5831 1570 3560 1170 26257 486840 42 341994 83994 1570 25.3828125 5.712890625 0.2373046875 1.40625
map_3 66 0 5 5 5 1 1 0.001109 0.000954167 0.0011224332 0.0009532168 0.001106 0.000952 0.00112 0.000952 6046 2120 3985 1551 33327 828885 91 601206 86956 2120 27.4580078125 7.5732421875 0.216796875 1.5263671875
map_4 66 1 5 5 5 1 1 0.001014417 0.003234042 0.0010253 0.0033526248 0.001014 0.00323 0.0010222 0.0033284 5303 3673 3717 2898 30487 2658350 54 2098729 77087 3673 26.1494140625 14.150390625 0.205078125 1.6318359375
map_5 66 0 5 5 5 1 1 0.001124584 0.000371584 0.0011410166 0.0003720168 0.001124 0.000371 0.0011398 0.0003716 6209 1229 3500 981 35647 300715 80 240540 89939 1229 25.08984375 4.7900390625 0.2109375 1.4677734375
map_6 66 1 5 5 5 1 1 0.001016375 0.000799958 0.001022325 0.0008148832 0.001016 0.0008 0.0010214 0.0008118 5390 1813 3793 1403 30402 652405 89 491929 77444 1813 26.5205078125 6.8505859375 0.193359375 1.546875
map_7 66 0 5 5 5 1 1 0.001012958 0.000242416 0.0010223082 0.0002439584 0.001009 0.000242 0.0010202 0.0002434 5586 1015 4118 762 28602 188160 116 145082 82734 1015 28.107421875 3.720703125 0.1845703125 1.3623046875
map_8 66 1 5 5 5 1 1 0.000761541 0.001058542 0.0007706246 0.0010664752 0.000758 0.001056 0.0007684 0.0010656 4185 2068 3059 1680 21906 898793 89 704871 59544 2068 22.9365234375 8.203125 0.193359375 1.2451171875
map_9 66 0 5 5 5 1 1 0.001826833 0.004530459 0.0018419 0.0046724752 0.001824 0.00453 0.0018384 0.00467 6790 4541 4756 3529 44253 4065301 447 3113175 98475 4541 31.22265625 17.2314453125 0.2138671875 1.4326171875
map_0 67 0 5 5 5 1 1 0.001074708 0.000489708 0.001088483 0.0004907248 0.001071 0.000489 0.001086 0.0004896 5729 1419 3562 1124 39885 402454 33 315563 86875 1419 25.392578125 5.48828125 0.1875 1.4208984375
map_1 67 1 5 5 5 1 1 0.001223291 0.000278083 0.0012183416 0.0002781582 0.001222 0.000277 0.0012154 0.000277 6364 997 4610 868 35200 208871 159 188289 94145 997 30.509765625 4.23828125 0.240234375 1.3740234375
map_2 67 0 5 5 5 1 1 0.001400625 0.010189292 0.0014164416 0.0102356834 0.001401 0.010187 0.0014136 0.0102306 7700 6924 4367 5324 38649 9224362 524 7083583 106645 6924 29.3232421875 25.99609375 0.181640625 1.2333984375
map_3 67 1 5 5 5 1 1 0.000975833 0.002026834 0.0009858582 0.002039942 0.000974 0.002024 0.0009844 0.0020364 5332 2978 2735 2356 34903 1727862 53 1387383 76334 2978 21.3544921875 11.50390625 0.1640625 1.67578125
map_4 67 0 5 5 5 1 1 0.001219958 0.000580375 0.0012320666 0.0005808584 0.001217 0.00058 0.0012308 0.0005806 6739 1590 4315 1221 41572 482841 193 372634 93411 1590 29.0693359375 5.9619140625 0.1962890625 1.4033203125
map_5 67 1 5 5 5 1 1 0.000832708 0.005165708 0.0008344666 0.005171525 0.000833 0.005165 0.000833 0.0051704 4468 4924 2435 3711 19534 4753208 11 3442478 62179 4924 19.8896484375 18.1201171875 0.1787109375 1.6728515625
map_6 67 0 5 5 5 1 1 0.001555083 0.000242292 0.00154985 0.0002422334 0.001551 0.000242 0.0015462 0.0002418 7724 1003 6161 771 41771 187922 689 148572 114691 1003 38.0830078125 3.7646484375 0.1875 1.3916015625
map_7 67 1 5 5 5 1 1 0.001254416 0.00025275 0.0012793666 0.0002531832 0.001254 0.000252 0.0012788 0.0002524 6781 984 5230 791 40850 197051 291 156306 100680 984 33.537109375 3.8623046875 0.19921875 1.3447265625
map_8 67 0 5 5 5 1 1 0.001362917 0.002793708 0.00136415 0.0027944082 0.00136 0.00279 0.0013612 0.002791 6953 3545 5627 2759 36770 2476706 400 1901728 104706 3545 35.4755859375 13.4716796875 0.1875 1.306640625
map_9 67 1 5 5 5 1 1 0.001090875 0.00025975 0.0010813664 0.0002605498 0.001089 0.00026 0.0010794 0.0002606 5699 994 3790 811 32186 198514 77 164364 84228 994 26.505859375 3.9599609375 0.205078125 1.3798828125
map_0 68 1 5 5 5 1 1 0.001220792 0.001453209 0.0012427168 0.0016842336 0.00122 0.001453 0.00124 0.0016826 6649 2663 4620 1936 42249 1268285 128 936746 99647 2663 30.55859375 9.453125 0.216796875 1.4208984375
map_1 68 0 5 5 5 1 1 0.001175958 0.001091208 0.0011756998 0.0009856084 0.001174 0.001091 0.0011684 0.0009838 5788 1803 4731 1446 30653 637898 185 522244 85304 1803 31.1005859375 7.060546875 0.1787109375 1.400390625
map_2 68 1 5 5 5 1 1 0.001175125 0.000541792 0.0011945998 0.0005436588 0.001174 0.000539 0.0011926 0.0005426 6503 1539 3456 1182 34029 439487 120 349146 92250 1539 24.875 5.771484375 0.1728515625 1.388671875
map_3 68 0 5 5 5 1 1 0.000830666 0.001871 0.0008358582 0.0018835 0.000829 0.001871 0.0008354 0.0018812 4580 3008 2627 2200 28233 1651635 122 1209145 64051 3008 20.8271484375 10.7421875 0.1552734375 1.51171875
map_4 68 1 5 5 5 1 1 0.001271625 0.000372209 0.0012852418 0.0003763918 0.001268 0.00037 0.0012832 0.0003752 7036 1181 5357 985 38319 291472 559 242368 105128 1181 34.1572265625 4.8095703125 0.1962890625 1.3505859375
map_5 68 0 5 5 5 1 1 0.001428875 0.001770625 0.0014537 0.0017638084 0.001428 0.001768 0.0014496 0.0017592 7655 2750 5314 2105 40966 1540660 933 1106998 108469 2750 33.947265625 10.2783203125 0.1494140625 1.41796875
map_6 68 1 5 5 5 1 1 0.000793208 0.000734709 0.0007975916 0.0007395836 0.00079 0.00073 0.0007958 0.0007378 4266 1832 2421 1302 21649 620915 12 423393 58448 1832 19.8212890625 6.357421875 0.1728515625 1.39453125
map_7 68 0 5 5 5 1 1 0.001075542 0.000283 0.0010921834 0.0003146584 0.001072 0.000282 0.0010904 0.0003128 5945 966 4483 842 30610 207336 165 177109 87343 966 29.8896484375 4.111328125 0.228515625 1.3330078125
map_8 68 1 5 5 5 1 1 0.001150333 0.000272541 0.0011701252 0.000273283 0.00115 0.000272 0.0011674 0.0002726 6399 961 4659 851 31823 207664 314 180894 92183 961 30.7490234375 4.1552734375 0.158203125 1.3154296875
map_9 68 0 5 5 5 1 1 0.001172917 0.00033425 0.0011875082 0.0003345918 0.001169 0.000334 0.0011852 0.0003336 6457 1145 4592 930 38776 262409 309 216070 96751 1145 30.421875 4.541015625 0.140625 1.3623046875
map_0 69 0 5 5 5 1 1 0.000865541 0.000316958 0.0008748498 0.0003153416 0.000862 0.000314 0.0008728 0.0003148 4677 1121 2745 893 30690 245849 12 199328 72265 1121 21.4033203125 4.3603515625 0.2021484375 1.4091796875
map_1 69 1 5 5 5 1 1 0.000701084 0.000322042 0.000704917 0.0003244168 0.0007 0.000321 0.0007028 0.000323 3772 1129 2043 897 22126 254789 15 200970 53971 1129 17.9755859375 4.3798828125 0.205078125 1.359375
map_2 69 0 5 5 5 1 1 0.001535125 0.001980625 0.0015398 0.0019809752 0.001536 0.001977 0.001537 0.0019788 8379 2945 5432 2324 42634 1722763 875 1349280 113625 2945 34.5234375 11.34765625 0.1904296875 1.3828125
map_3 69 1 5 5 5 1 1 0.000953541 0.000981834 0.000964108 0.000983792 0.000953 0.000981 0.0009634 0.0009834 5288 2213 2900 1575 31929 850498 122 619577 73320 2213 22.16015625 7.6904296875 0.17578125 1.40625
map_4 69 0 5 5 5 1 1 0.001333875 0.002045125 0.0013404334 0.0019273166 0.001331 0.002044 0.0013386 0.001926 7287 2541 5371 1965 36201 1247331 612 965146 104984 2541 34.2255859375 9.5947265625 0.1904296875 1.6171875
map_5 69 1 5 5 5 1 1 0.001133458 0.000513 0.0011611748 0.0005125582 0.001133 0.000512 0.0011604 0.000512 6318 1426 4199 1163 37046 415232 226 337798 89367 1426 28.5029296875 5.6787109375 0.181640625 1.3388671875
map_6 69 0 5 5 5 1 1 0.001257292 0.00154775 0.001265875 0.0015479584 0.001254 0.001545 0.0012638 0.0015466 6922 2855 4887 1940 38674 1416103 379 940100 101825 2855 31.8623046875 9.47265625 0.1640625 1.4296875
map_7 69 1 5 5 5 1 1 0.000851084 0.000657542 0.0008605334 0.0007090168 0.000848 0.000655 0.0008584 0.0007082 4660 1632 3357 1328 24278 528652 56 440683 68875 1632 24.3916015625 6.484375 0.1962890625 1.359375
map_8 69 0 5 5 5 1 1 0.001090208 0.000518084 0.0010987084 0.0004927 0.001088 0.000517 0.001097 0.0004914 5946 1164 4461 998 29883 291323 499 248731 85952 1164 29.7822265625 4.873046875 0.181640625 1.330078125
map_9 69 1 5 5 5 1 1 0.000824333 0.003039584 0.0008367584 0.0030378002 0.000825 0.003038 0.0008354 0.0030364 4536 3814 2480 2866 27900 2706437 70 2052358 68183 3814 20.109375 13.994140625 0.140625 1.365234375
map_0 70 1 5 5 5 1 1 0.000996917 0.000336709 0.0010096418 0.0003375584 0.000996 0.000337 0.0010084 0.0003372 5384 1142 3343 942 36457 262229 81 221720 81958 1142 24.3232421875 4.599609375 0.181640625 1.365234375
map_1 70 0 5 5 5 1 1 0.00138 0.003915959 0.0013932 0.0039193836 0.001379 0.003914 0.001391 0.0039166 7580 4295 6252 3254 43157 3537142 775 2645597 113146 4295 38.52734375 15.888671875 0.2080078125 1.2744140625
map_2 70 1 5 5 5 1 1 0.001347916 0.0069625 0.0013666998 0.0075490916 0.001349 0.006963 0.0013636 0.0075458 7413 5596 4270 4424 33883 6167192 105 4892226 101516 5596 28.849609375 21.6015625 0.2080078125 1.341796875
map_3 70 0 5 5 5 1 1 0.001505917 0.001412333 0.0015250168 0.0014267418 0.001505 0.001412 0.0015224 0.0014238 8419 2607 6215 1903 49058 1249134 898 904611 119959 2607 38.3466796875 9.2919921875 0.2197265625 1.400390625
map_4 70 1 5 5 5 1 1 0.001420708 0.001114458 0.00139115 0.0011196748 0.001418 0.001112 0.0013874 0.0011172 7083 2171 5322 1717 39902 950589 537 736908 101693 2171 33.986328125 8.3837890625 0.1875 1.4443359375
map_5 70 0 5 5 5 1 1 0.001102875 0.000580167 0.0011161916 0.0005793582 0.001101 0.000575 0.0011136 0.0005776 6149 1652 4053 1196 30571 485926 110 357451 87814 1652 27.7900390625 5.83984375 0.19921875 1.4267578125
map_6 70 1 5 5 5 1 1 0.001279375 0.00209625 0.0012951084 0.0020972166 0.001278 0.002096 0.0012932 0.0020958 7007 3187 5209 2334 43636 1885077 626 1361396 105648 3187 33.4345703125 11.396484375 0.1962890625 1.3388671875
map_7 70 0 5 5 5 1 1 0.000905167 0.000430541 0.0009131084 0.00043315 0.000902 0.000429 0.0009116 0.000431 4976 1278 3513 1065 26787 340904 119 283477 71826 1278 25.1533203125 5.2001953125 0.1640625 1.4267578125
map_8 70 1 5 5 5 1 1 0.000792458 0.001298167 0.0008006334 0.0012976502 0.000789 0.001297 0.0007992 0.0012964 4351 2384 2168 1860 26100 1115832 70 864188 55858 2384 18.5859375 9.08203125 0.1669921875 1.412109375
map_9 70 0 5 5 5 1 1 0.000731166 0.000322791 0.0007389082 0.0003229498 0.000728 0.000322 0.0007372 0.0003224 3977 1138 2188 910 26535 252478 39 206964 58902 1138 18.68359375 4.443359375 0.1611328125 1.4296875
map_0 71 0 5 5 5 1 1 0.000995791 0.000311667 0.0010086416 0.0003118916 0.000992 0.000311 0.0010052 0.0003116 5180 1069 3379 901 32365 244675 56 202864 79917 1069 24.4990234375 4.3994140625 0.1669921875 1.39453125
map_1 71 1 5 5 5 1 1 0.000814 0.001131208 0.0008129248 0.0011315166 0.000812 0.001128 0.0008106 0.0011296 4266 2460 2713 1683 23574 992182 17 707880 62435 2460 21.2470703125 8.2177734375 0.1962890625 1.6171875
map_2 71 0 5 5 5 1 1 0.001071667 0.000471959 0.0010825914 0.0004723086 0.001071 0.000471 0.0010816 0.0004714 5912 1342 3115 1115 27211 382175 125 310628 83393 1342 23.2099609375 5.4443359375 0.1669921875 1.4091796875
map_3 71 1 5 5 5 1 1 0.001131958 0.006774958 0.0011305584 0.006640925 0.001129 0.006771 0.0011238 0.0066382 5814 5620 3309 4055 37918 5664314 205 4109208 80132 5620 24.1572265625 19.7998046875 0.17578125 1.458984375
map_4 71 0 5 5 5 1 1 0.000776625 0.003418542 0.0007873082 0.0037411836 0.000777 0.003408 0.0007874 0.0037364 4278 3951 2799 3052 22192 3021971 19 2327892 61986 3951 21.6669921875 14.90234375 0.1669921875 1.728515625
map_5 71 1 5 5 5 1 1 0.001069375 0.002471583 0.0010941416 0.002473908 0.001069 0.002471 0.0010936 0.0024728 6041 3275 4092 2604 32973 2165184 260 1694522 87385 3275 27.98046875 12.71484375 0.2021484375 1.3857421875
map_6 71 0 5 5 5 1 1 0.00100975 0.001030666 0.0010169082 0.001047608 0.001006 0.001028 0.001014 0.0010444 5586 2254 3653 1585 31147 915507 91 627462 81863 2254 25.8369140625 7.7392578125 0.1875 1.3505859375
map_7 71 1 5 5 5 1 1 0.001105083 0.000325709 0.0011195834 0.0003246918 0.001105 0.000325 0.001118 0.0003242 5942 1078 4043 929 35828 254720 169 215618 85784 1078 27.7412109375 4.5361328125 0.1904296875 1.3623046875
map_8 71 0 5 5 5 1 1 0.000910708 0.000422208 0.0009197584 0.0004283832 0.00091 0.000422 0.0009182 0.0004264 5021 1248 2936 1057 25452 330919 80 279301 70235 1248 22.3359375 5.1611328125 0.1845703125 1.4150390625
map_9 71 1 5 5 5 1 1 0.001416292 0.001700417 0.0014147918 0.0017012084 0.001416 0.001696 0.0014134 0.0016992 7438 2877 5506 2081 54820 1460880 1015 1081856 112142 2877 34.884765625 10.1611328125 0.1875 1.3798828125
map_0 72 1 5 5 5 1 1 0.000999792 0.003076875 0.0010209836 0.0030760334 0.000997 0.003069 0.0010186 0.0030722 5525 3758 4386 2937 28786 2668270 202 2155390 82017 3757 29.416015625 14.3408203125 0.1904296875 1.3916015625
map_1 72 0 5 5 5 1 1 0.001269375 0.00038375 0.0012771082 0.0003498166 0.001268 0.000383 0.001275 0.0003494 7006 1166 5154 833 41861 221653 603 173434 98846 1166 33.166015625 4.0673828125 0.181640625 1.3681640625
map_2 72 1 5 5 5 1 1 0.001046042 0.000431625 0.0010418084 0.0004319002 0.001045 0.000431 0.0010402 0.0004314 5561 1289 3830 1064 29418 346491 181 282973 81574 1289 26.701171875 5.1953125 0.1669921875 1.4208984375
map_3 72 0 5 5 5 1 1 0.000984125 0.000624833 0.0009905416 0.0006254582 0.000982 0.000624 0.000988 0.0006244 5295 1669 3195 1284 33050 510891 91 411731 76209 1669 23.6005859375 6.26953125 0.1962890625 1.3857421875
map_4 72 1 5 5 5 1 1 0.00100475 0.000709042 0.0010006416 0.00071425 0.001003 0.000707 0.0009964 0.000713 5280 1816 3035 1316 30972 618349 7 432737 73898 1816 22.8193359375 6.42578125 0.193359375 1.470703125
map_5 72 0 5 5 5 1 1 0.001322084 0.001183125 0.0013219668 0.0012264918 0.001322 0.00118 0.001319 0.0012236 6952 2120 4517 1650 33512 906632 343 679997 97809 2119 30.0556640625 8.056640625 0.205078125 1.306640625
map_6 72 1 5 5 5 1 1 0.001119875 0.000239167 0.0011367752 0.000240817 0.00112 0.000236 0.0011344 0.0002392 6271 912 4725 778 34929 179577 303 151311 91408 912 31.0712890625 3.798828125 0.1962890625 1.3388671875
map_7 72 0 5 5 5 1 1 0.001120458 0.000485125 0.001119975 0.0004878834 0.001119 0.000484 0.0011136 0.000486 5785 1612 3814 1082 31583 407936 73 292485 85459 1612 26.623046875 5.283203125 0.1787109375 1.3974609375
map_8 72 1 5 5 5 1 1 0.000974 0.000299958 0.00098585 0.0003005668 0.000971 0.0003 0.000984 0.0002998 5347 1160 3327 868 29448 234657 48 188236 75981 1160 24.2451171875 4.23828125 0.1640625 1.3330078125
map_9 72 0 5 5 5 1 1 0.001384292 0.001094375 0.0013994918 0.0010955 0.001383 0.001093 0.001398 0.0010934 7579 2160 5837 1680 40868 956290 825 705029 111547 2160 36.5009765625 8.203125 0.2109375 1.423828125
map_0 73 0 5 5 5 1 1 0.001597166 0.000324 0.0016127832 0.0003244 0.001594 0.000324 0.0016106 0.0003244 8792 1132 7963 907 46530 257583 1973 205540 131829 1131 46.8818359375 4.4287109375 0.2080078125 1.353515625
map_1 73 1 5 5 5 1 1 0.001164959 0.001099542 0.0011638002 0.0010986754 0.001164 0.001096 0.0011594 0.0010966 6013 2232 5092 1712 29049 935151 385 732025 89605 2232 32.86328125 8.359375 0.1669921875 1.2861328125
map_2 73 0 5 5 5 1 1 0.001158291 0.000285792 0.0011672084 0.0002859166 0.001155 0.000286 0.0011662 0.000286 6300 1019 3493 867 30536 219703 97 187801 89392 1019 25.0556640625 4.2333984375 0.22265625 1.341796875
map_3 73 1 5 5 5 1 1 0.001058 0.000822667 0.0010707332 0.0008221254 0.001057 0.00082 0.001069 0.0008204 5915 1986 3042 1456 30299 690214 191 529713 80784 1986 22.853515625 7.109375 0.19921875 1.470703125
map_4 73 0 5 5 5 1 1 0.001174541 0.001974875 0.001177083 0.0019834918 0.001174 0.001973 0.0011758 0.0019812 6379 2903 4203 2344 31696 1693048 112 1373347 85764 2903 28.5224609375 11.4453125 0.17578125 1.4091796875
map_5 73 1 5 5 5 1 1 0.000907959 0.00463 0.0009184834 0.0046350666 0.000907 0.004629 0.000917 0.0046324 5033 4549 3445 3590 23017 4115089 116 3220231 71102 4549 24.8212890625 17.529296875 0.1552734375 1.20703125
map_6 73 0 5 5 5 1 1 0.001364 0.000265834 0.0013770664 0.0002658416 0.001361 0.000266 0.001374 0.0002656 7492 1039 5693 816 42622 206926 659 166444 110941 1039 35.7978515625 3.984375 0.22265625 1.3564453125
map_7 73 1 5 5 5 1 1 0.001331416 0.000424292 0.0013405916 0.0004039834 0.001328 0.000424 0.001338 0.000403 7374 1158 5752 902 43888 259788 682 203243 109355 1158 36.0859375 4.404296875 0.2109375 1.4033203125
map_8 73 0 5 5 5 1 1 0.001360416 0.000237042 0.0013939916 0.000259325 0.001359 0.000231 0.001385 0.0002552 6860 882 4902 765 32928 169789 350 146260 97127 882 31.935546875 3.7353515625 0.1904296875 1.3212890625
map_9 73 1 5 5 5 1 1 0.001121166 0.000551833 0.0011425664 0.0005518582 0.00112 0.00055 0.0011408 0.0005502 6216 1454 4433 1209 33217 448639 191 365060 91341 1454 29.6455078125 5.9033203125 0.158203125 1.34765625
map_0 74 1 5 5 5 1 1 0.0013555 0.000858292 0.0013600668 0.0008634836 0.001352 0.000857 0.0013584 0.0008622 7227 1871 5917 1501 41435 719023 481 562917 107961 1871 36.8916015625 7.3291015625 0.19921875 1.4619140625
map_1 74 0 5 5 5 1 1 0.001132834 0.000421209 0.0011233004 0.0004338666 0.001124 0.000418 0.0011194 0.0004276 5979 1277 4819 1028 30288 321593 401 263948 89338 1277 31.5302734375 5.01953125 0.1904296875 1.3740234375
map_2 74 1 5 5 5 1 1 0.001307125 0.000649333 0.0012953666 0.0006502332 0.001307 0.000646 0.0012928 0.0006478 6755 1602 4364 1282 32002 530017 152 410674 94288 1602 29.30859375 6.259765625 0.2197265625 1.412109375
map_3 74 0 5 5 5 1 1 0.001039417 0.007884625 0.0010317334 0.0078892418 0.00103 0.007878 0.0010284 0.0078864 5668 6173 3912 4587 32699 7252440 274 5258303 78245 6172 27.1015625 22.3974609375 0.2021484375 1.5380859375
map_4 74 1 5 5 5 1 1 0.001176458 0.000606 0.0011915166 0.0006100668 0.001174 0.000607 0.00119 0.0006074 6401 1583 4059 1231 41409 505441 202 378466 90194 1583 27.8193359375 6.0107421875 0.2138671875 1.37109375
map_5 74 0 5 5 5 1 1 0.001092333 0.000988083 0.0010862668 0.0009905666 0.001092 0.000987 0.0010846 0.0009888 5756 2119 3953 1569 27549 870463 102 615073 83597 2119 27.3017578125 7.6611328125 0.1640625 1.34765625
map_6 74 1 5 5 5 1 1 0.001142583 0.002021791 0.001148617 0.0020237916 0.001141 0.002021 0.0011448 0.0020216 6145 3105 4708 2303 33320 1799707 238 1325565 88899 3105 30.98828125 11.2451171875 0.1904296875 1.7080078125
map_7 74 0 5 5 5 1 1 0.000753958 0.001166292 0.000759575 0.001166525 0.000753 0.001165 0.0007572 0.0011648 3868 2240 2499 1738 21156 1018590 23 755036 58076 2240 20.2021484375 8.486328125 0.19921875 1.365234375
map_8 74 1 5 5 5 1 1 0.001295917 0.000267625 0.0012922752 0.0002688 0.001295 0.000267 0.001291 0.0002672 6994 981 5361 842 38995 203275 872 177210 98921 981 34.1767578125 4.111328125 0.1669921875 1.353515625
map_9 74 0 5 5 5 1 1 0.001215583 0.000555375 0.001220575 0.00055725 0.001212 0.000555 0.0012178 0.0005564 6637 1592 5352 1174 37179 467264 549 344225 97702 1592 34.1328125 5.732421875 0.17578125 1.3916015625
map_0 75 0 5 5 5 1 1 0.001116625 0.00073475 0.001131775 0.0007381666 0.001116 0.000733 0.0011304 0.000737 6153 1797 4515 1401 33079 603295 114 490302 95151 1797 30.0458984375 6.8408203125 0.181640625 1.4150390625
map_1 75 1 5 5 5 1 1 0.00123075 0.000223 0.0012546998 0.0002230084 0.001231 0.000222 0.0012522 0.000222 6797 924 5130 757 38654 166203 267 143201 100528 924 33.048828125 3.6962890625 0.2373046875 1.3271484375
map_2 75 0 5 5 5 1 1 0.001931167 0.00044625 0.0019226666 0.0004459336 0.00193 0.000446 0.0019186 0.000445 9919 1261 7320 1102 51328 349646 1640 303300 139161 1261 43.7421875 5.380859375 0.2021484375 1.3505859375
map_3 75 1 5 5 5 1 1 0.001159583 0.005219375 0.0011696748 0.0052211752 0.001157 0.005217 0.0011678 0.0052182 6323 5110 3797 3714 35498 4804163 151 3446732 86383 5109 26.5400390625 18.134765625 0.1845703125 1.447265625
map_4 75 0 5 5 5 1 1 0.001187375 0.001039541 0.0012039086 0.001048875 0.001187 0.001036 0.001202 0.0010458 6623 2123 4720 1664 41931 879516 187 691573 92870 2123 31.046875 8.125 0.228515625 1.3154296875
map_5 75 1 5 5 5 1 1 0.001201333 0.003354583 0.0012172584 0.0034228166 0.001201 0.003351 0.0012164 0.0033812 6599 3842 4262 3008 31694 2866681 104 2260579 96255 3842 28.810546875 14.6875 0.1904296875 1.353515625
map_6 75 0 5 5 5 1 1 0.00120075 0.002424458 0.0012195668 0.0024286414 0.0012 0.002424 0.0012088 0.0024004 6223 3096 4523 2486 34395 2002656 138 1543941 90615 3096 30.0849609375 12.138671875 0.2138671875 1.3359375
map_7 75 1 5 5 5 1 1 0.00096575 0.003567333 0.0009770832 0.0035962332 0.000962 0.003567 0.0009754 0.0035898 5241 4289 3503 3062 30231 3156798 41 2343927 76948 4289 25.1044921875 14.951171875 0.1787109375 1.7548828125
map_8 75 0 5 5 5 1 1 0.001298959 0.002335709 0.0012772504 0.0023407 0.001295 0.002335 0.0012688 0.002339 6349 3222 3517 2517 30337 2053127 108 1583322 90385 3221 25.1728515625 12.2900390625 0.216796875 1.5556640625
map_9 75 1 5 5 5 1 1 0.00114825 0.000562292 0.0011650498 0.000563075 0.001148 0.000562 0.0011642 0.0005618 6389 1462 4426 1211 37009 463726 244 366210 95307 1462 29.611328125 5.9130859375 0.2021484375 1.3095703125
map_0 76 1 5 5 5 1 1 0.001100542 0.001137375 0.0011138 0.0011406166 0.0011 0.001137 0.001112 0.0011396 5996 2297 3895 1716 41132 981849 201 735729 91075 2296 27.0185546875 8.37890625 0.1904296875 1.453125
map_1 76 0 5 5 5 1 1 0.0009345 0.000687875 0.000935 0.0006962998 0.000931 0.000688 0.0009326 0.0006952 5074 1797 3127 1269 27374 604863 202 402153 72742 1797 23.2685546875 6.1962890625 0.1669921875 1.353515625
map_2 76 1 5 5 5 1 1 0.001934042 0.001420792 0.0019231666 0.0013078584 0.001931 0.001417 0.0019194 0.0013046 9938 2001 6137 1654 51066 845383 1447 683275 140152 2001 37.9658203125 8.076171875 0.205078125 1.341796875
map_3 76 0 5 5 5 1 1 0.00079925 0.001577417 0.000803775 0.0015769918 0.000799 0.001576 0.0008026 0.0015754 4286 2593 1486 2067 24958 1350396 35 1067963 60450 2593 15.255859375 10.0927734375 0.1728515625 1.4267578125
map_4 76 1 5 5 5 1 1 0.001145583 0.000606042 0.0011440164 0.0006038668 0.001145 0.000602 0.0011428 0.000602 6033 1702 3927 1177 29036 510021 81 346235 88143 1702 27.1748046875 5.7470703125 0.1875 1.494140625
map_5 76 0 5 5 5 1 1 0.001319667 0.004475917 0.0013252668 0.0046311086 0.001319 0.004472 0.0013246 0.0046272 7232 4487 4812 3462 39907 4009293 212 2994742 104277 4486 31.49609375 16.904296875 0.2080078125 1.3798828125
map_6 76 1 5 5 5 1 1 0.001069583 0.000286875 0.0010868166 0.000287675 0.00107 0.000287 0.0010862 0.000287 5916 1052 3770 853 31147 224567 193 181892 84698 1052 26.408203125 4.1650390625 0.2080078125 1.40625
map_7 76 0 5 5 5 1 1 0.001190125 0.002761875 0.0011987334 0.00276435 0.001187 0.002759 0.0011966 0.0027626 6591 3616 4966 2742 35858 2433205 327 1879631 96941 3616 32.248046875 13.388671875 0.1787109375 1.8720703125
map_8 76 1 5 5 5 1 1 0.000737667 0.00065075 0.0007494836 0.0006533918 0.000735 0.000648 0.0007484 0.000652 3955 1676 1742 1268 21207 556863 38 401666 53571 1676 16.505859375 6.19140625 0.1552734375 1.388671875
map_9 76 0 5 5 5 1 1 0.001056333 0.002672041 0.0010627084 0.0026725164 0.001054 0.002669 0.001061 0.0026698 5762 3502 3753 2678 34412 2381799 117 1792889 85689 3502 26.3251953125 13.076171875 0.205078125 1.740234375
map_0 77 0 5 5 5 1 1 0.001618083 0.000542167 0.0016208166 0.000541625 0.001616 0.00054 0.001619 0.0005406 8498 1436 6201 1195 57326 443406 628 356732 126065 1436 38.2783203125 5.8349609375 0.1875 1.4384765625
map_1 77 1 5 5 5 1 1 0.000756375 0.000355042 0.00075825 0.0003555918 0.000753 0.000355 0.0007572 0.0003556 4018 1274 2334 946 18258 282119 1 223534 59925 1274 19.396484375 4.619140625 0.193359375 1.3623046875
map_2 77 0 5 5 5 1 1 0.001279875 0.001868208 0.0012908748 0.0018680748 0.00128 0.001866 0.001288 0.0018658 6989 2874 4151 2250 35986 1628313 462 1264845 102260 2874 28.2685546875 10.986328125 0.19921875 1.4326171875
map_3 77 1 5 5 5 1 1 0.001071542 0.001816291 0.0010825002 0.0018178666 0.001072 0.001813 0.0010808 0.0018156 5835 2917 3461 2161 33826 1633390 55 1167188 84037 2917 24.8994140625 10.5517578125 0.1787109375 1.4736328125
map_4 77 0 5 5 5 1 1 0.00149325 0.000228833 0.00150975 0.0002295832 0.001492 0.000229 0.0015076 0.0002292 8099 931 4218 755 41209 175295 355 142479 114698 931 28.595703125 3.6865234375 0.19921875 1.4267578125
map_5 77 1 5 5 5 1 1 0.001147834 0.001365792 0.0011621918 0.0013665834 0.001145 0.001364 0.0011602 0.001364 6369 2456 3908 1894 31068 1192429 102 896011 87975 2456 27.08203125 9.248046875 0.1787109375 1.3828125
map_6 77 0 5 5 5 1 1 0.001431 0.000530916 0.001454917 0.0005321332 0.001429 0.000529 0.0014526 0.0005306 7909 1449 5701 1169 39061 436776 514 341421 118476 1448 35.8369140625 5.7080078125 0.19921875 1.4208984375
map_7 77 1 5 5 5 1 1 0.00090925 0.000305583 0.0009236166 0.0003058666 0.000909 0.000306 0.0009224 0.0003058 4974 1090 2998 895 26560 235252 13 200109 73765 1090 22.638671875 4.3701171875 0.1904296875 1.353515625
map_8 77 0 5 5 5 1 1 0.001156041 0.000674458 0.0011635664 0.000675275 0.001155 0.000673 0.0011616 0.0006744 6336 1558 3670 1365 33754 546349 100 465313 94333 1558 25.919921875 6.6650390625 0.146484375 1.37109375
map_9 77 1 5 5 5 1 1 0.001247333 0.000486167 0.0012601834 0.0004856836 0.001247 0.000484 0.0012588 0.0004846 6822 1390 4566 1119 39086 384058 518 312809 99931 1390 30.294921875 5.4638671875 0.2021484375 1.4267578125
map_0 78 1 5 5 5 1 1 0.001224333 0.000537917 0.0012371582 0.0005384252 0.001222 0.000536 0.0012338 0.000537 6487 1466 4647 1183 42244 440314 192 349614 100013 1466 30.6904296875 5.7763671875 0.2138671875 1.41796875
map_1 78 0 5 5 5 1 1 0.001142833 0.0024085 0.0011648498 0.0024206502 0.00114 0.002406 0.001163 0.002418 6382 3323 4598 2560 35079 2096913 570 1637328 91891 3323 30.451171875 12.5 0.1611328125 1.40625
map_2 78 1 5 5 5 1 1 0.001339333 0.00134325 0.0013600168 0.0013436582 0.001336 0.001341 0.0013578 0.0013424 7404 2429 5714 1885 43570 1167377 744 887477 109904 2429 35.900390625 9.2041015625 0.1962890625 1.27734375
map_3 78 0 5 5 5 1 1 0.001217542 0.001528708 0.0012243168 0.00152895 0.001214 0.001525 0.0012218 0.0015268 6695 2605 5135 2024 37258 1326003 551 1023275 97736 2605 33.0732421875 9.8828125 0.205078125 1.3916015625
map_4 78 1 5 5 5 1 1 0.001411334 0.003304875 0.0014270834 0.0033084748 0.001409 0.003302 0.0014264 0.0033056 7667 4133 3687 2875 47274 3093543 378 2065260 109233 4133 26.0029296875 14.0380859375 0.19921875 1.3798828125
map_5 78 0 5 5 5 1 1 0.001388334 0.000990959 0.0014030336 0.0009917586 0.001387 0.000991 0.0014024 0.0009902 7668 2056 5254 1604 42259 856120 485 642978 112134 2056 33.654296875 7.83203125 0.19921875 1.46484375
map_6 78 1 5 5 5 1 1 0.001209459 0.00183275 0.0012274834 0.0018366248 0.001207 0.00183 0.001225 0.0018336 6828 2860 5102 2231 33113 1584723 361 1243607 98713 2860 32.912109375 10.8935546875 0.2138671875 1.40625
map_7 78 0 5 5 5 1 1 0.001028333 0.000302083 0.0010384834 0.00030165 0.001027 0.000301 0.0010364 0.000301 5630 1085 3568 873 34677 236654 47 190525 83527 1085 25.421875 4.2626953125 0.158203125 1.388671875
map_8 78 1 5 5 5 1 1 0.000852792 0.000271666 0.0008621752 0.0002717502 0.000852 0.000272 0.0008602 0.0002706 4674 985 3138 844 22469 199935 174 177995 69882 985 23.322265625 4.12109375 0.140625 1.34765625
map_9 78 0 5 5 5 1 1 0.000979209 0.00039325 0.000985692 0.0003939748 0.000976 0.000394 0.0009844 0.000393 5281 1230 2965 1013 28962 310837 53 256486 77209 1230 22.4775390625 4.9462890625 0.1494140625 1.4443359375
map_0 79 0 5 5 5 1 1 0.001122833 0.000338375 0.0011312498 0.0003107332 0.001122 0.000337 0.0011292 0.0003096 6092 918 4015 804 34509 185324 108 161569 90916 918 27.6044921875 3.92578125 0.1904296875 1.37109375
map_1 79 1 5 5 5 1 1 0.00131925 0.000662834 0.0013311252 0.00066345 0.001316 0.000662 0.0013284 0.0006616 7239 1696 4930 1292 42603 560556 249 416993 108527 1696 32.072265625 6.30859375 0.1962890625 1.4091796875
map_2 79 0 5 5 5 1 1 0.000901708 0.002380958 0.0009095582 0.0023823668 0.000901 0.002378 0.0009092 0.002379 4901 3142 2531 2613 26356 2015811 9 1705717 68421 3142 20.3583984375 12.7587890625 0.169921875 1.294921875
map_3 79 1 5 5 5 1 1 0.001214875 0.001408791 0.0012200414 0.0014129416 0.001214 0.001405 0.0012192 0.0014096 6570 2485 4032 1946 36689 1212064 191 946119 93921 2485 27.6875 9.501953125 0.1875 1.365234375
map_4 79 0 5 5 5 1 1 0.001084834 0.0005875 0.0010956334 0.0006527584 0.001084 0.000584 0.0010944 0.0006506 5839 1511 3090 1219 34212 462257 61 371306 80916 1511 23.087890625 5.9521484375 0.1875 1.4765625
map_5 79 1 5 5 5 1 1 0.000834834 0.001475916 0.0008365834 0.001477708 0.000832 0.001474 0.0008346 0.0014754 4383 2697 2025 1899 27541 1343753 7 901272 63004 2697 17.8876953125 9.2724609375 0.1552734375 1.6142578125
map_6 79 0 5 5 5 1 1 0.001205416 0.000224083 0.0012186914 0.000225033 0.001204 0.000223 0.001218 0.0002246 6577 882 5057 767 38992 167323 413 147044 96426 882 32.6923828125 3.7451171875 0.22265625 1.39453125
map_7 79 1 5 5 5 1 1 0.001084666 0.000283625 0.0010950332 0.0002859752 0.001081 0.000283 0.0010934 0.0002852 5935 1087 3601 830 34636 226060 245 172219 86995 1087 25.5830078125 4.052734375 0.19921875 1.40625
map_8 79 0 5 5 5 1 1 0.001160291 0.000277709 0.0011708332 0.000278 0.00116 0.000277 0.0011692 0.0002774 6287 1001 3853 871 34254 208194 313 189623 90872 1001 26.8134765625 4.2529296875 0.22265625 1.4091796875
map_9 79 1 5 5 5 1 1 0.00120375 0.000613208 0.0012092834 0.0006135166 0.001203 0.000613 0.0012078 0.0006124 6487 1604 4816 1241 38451 523026 618 384760 96420 1604 31.515625 6.0595703125 0.1875 1.37109375
map_0 80 1 5 5 5 1 1 0.000993167 0.001832667 0.0010060584 0.0020179836 0.00099 0.001833 0.0010038 0.0020162 5339 2828 3571 2152 29106 1567505 134 1157260 79806 2828 25.4365234375 10.5078125 0.193359375 1.5556640625
map_1 80 0 5 5 5 1 1 0.001135542 0.005443584 0.0011529 0.005444667 0.001134 0.00544 0.0011506 0.005442 6229 5026 4262 3862 37311 4895816 181 3727642 92539 5025 28.810546875 18.857421875 0.181640625 1.529296875
map_2 80 1 5 5 5 1 1 0.00117075 0.000288208 0.0011804504 0.0002901666 0.001171 0.000288 0.0011794 0.0002898 6474 1013 4614 875 34693 218111 483 191391 93210 1013 30.529296875 4.2724609375 0.169921875 1.3388671875
map_3 80 0 5 5 5 1 1 0.001158125 0.001549042 0.0011940666 0.0015520748 0.001157 0.001546 0.0011918 0.0015502 6154 2633 3593 2024 38059 1355923 79 1023338 89859 2633 25.5439453125 9.8828125 0.19921875 1.4033203125
map_4 80 1 5 5 5 1 1 0.001156208 0.000759625 0.0011720248 0.00076305 0.001155 0.000759 0.0011698 0.0007614 6440 1887 4262 1369 36379 655816 162 468243 87565 1886 28.810546875 6.6845703125 0.2138671875 1.5
map_5 80 0 5 5 5 1 1 0.000988167 0.000312584 0.000984442 0.0003479254 0.000985 0.000312 0.0009824 0.0003462 5255 981 3476 893 27995 218313 35 199354 76317 981 24.97265625 4.3603515625 0.181640625 1.359375
map_6 80 1 5 5 5 1 1 0.000926417 0.000403083 0.0009461418 0.0004052 0.000926 0.000401 0.0009446 0.000404 5128 1259 3342 1036 34400 313515 145 268156 75533 1259 24.318359375 5.05859375 0.1962890625 1.3828125
map_7 80 0 5 5 5 1 1 0.000956167 0.00193 0.0009646252 0.0019314836 0.000953 0.001927 0.0009632 0.0019284 5277 3182 3647 2214 30929 1743997 120 1224595 77457 3182 25.8076171875 10.810546875 0.1845703125 1.4091796875
map_8 80 1 5 5 5 1 1 0.001019916 0.000484667 0.0010306498 0.0004855668 0.001017 0.000483 0.0010288 0.000484 5634 1409 3885 1121 32740 392428 94 314158 76511 1409 26.9697265625 5.4736328125 0.2109375 1.4208984375
map_9 80 0 5 5 5 1 1 0.0011805 0.000767166 0.0011950918 0.0007668332 0.001177 0.000765 0.0011936 0.0007654 6598 1889 5299 1387 33075 658198 379 480903 97142 1889 33.8740234375 6.7724609375 0.205078125 1.5146484375
map_0 81 0 5 5 5 1 1 0.001165834 0.000421042 0.0011714334 0.0004258 0.001162 0.00042 0.0011696 0.0004248 6343 1275 4824 1055 36738 332686 150 278098 95534 1275 31.5546875 5.1513671875 0.2021484375 1.3271484375
map_1 81 1 5 5 5 1 1 0.000783416 0.000418208 0.0007965332 0.0004212084 0.000783 0.000417 0.000796 0.00042 4344 1286 3020 1042 24064 334206 53 271343 64408 1286 22.74609375 5.087890625 0.2138671875 1.3330078125
map_2 81 0 5 5 5 1 1 0.000956917 0.0003865 0.0009488752 0.0003873916 0.000954 0.000386 0.0009452 0.0003868 4965 1216 2066 1022 27456 299086 15 260948 71345 1216 18.087890625 4.990234375 0.1962890625 1.3740234375
map_3 81 1 5 5 5 1 1 0.001309875 0.000285292 0.0013295502 0.0002854168 0.001309 0.000285 0.0013276 0.000285 7246 1183 4917 829 43143 224195 264 171779 105540 1183 32.0087890625 4.0478515625 0.2138671875 1.4794921875
map_4 81 0 5 5 5 1 1 0.001139917 0.002689083 0.0011540834 0.0026980834 0.001139 0.002686 0.0011522 0.0026958 6303 3599 4504 2659 33543 2409151 228 1766750 90539 3599 29.9921875 12.9833984375 0.2138671875 1.529296875
map_5 81 1 5 5 5 1 1 0.001068125 0.000744834 0.0010808 0.0007455918 0.001064 0.000746 0.0010788 0.000745 6034 1766 4398 1377 29914 636352 151 473596 84339 1766 29.474609375 6.7236328125 0.1552734375 1.3330078125
map_6 81 0 5 5 5 1 1 0.001061792 0.000302833 0.001071167 0.0003025504 0.001061 0.000301 0.0010694 0.0003016 5908 1046 4303 883 33284 236005 166 194827 87594 1046 29.0107421875 4.3115234375 0.1787109375 1.3681640625
map_7 81 1 5 5 5 1 1 0.0008825 0.000204125 0.0008958582 0.0002045582 0.000883 0.000204 0.0008914 0.0002038 4701 876 3381 716 27302 154811 33 128160 70483 876 24.5087890625 3.49609375 0.205078125 1.34765625
map_8 81 0 5 5 5 1 1 0.001305375 0.00061675 0.0013100086 0.0006160998 0.001303 0.000614 0.0013086 0.0006146 7243 1584 6219 1269 36512 508764 1412 402171 103017 1584 38.3662109375 6.1962890625 0.17578125 1.3095703125
map_9 81 1 5 5 5 1 1 0.000868125 0.000531625 0.0008790666 0.0005317082 0.000868 0.000531 0.000879 0.0005314 4776 1410 2912 1200 29944 426158 14 359639 68236 1410 22.21875 5.859375 0.1611328125 1.359375
map_0 82 1 5 5 5 1 1 0.00129325 0.001721541 0.00130215 0.001722275 0.001292 0.001718 0.0013002 0.0017194 6962 2745 4596 2158 51798 1492101 175 1163411 104253 2745 30.44140625 10.537109375 0.1552734375 1.3095703125
map_1 82 0 5 5 5 1 1 0.001298 0.000405916 0.0013151834 0.0004074416 0.001297 0.000406 0.0013132 0.0004068 7099 1244 4837 1027 40160 325940 173 263494 105629 1244 31.6181640625 5.0146484375 0.22265625 1.330078125
map_2 82 1 5 5 5 1 1 0.001144334 0.000276875 0.0011538748 0.0002771914 0.001144 0.000277 0.001152 0.000277 6216 994 3478 842 39913 215915 48 177189 87690 994 24.982421875 4.111328125 0.2080078125 1.3505859375
map_3 82 0 5 5 5 1 1 0.001106375 0.002145875 0.0011162248 0.0021626582 0.001103 0.002145 0.001114 0.0021614 6050 3155 2763 2334 34526 1874184 24 1361551 83455 3155 21.4912109375 11.396484375 0.1728515625 1.7841796875
map_4 82 1 5 5 5 1 1 0.000937125 0.000678 0.0009461414 0.000684875 0.000938 0.000675 0.000946 0.0006828 5112 1685 3404 1337 23510 557836 16 446613 75464 1685 24.62109375 6.5283203125 0.19921875 1.458984375
map_5 82 0 5 5 5 1 1 0.00121675 0.001572916 0.0012362 0.001572325 0.001213 0.00157 0.0012344 0.0015702 6649 2593 4087 2072 38458 1352016 181 1072388 95152 2593 27.9560546875 10.1171875 0.1845703125 1.34765625
map_6 82 1 5 5 5 1 1 0.001366291 0.000228958 0.0013786586 0.0002294164 0.001363 0.000229 0.0013766 0.0002292 7413 895 5388 764 39213 174987 328 145883 111236 895 34.30859375 3.73046875 0.193359375 1.318359375
map_7 82 0 5 5 5 1 1 0.001318708 0.000314375 0.0013324584 0.0003347666 0.001315 0.000314 0.0013298 0.0003342 7247 1033 5477 837 43214 220481 724 175092 109279 1033 34.7431640625 4.0869140625 0.1640625 1.3125
map_8 82 1 5 5 5 1 1 0.001176333 0.002269042 0.0011895496 0.0022693584 0.001176 0.002266 0.0011884 0.002267 6449 3106 3757 2494 40769 1968162 293 1554857 89506 3106 26.3447265625 12.177734375 0.193359375 1.640625
map_9 82 0 5 5 5 1 1 0.000843708 0.000921625 0.0008574164 0.000929025 0.000843 0.000922 0.000856 0.0009286 4520 1879 2580 1592 25566 764868 7 633598 69060 1879 20.59765625 7.7734375 0.2138671875 1.318359375
map_0 83 0 5 5 5 1 1 0.001158541 0.00213175 0.0011706246 0.0021318668 0.001159 0.002131 0.0011698 0.0021316 6331 3140 4511 2399 34209 1876879 108 1437780 95740 3140 30.0263671875 11.7138671875 0.1875 1.34765625
map_1 83 1 5 5 5 1 1 0.001050625 0.000491375 0.0010616416 0.000490475 0.00105 0.000489 0.0010596 0.0004894 5769 1562 4076 1104 32552 402091 179 304457 84542 1562 27.90234375 5.390625 0.1845703125 1.4296875
map_2 83 0 5 5 5 1 1 0.001679917 0.000603084 0.0016906584 0.0006051334 0.00168 0.000601 0.0016894 0.000604 9246 1630 6264 1243 48146 502544 875 385922 128396 1630 38.5859375 6.0693359375 0.1845703125 1.3916015625
map_3 83 1 5 5 5 1 1 0.001078166 0.001337542 0.0010815834 0.0013376082 0.001076 0.001335 0.0010788 0.0013362 5859 2496 3439 1876 34381 1162651 187 879589 79659 2496 24.7919921875 9.16015625 0.1728515625 1.6318359375
map_4 83 0 5 5 5 1 1 0.001230459 0.0006055 0.0012455586 0.0006047666 0.001227 0.000603 0.001244 0.0006028 6806 1600 5075 1248 40062 501852 422 389117 98355 1600 32.7802734375 6.09375 0.1962890625 1.4033203125
map_5 83 1 5 5 5 1 1 0.001113292 0.000614209 0.00111125 0.0006137086 0.001112 0.000611 0.0011094 0.000612 5951 1663 3419 1240 35864 514286 28 384394 86929 1663 24.6943359375 6.0546875 0.2138671875 1.5439453125
map_6 83 0 5 5 5 1 1 0.00111325 0.002052209 0.0011275082 0.0020533998 0.00111 0.002049 0.0011256 0.0020508 6179 3113 4146 2290 33658 1866799 195 1310251 87766 3113 28.244140625 11.181640625 0.1875 1.3828125
map_7 83 1 5 5 5 1 1 0.001089167 0.000230167 0.0010809334 0.00023025 0.001089 0.000229 0.0010798 0.0002298 5807 934 4591 757 29150 177465 433 143223 87716 934 30.4169921875 3.6962890625 0.1875 1.3359375
map_8 83 0 5 5 5 1 1 0.001393916 0.002801125 0.0014051498 0.0028012918 0.001393 0.002798 0.0014036 0.0027986 7617 3608 4953 2762 43366 2480328 459 1906164 103764 3608 32.1845703125 13.486328125 0.2080078125 1.248046875
map_9 83 1 5 5 5 1 1 0.001337709 0.000387917 0.001345092 0.0003877504 0.001337 0.000387 0.0013446 0.0003878 7320 1198 5026 1015 44128 306095 557 257417 106317 1198 32.541015625 4.9560546875 0.1787109375 1.3828125
map_0 84 1 5 5 5 1 1 0.0014475 0.001846583 0.001449575 0.0020110082 0.001444 0.001843 0.0014474 0.0020082 7800 2820 6121 2221 46651 1562912 787 1233015 116028 2820 37.8876953125 10.8447265625 0.193359375 1.39453125
map_1 84 0 5 5 5 1 1 0.001253583 0.000374042 0.001268308 0.0004145748 0.001252 0.000373 0.0012666 0.0004136 6924 1263 5058 984 35612 293088 515 241899 101548 1263 32.697265625 4.8046875 0.2314453125 1.3828125
map_2 84 1 5 5 5 1 1 0.001181833 0.0019185 0.0011856916 0.0019207418 0.001179 0.001915 0.0011836 0.0019194 6462 2833 3360 2305 34695 1647504 170 1327633 87481 2833 24.40625 11.2548828125 0.15234375 1.3447265625
map_3 84 0 5 5 5 1 1 0.00111975 0.002618833 0.0011294166 0.002621117 0.001117 0.002617 0.0011268 0.0026186 6151 3556 3875 2665 35104 2313803 170 1775521 86674 3556 26.9208984375 13.0126953125 0.19921875 1.39453125
map_4 84 1 5 5 5 1 1 0.00086375 0.000537541 0.0008687834 0.0005382998 0.000861 0.000537 0.000867 0.0005374 4680 1503 2876 1157 24545 454065 29 334414 68913 1503 22.04296875 5.6494140625 0.1962890625 1.4208984375
map_5 84 0 5 5 5 1 1 0.000974584 0.000413375 0.0009787418 0.0004132416 0.000975 0.000413 0.0009768 0.0004122 5234 1228 2928 1047 25457 327015 65 273833 74993 1228 22.296875 5.1123046875 0.1640625 1.4033203125
map_6 84 1 5 5 5 1 1 0.001112917 0.001099166 0.0011250502 0.0011001752 0.00111 0.001096 0.0011242 0.0010984 6094 2151 4002 1688 34182 950385 149 711644 87323 2151 27.541015625 8.2421875 0.2138671875 1.330078125
map_7 84 0 5 5 5 1 1 0.001049708 0.000316792 0.001059375 0.0003166084 0.001047 0.000315 0.001057 0.0003156 5723 1263 3933 882 38546 249687 148 194475 82835 1263 27.2041015625 4.306640625 0.169921875 1.458984375
map_8 84 1 5 5 5 1 1 0.001023875 0.001200875 0.0010332 0.0012040582 0.001021 0.001199 0.0010306 0.001203 5576 2343 3451 1764 29723 1047880 276 777711 80043 2343 24.8505859375 8.61328125 0.1787109375 1.5322265625
map_9 84 0 5 5 5 1 1 0.000897459 0.000545042 0.0009080834 0.0005443832 0.000897 0.000543 0.0009068 0.0005436 4913 1467 3366 1206 27448 439523 117 363229 72495 1467 24.435546875 5.888671875 0.1669921875 1.3359375
map_0 85 0 5 5 5 1 1 0.001344583 0.000476917 0.0013606664 0.0004769918 0.001345 0.000476 0.0013582 0.0004758 7337 1450 5716 1095 44928 393129 440 299475 111947 1450 35.91015625 5.3466796875 0.1728515625 1.359375
map_1 85 1 5 5 5 1 1 0.001279125 0.0009235 0.0012987084 0.0009247166 0.001276 0.000923 0.001296 0.0009234 7076 2071 4543 1536 40525 796458 378 589245 99033 2071 30.1826171875 7.5 0.2080078125 1.376953125
map_2 85 0 5 5 5 1 1 0.001242375 0.000275625 0.0012535748 0.00027685 0.001239 0.000275 0.0012514 0.000276 6754 1096 3409 844 34451 209904 142 178002 95484 1096 24.6455078125 4.12109375 0.1787109375 1.3798828125
map_3 85 1 5 5 5 1 1 0.001256792 0.0005055 0.0012705084 0.0005056586 0.001256 0.000504 0.0012704 0.0005042 6845 1464 3789 1151 44546 407506 114 330942 100943 1464 26.5009765625 5.6201171875 0.1875 1.3916015625
map_4 85 0 5 5 5 1 1 0.001146708 0.000450417 0.001148475 0.0004495834 0.001145 0.000448 0.0011454 0.000448 6158 1302 2981 1082 36215 363481 33 292614 88508 1302 22.5556640625 5.283203125 0.1962890625 1.353515625
map_5 85 1 5 5 5 1 1 0.00144625 0.00115025 0.0014693586 0.0011527082 0.001443 0.001147 0.001467 0.0011518 8019 2120 5468 1777 39051 961992 503 789350 113883 2120 34.69921875 8.6767578125 0.1962890625 1.306640625
map_6 85 0 5 5 5 1 1 0.000955125 0.001574125 0.000965383 0.0015785414 0.000955 0.001574 0.0009638 0.0015774 5239 2624 2939 2060 29620 1355447 7 1059987 75642 2624 22.3505859375 10.05859375 0.2021484375 1.3154296875
map_7 85 1 5 5 5 1 1 0.000945625 0.002601125 0.0009566082 0.0026018416 0.000943 0.002598 0.0009546 0.0025992 5190 3431 3232 2641 27970 2310713 224 1743288 74425 3431 23.78125 12.8955078125 0.1669921875 1.7314453125
map_8 85 0 5 5 5 1 1 0.001360916 0.000273667 0.0013797664 0.0002740002 0.001361 0.000274 0.0013778 0.0002734 7460 962 4963 850 37691 209471 481 180579 108623 962 32.2333984375 4.150390625 0.216796875 1.376953125
map_9 85 1 5 5 5 1 1 0.001199875 0.00104375 0.0012102086 0.0010483666 0.001198 0.001041 0.001209 0.001047 6574 2139 4914 1656 36620 884476 444 684975 96674 2139 31.994140625 8.0859375 0.181640625 1.458984375
map_0 86 1 5 5 5 1 1 0.001019958 0.000673 0.0010259832 0.0006909584 0.001019 0.000673 0.001024 0.0006878 5484 1636 4029 1327 32830 535592 67 440007 82704 1636 27.6728515625 6.4794921875 0.181640625 1.447265625
map_1 86 0 5 5 5 1 1 0.00120775 0.000745417 0.0012267914 0.0007467998 0.001207 0.000745 0.001224 0.0007458 6473 1879 4611 1405 36871 618884 107 493088 91806 1879 30.5146484375 6.8603515625 0.181640625 1.4296875
map_2 86 1 5 5 5 1 1 0.001367208 0.000326459 0.00137975 0.0003265252 0.001363 0.000325 0.0013772 0.0003248 7566 1069 5025 938 37513 248930 560 219797 105562 1069 32.5361328125 4.580078125 0.2138671875 1.3037109375
map_3 86 0 5 5 5 1 1 0.001330542 0.006378417 0.0013260168 0.0064982496 0.001325 0.006343 0.0013228 0.0064786 7182 5458 4391 4076 44580 5520740 343 4151577 99335 5458 29.4404296875 19.90234375 0.181640625 1.412109375
map_4 86 1 5 5 5 1 1 0.001249334 0.001714084 0.0012649586 0.0017142336 0.001249 0.001714 0.0012638 0.0017122 6992 2727 4827 2152 37690 1475455 554 1156788 96680 2727 31.5693359375 10.5078125 0.1845703125 1.2626953125
map_5 86 0 5 5 5 1 1 0.001037875 0.000343916 0.0010519582 0.0003461412 0.001037 0.000343 0.0010504 0.0003452 5661 1161 3834 942 27199 271232 81 221635 81319 1161 26.720703125 4.599609375 0.1669921875 1.3447265625
map_6 86 1 5 5 5 1 1 0.001014584 0.000404917 0.0010059832 0.0004057 0.001011 0.000404 0.0010038 0.0004046 5449 1327 3747 965 29490 347892 213 232740 80145 1327 26.2958984375 4.7119140625 0.1845703125 1.376953125
map_7 86 0 5 5 5 1 1 0.000946125 0.000463167 0.0009335334 0.00046825 0.000946 0.00046 0.0009314 0.0004666 5128 1428 3092 1041 27379 390770 33 270660 76566 1428 23.09765625 5.0830078125 0.169921875 1.3447265625
map_8 86 1 5 5 5 1 1 0.001289375 0.000577916 0.0013061668 0.0005789332 0.001286 0.000577 0.0013002 0.0005776 6902 1449 4501 1260 40887 462470 335 396566 98298 1449 29.9775390625 6.15234375 0.216796875 1.3505859375
map_9 86 0 5 5 5 1 1 0.001210834 0.000971458 0.0012207416 0.0009124752 0.001208 0.000972 0.0012184 0.0009114 6677 1675 4775 1366 38633 577747 431 466036 93814 1675 31.3154296875 6.669921875 0.158203125 1.3359375
map_0 87 0 5 5 5 1 1 0.001387167 0.001480542 0.0013864168 0.001484825 0.00138 0.001478 0.0013828 0.0014822 7319 2580 4919 1968 55337 1299974 298 967903 112028 2580 32.0185546875 9.609375 0.2109375 1.4033203125
map_1 87 1 5 5 5 1 1 0.001337708 0.00063925 0.0013518668 0.0006969248 0.001338 0.000629 0.0013498 0.0006934 7334 1584 5145 1290 40748 501008 645 415772 109069 1584 33.1220703125 6.298828125 0.205078125 1.359375
map_2 87 0 5 5 5 1 1 0.001111917 0.000235833 0.0011162668 0.0002365246 0.001108 0.000235 0.0011146 0.0002354 5960 917 3608 788 36757 176320 38 155182 88372 917 25.6171875 3.84765625 0.1669921875 1.32421875
map_3 87 1 5 5 5 1 1 0.001396333 0.000638292 0.0014119998 0.0006375834 0.001394 0.000635 0.0014112 0.0006366 7722 1619 5199 1326 46523 503995 459 439118 108435 1619 33.3857421875 6.474609375 0.1962890625 1.365234375
map_4 87 0 5 5 5 1 1 0.001243959 0.002318166 0.0012546752 0.002482325 0.001244 0.002315 0.0012532 0.0024794 6751 3311 4112 2411 39734 2029002 84 1452642 92698 3311 28.078125 11.7724609375 0.158203125 1.5673828125
map_5 87 1 5 5 5 1 1 0.001367833 0.000281333 0.0013839498 0.0002811918 0.001367 0.000281 0.0013834 0.0002808 7527 1059 4972 837 43335 219600 371 175106 107691 1059 32.27734375 4.0869140625 0.193359375 1.4267578125
map_6 87 0 5 5 5 1 1 0.000746916 0.002293584 0.0007556998 0.0022958166 0.000746 0.002294 0.000754 0.0022938 4043 3212 2262 2499 21324 2007313 45 1560075 57246 3212 19.044921875 12.2021484375 0.169921875 1.3212890625
map_7 87 1 5 5 5 1 1 0.001130292 0.000629625 0.0011446166 0.0006117252 0.001129 0.000629 0.001143 0.0006106 6248 1342 4700 1089 35668 360480 334 296211 94589 1342 30.94921875 5.3173828125 0.1875 1.3564453125
map_8 87 0 5 5 5 1 1 0.001082875 0.000288125 0.0010934998 0.0002880998 0.00108 0.000288 0.0010914 0.0002878 5872 1021 3488 858 37957 226311 49 183971 86497 1021 25.03125 4.189453125 0.1904296875 1.3330078125
map_9 87 1 5 5 5 1 1 0.000949 0.000300709 0.000964275 0.0003005918 0.000948 0.0003 0.0009628 0.0003006 5234 1048 2968 899 32350 227886 177 201908 75147 1048 22.4921875 4.3896484375 0.1611328125 1.359375
map_0 88 1 5 5 5 1 1 0.001256959 0.001653209 0.0012772166 0.0016534584 0.001257 0.001651 0.0012752 0.0016512 6923 2655 4891 2126 48193 1421831 734 1129945 106917 2655 31.8818359375 10.380859375 0.1611328125 1.34765625
map_1 88 0 5 5 5 1 1 0.001213875 0.000513666 0.0012189 0.0005148164 0.001211 0.000513 0.0012164 0.0005142 6616 1481 5131 1160 32915 417578 256 336334 97707 1481 33.0537109375 5.6640625 0.205078125 1.3857421875
map_2 88 1 5 5 5 1 1 0.001259291 0.00027175 0.0012709414 0.0002745086 0.001259 0.000271 0.0012692 0.0002724 6893 999 3781 838 35186 207991 109 175542 96814 999 26.4619140625 4.091796875 0.17578125 1.39453125
map_3 88 0 5 5 5 1 1 0.001296375 0.000599959 0.0013087166 0.0006002836 0.001293 0.000598 0.0013058 0.0005994 6897 1535 5155 1267 39451 482898 349 401040 103867 1535 33.1708984375 6.1865234375 0.2138671875 1.4150390625
map_4 88 1 5 5 5 1 1 0.001586666 0.001225708 0.0016006998 0.0013906498 0.001587 0.001223 0.001599 0.0013888 8678 2279 5108 1799 54490 1039553 821 808877 120548 2279 32.94140625 8.7841796875 0.2021484375 1.4560546875
map_5 88 0 5 5 5 1 1 0.001233041 0.000873041 0.0012487916 0.0009130748 0.00123 0.000874 0.0012462 0.0009128 6772 1692 4542 1449 35107 615969 190 524657 98409 1692 30.177734375 7.0751953125 0.2080078125 1.470703125
map_6 88 1 5 5 5 1 1 0.001109125 0.000292166 0.0011240502 0.0002947832 0.001107 0.000291 0.0011222 0.000294 6123 1027 4442 864 34443 227595 142 186579 89384 1027 29.689453125 4.21875 0.2080078125 1.3916015625
map_7 88 0 5 5 5 1 1 0.001018917 0.00111525 0.0010349252 0.0011165832 0.001019 0.001113 0.0010334 0.0011142 5597 2226 3427 1693 35597 977253 116 715951 80760 2226 24.7333984375 8.2666015625 0.17578125 1.3857421875
map_8 88 1 5 5 5 1 1 0.001223834 0.0010065 0.0012408002 0.0010288832 0.00122 0.001003 0.0012378 0.0010272 6847 2132 4661 1605 33418 874019 382 643420 95131 2132 30.7587890625 7.8369140625 0.216796875 1.353515625
map_9 88 0 5 5 5 1 1 0.000842583 0.000493666 0.0008522166 0.0004977834 0.000842 0.000492 0.0008512 0.0004962 4550 1329 2568 1156 26875 394480 4 333881 66838 1329 20.5390625 5.64453125 0.15234375 1.34765625
map_0 89 0 5 5 5 1 1 0.0012125 0.000865708 0.0012225416 0.0008692832 0.001209 0.000865 0.00122 0.0008686 6596 1945 4285 1502 42562 733068 192 563891 99515 1945 28.9228515625 7.333984375 0.193359375 1.6728515625
map_1 89 1 5 5 5 1 1 0.000976166 0.000807833 0.0009772666 0.0008088832 0.000972 0.000808 0.0009734 0.0008082 5083 1920 3326 1431 26763 693953 103 511483 77174 1920 24.240234375 6.9873046875 0.1787109375 1.3359375
map_2 89 0 5 5 5 1 1 0.001374042 0.000465833 0.0013868002 0.0004650248 0.001372 0.000464 0.0013842 0.0004638 7647 1398 5000 1080 36627 383087 620 291406 105080 1398 32.4140625 5.2734375 0.216796875 1.40625
map_3 89 1 5 5 5 1 1 0.000845542 0.004485875 0.0009322918 0.0044789582 0.000846 0.00448 0.0009244 0.0044762 4397 4486 2182 3471 25659 3973988 3 3011346 64060 4486 18.654296875 16.9482421875 0.1845703125 1.4736328125
map_4 89 0 5 5 5 1 1 0.0015405 0.001314 0.001566475 0.0013175668 0.00154 0.001314 0.001555 0.001314 7895 2398 5831 1832 49644 1107833 641 838382 115769 2398 36.4716796875 8.9453125 0.1845703125 1.4677734375
map_5 89 1 5 5 5 1 1 0.000806791 0.001839042 0.0008117084 0.0018513002 0.000806 0.001839 0.0008098 0.0018488 4302 3029 1780 2167 19868 1653012 12 1173108 57696 3028 16.69140625 10.5810546875 0.169921875 1.51171875
map_6 89 0 5 5 5 1 1 0.000907333 0.000917666 0.0009137834 0.0009184914 0.000906 0.000917 0.0009134 0.000912 4904 1934 3328 1540 24266 762821 71 592394 71287 1933 24.25 7.51953125 0.1962890625 1.365234375
map_7 89 1 5 5 5 1 1 0.0009805 0.000878958 0.000998375 0.0008872832 0.00098 0.000876 0.0009982 0.0008858 5466 1789 3626 1381 34989 636241 231 476300 79083 1789 25.705078125 6.7431640625 0.1845703125 1.388671875
map_8 89 0 5 5 5 1 1 0.000722167 0.0005695 0.0007286418 0.0005384998 0.000723 0.000568 0.0007284 0.0005376 3976 1295 2003 1030 20371 331155 7 265186 52890 1295 17.7802734375 5.029296875 0.2109375 1.4677734375
map_9 89 1 5 5 5 1 1 0.000799875 0.000253583 0.0008064998 0.0002539748 0.000799 0.000253 0.000805 0.000253 4355 971 2485 798 26308 196683 125 159137 64393 971 20.1337890625 3.896484375 0.1376953125 1.3740234375
map_0 90 1 5 5 5 1 1 0.00088625 0.0012425 0.0008902248 0.0012411414 0.000883 0.001239 0.0008884 0.001238 4674 2267 2632 1855 33089 1036177 4 859496 71427 2267 20.8515625 9.0576171875 0.1787109375 1.3623046875
map_1 90 0 5 5 5 1 1 0.001120292 0.000213583 0.0011380918 0.0002137252 0.001117 0.000214 0.0011368 0.0002138 6305 903 4896 741 34116 159220 485 137237 92717 903 31.90625 3.6181640625 0.2138671875 1.3330078125
map_2 90 1 5 5 5 1 1 0.000998167 0.002315542 0.0010100084 0.002550025 0.000995 0.002312 0.0010072 0.0025466 5369 3308 3377 2518 31041 1976171 25 1583972 80164 3308 24.4892578125 12.294921875 0.1904296875 1.423828125
map_3 90 0 5 5 5 1 1 0.001249458 0.000548417 0.0012689666 0.0005492336 0.001249 0.000548 0.0012676 0.0005482 6957 1467 4150 1204 41039 447234 347 362368 98683 1467 28.263671875 5.87890625 0.1787109375 1.517578125
map_4 90 1 5 5 5 1 1 0.001041875 0.001748125 0.00104715 0.0018763416 0.001039 0.001745 0.0010458 0.0018684 5614 2801 2795 2138 34248 1487409 87 1141879 76607 2800 21.6474609375 10.439453125 0.2021484375 1.37109375
map_5 90 0 5 5 5 1 1 0.00112775 0.001246 0.0011397498 0.001245825 0.001124 0.001243 0.0011376 0.0012438 6185 2432 3758 1810 34801 1075531 141 818298 89632 2432 26.349609375 8.837890625 0.193359375 1.306640625
map_6 90 1 5 5 5 1 1 0.001038042 0.001421042 0.0010510668 0.001418 0.001035 0.001421 0.001049 0.0014148 5652 2543 3927 1881 34429 1231838 124 883973 84491 2543 27.1748046875 9.1845703125 0.17578125 1.458984375
map_7 90 0 5 5 5 1 1 0.001233 0.000232542 0.0012653252 0.0002325418 0.00123 0.000232 0.001261 0.0002322 6391 1006 4265 741 37350 182471 252 137202 94025 1006 28.8251953125 3.6181640625 0.1787109375 1.3388671875
map_8 90 1 5 5 5 1 1 0.001159541 0.000245209 0.001172608 0.0002446584 0.001158 0.000243 0.001171 0.0002436 6351 898 3848 802 44553 184851 79 160731 92608 898 26.7890625 3.916015625 0.2373046875 1.32421875
map_9 90 0 5 5 5 1 1 0.000994458 0.000402083 0.0010014666 0.0004029666 0.000991 0.000401 0.0009996 0.0004018 5432 1186 3801 1037 29144 320100 286 268549 78009 1186 26.5595703125 5.0634765625 0.1494140625 1.32421875
map_0 91 0 5 5 5 1 1 0.001325 0.001452291 0.0013393086 0.001452125 0.001325 0.00145 0.0013374 0.0014502 7198 2566 5237 1951 40939 1276512 298 951088 108317 2566 33.5712890625 9.5263671875 0.205078125 1.39453125
map_1 91 1 5 5 5 1 1 0.0011425 0.000255625 0.0011587832 0.0002557416 0.001142 0.000255 0.0011578 0.0002552 6324 1000 4966 815 32283 193652 101 166033 95945 1000 32.248046875 3.9794921875 0.2138671875 1.39453125
map_2 91 0 5 5 5 1 1 0.000996583 0.000511166 0.0010089416 0.000511825 0.000996 0.00051 0.0010076 0.0005112 5356 1402 3466 1161 28452 415836 8 336582 79400 1402 24.923828125 5.6689453125 0.2197265625 1.3154296875
map_3 91 1 5 5 5 1 1 0.001228417 0.003972833 0.0012376668 0.00397365 0.001225 0.003972 0.0012356 0.003972 6695 4323 4160 3337 41429 3492077 187 2782395 93762 4322 28.3125 16.2939453125 0.19921875 1.4501953125
map_4 91 0 5 5 5 1 1 0.001049709 0.001281125 0.0010594588 0.0012623166 0.001047 0.001277 0.0010578 0.0012604 5713 2254 3789 1847 30630 1026839 75 852451 82902 2254 26.5009765625 9.0185546875 0.1904296875 1.388671875
map_5 91 1 5 5 5 1 1 0.001184792 0.000455792 0.0012033084 0.0004555666 0.001181 0.000455 0.0012012 0.000455 6505 1299 4350 1095 34212 367482 145 299474 94156 1299 29.240234375 5.3466796875 0.216796875 1.3681640625
map_6 91 0 5 5 5 1 1 0.000840833 0.000979584 0.0008502498 0.0009800502 0.00084 0.000977 0.0008484 0.0009784 4487 2189 2213 1596 27319 839265 21 636213 62951 2188 18.8056640625 7.79296875 0.2138671875 1.400390625
map_7 91 1 5 5 5 1 1 0.000961334 0.000419208 0.0009688418 0.0004200084 0.000958 0.000419 0.000965 0.0004192 4981 1389 2894 1012 28508 346712 34 255810 72869 1389 22.130859375 4.94140625 0.2314453125 1.39453125
map_8 91 0 5 5 5 1 1 0.001217875 0.000299167 0.0012335082 0.0002995668 0.001217 0.000299 0.001231 0.0002992 6757 1038 5115 885 38845 232906 409 195697 101119 1038 32.9755859375 4.3212890625 0.1875 1.3505859375
map_9 91 1 5 5 5 1 1 0.001286542 0.000207958 0.0013035584 0.0002077666 0.001286 0.000208 0.001302 0.0002074 7140 847 5068 731 43688 156144 574 133587 107351 847 32.74609375 3.5693359375 0.193359375 1.3505859375
