# map seed opt_first repeats opt_success con_success opt_deterministic con_deterministic opt_run_time con_run_time opt_wall_mean con_wall_mean opt_cpu_time con_cpu_time opt_cpu_mean con_cpu_mean opt_iterations con_iterations opt_nodes con_nodes opt_nn_checks con_nn_checks opt_connection_checks con_connection_checks opt_collision_checks con_collision_checks opt_tree_mem con_tree_mem opt_path_mem con_path_mem
map_0 42 1 5 5 5 1 1 0.00184125 0.000800667 0.0018598168 0.0008035002 0.00184 0.000797 0.0018584 0.0008012 9858 2075 3181 1364 69548 729208 420 464741 119327 2075 23.5322265625 6.66015625 0.263671875 1.3916015625
map_1 42 0 5 5 5 1 1 0.001562583 0.00060275 0.0015736916 0.0006031416 0.001562 0.000603 0.0015708 0.0006034 8201 1691 3769 1167 53131 539588 104 340260 108836 1691 26.4033203125 5.6982421875 0.2724609375 1.400390625
map_2 42 1 5 5 5 1 1 0.002573167 0.000964584 0.0025588748 0.000967992 0.002572 0.000963 0.0025584 0.0009672 13677 2347 5147 1446 91473 905867 671 522359 186689 2347 33.1318359375 7.060546875 0.287109375 1.44140625
map_3 42 0 5 5 5 1 1 0.001277666 0.001143 0.0012916582 0.0011446418 0.001274 0.001143 0.00129 0.0011444 6931 2668 2842 1529 45115 1118533 16 583887 99796 2668 21.876953125 7.4658203125 0.19921875 1.341796875
map_4 42 1 5 5 5 1 1 0.001914041 0.000790542 0.0019294662 0.0007917336 0.001915 0.000789 0.0019292 0.0007908 10286 2115 5228 1375 62551 693368 351 472279 147247 2115 33.52734375 6.7138671875 0.240234375 1.51171875
map_5 42 0 5 5 5 1 1 0.001867375 0.000663083 0.0018781584 0.0006651334 0.001866 0.000663 0.0018758 0.0006644 9839 1849 3749 1193 78783 612985 16 355803 134534 1849 26.3056640625 5.8251953125 0.22265625 1.4853515625
map_6 42 1 5 5 5 1 1 0.001697958 0.001093375 0.0017044334 0.0010947502 0.001695 0.001091 0.0017004 0.0010926 8691 12446 2999 1118 86287 995486 25 312258 117664 12446 22.6435546875 5.458984375 0.2314453125 1.447265625
map_7 42 0 5 5 5 1 1 0.00231125 0.000941541 0.0023119832 0.0009412168 0.002311 0.000939 0.0023082 0.0009398 11684 2585 5512 1374 75707 908895 491 471727 158225 2585 34.9140625 6.708984375 0.2607421875 1.60546875
map_8 42 1 5 5 5 1 1 0.001642041 0.0041695 0.001670925 0.0041741084 0.001641 0.004169 0.0016704 0.0041716 8850 8207 3961 2962 61699 4204633 143 2192877 122824 8207 27.3408203125 14.462890625 0.2607421875 1.7490234375
map_9 42 0 5 5 5 1 1 0.001472583 0.006983167 0.0014829582 0.0069834586 0.001469 0.006979 0.00148 0.0069798 7909 6992 3336 3940 53044 7084892 185 3879983 105039 6992 24.2890625 19.23828125 0.1962890625 1.4033203125
map_0 43 0 5 5 5 1 1 0.002061667 0.009190834 0.0020834834 0.0092764586 0.002058 0.009179 0.0020814 0.0092698 11088 8061 3553 4416 76716 9434292 235 4875163 142257 8059 25.3486328125 21.5625 0.263671875 1.96875
map_1 43 1 5 5 5 1 1 0.001389084 0.001453208 0.0013820834 0.0014641664 0.001389 0.001453 0.0013808 0.0014624 7177 2735 1346 1857 46965 1340770 31 861890 86686 2735 14.572265625 9.0673828125 0.1845703125 1.6611328125
map_2 43 0 5 5 5 1 1 0.001619375 0.001807958 0.0016406418 0.0018068666 0.001619 0.001805 0.0016394 0.0018046 8732 3747 2467 1886 57247 1818665 190 888849 119340 3747 20.0458984375 9.208984375 0.1962890625 1.5263671875
map_3 43 1 5 5 5 1 1 0.001505792 0.001515542 0.0015166832 0.0015209168 0.001505 0.001515 0.001516 0.0015196 8141 2966 2201 1869 56145 1418593 147 872564 100990 2966 18.7470703125 9.1259765625 0.2021484375 1.3974609375
map_4 43 0 5 5 5 1 1 0.001990209 0.000818417 0.0019849002 0.0008161582 0.001986 0.000818 0.0019804 0.000814 10109 2379 4757 1287 63978 748545 471 413980 145814 2379 31.2275390625 6.2841796875 0.2373046875 1.646484375
map_5 43 1 5 5 5 1 1 0.002628458 0.001766416 0.0026872084 0.001766175 0.002627 0.001763 0.0026838 0.0017634 13269 3243 4696 2009 99834 1680647 138 1008429 177687 3243 30.9296875 9.8095703125 0.2490234375 1.494140625
map_6 43 0 5 5 5 1 1 0.00268125 0.005386541 0.0026820084 0.005401925 0.00268 0.005384 0.0026562 0.0053988 13057 8879 4672 3476 118480 5243187 355 3019000 169094 8879 30.8125 16.97265625 0.2109375 1.5029296875
map_7 43 1 5 5 5 1 1 0.001598333 0.001361625 0.0016245998 0.0013728916 0.001599 0.001358 0.0016232 0.0013668 8566 2995 4669 1702 52833 1311078 547 724072 121303 2995 30.7978515625 8.310546875 0.2197265625 1.599609375
map_8 43 0 5 5 5 1 1 0.001824458 0.000939334 0.0018283166 0.000941725 0.001823 0.00094 0.0018272 0.000941 9448 4338 2996 1315 75782 885539 46 431805 128144 4338 22.62890625 6.4208984375 0.240234375 1.3271484375
map_9 43 1 5 5 5 1 1 0.001407 0.001938542 0.0014004666 0.0019382166 0.001403 0.001937 0.0013986 0.0019356 7299 3719 2792 2011 49348 1928169 248 1010229 97490 3719 21.6328125 9.8193359375 0.22265625 1.53515625
map_0 44 1 5 5 5 1 1 0.00141625 0.0008745 0.0014130586 0.0008743082 0.001415 0.000872 0.0014108 0.0008722 7500 2179 1834 1395 46054 805274 20 486342 90760 2179 16.955078125 6.8115234375 0.228515625 1.5556640625
map_1 44 0 5 5 5 1 1 0.00147225 0.0009225 0.0014851086 0.0009245002 0.001469 0.000921 0.0014824 0.0009234 7856 2226 3024 1407 55816 873211 15 494883 104491 2226 22.765625 6.8701171875 0.2109375 1.546875
map_2 44 1 5 5 5 1 1 0.001685333 0.002198708 0.0016881748 0.0022072168 0.001676 0.002197 0.0016834 0.0022048 8386 3865 2439 2172 58621 2170560 73 1178431 114695 3865 19.9091796875 10.60546875 0.193359375 1.41796875
map_3 44 0 5 5 5 1 1 0.001805417 0.001139167 0.0018178836 0.001139967 0.001805 0.001137 0.0018166 0.0011386 9589 2578 3806 1549 76010 1103958 41 599319 134048 2578 26.583984375 7.5634765625 0.234375 1.376953125
map_4 44 1 5 5 5 1 1 0.001535291 0.000426958 0.0015319 0.0004276168 0.001534 0.000428 0.0015298 0.0004274 7970 1546 3579 963 52278 363425 167 231738 108651 1546 25.4755859375 4.7021484375 0.228515625 1.5146484375
map_5 44 0 5 5 5 1 1 0.001803542 0.000424584 0.0018175916 0.0004260168 0.0018 0.000425 0.0018146 0.0004258 9722 1479 3695 947 64784 374359 47 224162 124204 1479 26.0419921875 4.6240234375 0.2314453125 1.470703125
map_6 44 1 5 5 5 1 1 0.001784708 0.000537334 0.0018131416 0.0005393254 0.001782 0.000537 0.0018114 0.000539 9596 1697 3772 1099 74956 456603 91 301875 122790 1697 26.41796875 5.3662109375 0.234375 1.44140625
map_7 44 0 5 5 5 1 1 0.001620875 0.00070925 0.0016317496 0.0007101166 0.00162 0.000708 0.0016194 0.0007078 8072 1966 4013 1219 69755 655326 80 371166 117351 1966 27.5947265625 5.9521484375 0.2314453125 1.4033203125
map_8 44 1 5 5 5 1 1 0.001733542 0.001458917 0.0017491334 0.0014835416 0.001733 0.001456 0.0017482 0.0014758 9235 3129 4024 1743 69030 1407660 80 759328 127632 3129 27.6484375 8.5107421875 0.2431640625 1.4560546875
map_9 44 0 5 5 5 1 1 0.001752417 0.005417333 0.0017967164 0.0054150664 0.001751 0.005414 0.0017902 0.0054124 8853 6157 3153 3443 51954 5516559 564 2962991 116957 6157 23.3955078125 16.8115234375 0.2138671875 1.32421875
map_0 45 0 5 5 5 1 1 0.001771625 0.001554 0.0017686748 0.0015572166 0.001772 0.001551 0.0017664 0.0015558 9255 3276 4445 1847 57483 1483986 262 852077 115509 3276 29.7041015625 9.0185546875 0.251953125 1.4619140625
map_1 45 1 5 5 5 1 1 0.001913625 0.00144725 0.0019036082 0.0014888166 0.001912 0.001447 0.0019028 0.0014864 9923 3900 5329 1799 65302 1325540 168 808712 134539 3900 34.0205078125 8.7841796875 0.2314453125 1.6376953125
map_2 45 0 5 5 5 1 1 0.001807125 0.000659667 0.0018296584 0.0006594998 0.001806 0.000657 0.0018268 0.000658 9610 1782 4247 1251 88490 567693 285 390807 129629 1782 28.7373046875 6.1083984375 0.2578125 1.3828125
map_3 45 1 5 5 5 1 1 0.001710333 0.001739083 0.001753075 0.0017370582 0.001709 0.001734 0.0017488 0.001734 9337 3360 2971 1985 55366 1641054 50 985047 122306 3360 22.5068359375 9.6923828125 0.240234375 1.8134765625
map_4 45 0 5 5 5 1 1 0.001789917 0.000831292 0.0018017752 0.0008293164 0.00179 0.000831 0.0017998 0.0008292 9727 2161 5137 1354 62598 755012 192 457832 132181 2161 33.0830078125 6.611328125 0.251953125 1.458984375
map_5 45 1 5 5 5 1 1 0.001801667 0.002610542 0.0018341916 0.0026132834 0.001801 0.002606 0.0018294 0.0026092 9046 4177 3865 2370 72136 2582349 60 1404212 122633 4177 26.8720703125 11.572265625 0.24609375 1.775390625
map_6 45 0 5 5 5 1 1 0.00172225 0.000834959 0.00177195 0.0008413252 0.001712 0.000835 0.0017598 0.00084 8958 4584 3399 1224 66965 787770 156 374189 122149 4584 24.5966796875 5.9765625 0.2548828125 1.4150390625
map_7 45 1 5 5 5 1 1 0.00155225 0.000822792 0.0015552166 0.0008223416 0.001553 0.00082 0.001553 0.0008214 8187 2136 3126 1360 64986 750465 10 461971 114649 2136 23.263671875 6.640625 0.251953125 1.3740234375
map_8 45 0 5 5 5 1 1 0.00215875 0.002105375 0.0021092084 0.0021055832 0.002159 0.002105 0.0021012 0.0021038 9902 5391 4709 2136 70823 2018419 116 1140581 138790 5391 30.9931640625 10.4296875 0.251953125 1.7724609375
map_9 45 1 5 5 5 1 1 0.001779875 0.000366167 0.0017903498 0.0003657166 0.001779 0.000365 0.0017886 0.0003656 9299 1352 5148 889 61407 315290 752 197507 122989 1352 33.13671875 4.3408203125 0.2109375 1.5
map_0 46 1 5 5 5 1 1 0.001799833 0.000601375 0.0018170832 0.000602908 0.001796 0.000601 0.0018156 0.0006014 9632 1819 3958 1153 67375 538783 128 332182 127618 1819 27.326171875 5.6298828125 0.2666015625 1.44140625
map_1 46 0 5 5 5 1 1 0.001540667 0.000570625 0.0015433832 0.0005792668 0.001541 0.00057 0.0015426 0.0005766 8127 1634 2777 1166 62356 486844 52 339553 99910 1634 21.5595703125 5.693359375 0.234375 1.32421875
map_2 46 1 5 5 5 1 1 0.001615208 0.001307042 0.0016287668 0.0013065 0.001614 0.001303 0.001627 0.001304 8700 2663 3452 1736 65969 1217236 168 753423 114721 2663 24.85546875 8.4765625 0.29296875 1.4736328125
map_3 46 0 5 5 5 1 1 0.00149325 0.001807166 0.0014870748 0.0018128832 0.001489 0.001806 0.0014858 0.001811 7939 8751 3729 1864 51640 1713240 27 868407 109876 8751 26.2080078125 9.1015625 0.205078125 1.541015625
map_4 46 1 5 5 5 1 1 0.001851042 0.000840458 0.0018601086 0.0008454666 0.00185 0.000839 0.0018598 0.0008438 9850 2159 4437 1410 66220 746698 213 496496 138449 2159 29.6650390625 6.884765625 0.2548828125 1.3857421875
map_5 46 0 5 5 5 1 1 0.00175475 0.002513708 0.0017780584 0.0025560998 0.00174 0.002514 0.0017624 0.002548 8683 3912 3766 2412 63185 2398043 276 1453900 114387 3912 26.388671875 11.77734375 0.234375 1.376953125
map_6 46 1 5 5 5 1 1 0.001871667 0.000810625 0.0018401832 0.0008219334 0.001859 0.00081 0.0018168 0.0008182 8691 2971 3477 1270 90847 741145 211 403082 109691 2971 24.9775390625 6.201171875 0.193359375 1.46484375
map_7 46 0 5 5 5 1 1 0.001838958 0.00368125 0.0018576332 0.003675975 0.001838 0.003678 0.001847 0.0036744 9120 4771 4346 2895 67694 3583575 81 2095126 125990 4771 29.220703125 14.1357421875 0.2255859375 1.5322265625
map_8 46 1 5 5 5 1 1 0.002200625 0.000477458 0.0022212086 0.0004766916 0.002198 0.000474 0.0022126 0.0004754 11257 2766 4935 896 84335 434012 698 200631 153019 2766 32.0966796875 4.375 0.2958984375 1.4296875
map_9 46 0 5 5 5 1 1 0.001422792 0.000613625 0.0014385668 0.0006223418 0.001419 0.000612 0.0014368 0.0006194 7782 2181 3032 1127 50789 548101 252 317394 102897 2181 22.8046875 5.5029296875 0.1875 1.5
map_0 47 0 5 5 5 1 1 0.001664959 0.001467084 0.0016760334 0.0014635334 0.001661 0.001466 0.0016738 0.0014608 8962 2988 2476 1737 62824 1389196 295 753736 106168 2988 20.08984375 8.4814453125 0.251953125 1.3916015625
map_1 47 1 5 5 5 1 1 0.00161975 0.007224792 0.0016253166 0.0072286584 0.001619 0.007222 0.0016216 0.0072256 7962 7105 2764 4121 65781 7179000 59 4244493 105257 7103 21.49609375 20.1220703125 0.2255859375 1.330078125
map_2 47 0 5 5 5 1 1 0.001821583 0.001653583 0.0018334082 0.0016620248 0.001819 0.001651 0.0018292 0.0016556 9154 3101 2430 1950 66924 1505982 33 950006 125521 3101 19.865234375 9.521484375 0.2578125 1.435546875
map_3 47 1 5 5 5 1 1 0.002222166 0.001029375 0.0022666084 0.0010390414 0.002221 0.001026 0.0022586 0.0010382 11268 2303 5243 1500 81985 949631 514 562066 156254 2303 33.6005859375 7.32421875 0.1904296875 1.4208984375
map_4 47 0 5 5 5 1 1 0.001911708 0.003379833 0.0019287664 0.0033744334 0.00191 0.003372 0.0019258 0.0033672 10385 4654 5210 2738 66918 3222306 440 1873238 146354 4654 33.439453125 13.369140625 0.2314453125 1.529296875
map_5 47 1 5 5 5 1 1 0.002458875 0.00117525 0.0024694332 0.001200425 0.002458 0.001175 0.002469 0.0011904 13116 3050 5668 1506 102004 1160639 475 566865 178535 3050 35.67578125 7.353515625 0.240234375 1.6611328125
map_6 47 0 5 5 5 1 1 0.002297417 0.006116084 0.0023136752 0.0061214002 0.002297 0.00611 0.0023116 0.0061174 12179 6685 4337 3681 102321 6090002 204 3387184 164937 6685 29.1767578125 17.9736328125 0.2607421875 1.81640625
map_7 47 1 5 5 5 1 1 0.001901083 0.004376708 0.0019128418 0.0043795084 0.001899 0.004373 0.0019116 0.0043786 10213 5574 4487 3073 67579 4442163 290 2359704 139703 5574 29.9091796875 15.0048828125 0.240234375 1.482421875
map_8 47 0 5 5 5 1 1 0.001784083 0.002268708 0.0017918916 0.0022952084 0.001783 0.002269 0.0017896 0.0022902 9504 5662 3624 2182 69309 2197720 53 1190037 123947 5662 25.6953125 10.654296875 0.275390625 1.8486328125
map_9 47 1 5 5 5 1 1 0.001146375 0.002804959 0.0011788916 0.00280575 0.001145 0.002802 0.0011784 0.0028036 6180 4279 2474 2514 41711 2752447 3 1579408 82866 4279 20.080078125 12.275390625 0.228515625 1.5087890625
map_0 48 1 5 5 5 1 1 0.001846541 0.000217959 0.0018576166 0.0002176334 0.001846 0.000216 0.0018572 0.0002162 9865 993 3451 694 81370 172866 264 120407 121238 993 24.8505859375 3.388671875 0.2666015625 1.3359375
map_1 48 0 5 5 5 1 1 0.001821 0.001300625 0.001831125 0.0013041586 0.00182 0.001292 0.0018306 0.0013016 9794 2858 4397 1595 72391 1196019 402 635469 124217 2858 29.4697265625 7.7880859375 0.2666015625 1.470703125
map_2 48 1 5 5 5 1 1 0.001719167 0.000579917 0.0017345502 0.0005821004 0.001718 0.000578 0.0017334 0.0005812 9166 1867 3470 1105 62525 521845 61 304998 126635 1867 24.943359375 5.3955078125 0.2080078125 1.4970703125
map_3 48 0 5 5 5 1 1 0.001589958 0.002958291 0.0016090164 0.0030111084 0.001587 0.002954 0.0016062 0.0030068 8699 4512 3656 2515 61650 2827962 161 1580547 106824 4512 25.8515625 12.2802734375 0.2197265625 1.3564453125
map_4 48 1 5 5 5 1 1 0.001621584 0.007341292 0.0016469252 0.0073432416 0.001619 0.007339 0.001645 0.0073414 8701 7489 4040 3992 49191 7587527 59 3983270 123388 7489 27.7265625 19.4921875 0.2548828125 1.787109375
map_5 48 0 5 5 5 1 1 0.002238625 0.000620291 0.0022522414 0.000622608 0.002236 0.00062 0.0022502 0.0006222 11792 1921 4094 1128 97225 578264 99 317789 151130 1921 27.990234375 5.5078125 0.28125 1.4150390625
map_6 48 1 5 5 5 1 1 0.002271542 0.002157292 0.0022509668 0.0021580332 0.002268 0.002155 0.0022466 0.0021548 11492 21312 5334 1980 71036 1811453 800 980039 150355 21312 34.044921875 9.66796875 0.22265625 1.6376953125
map_7 48 0 5 5 5 1 1 0.002196625 0.000803208 0.0022082248 0.0008016502 0.002193 0.000802 0.0022018 0.0008016 11193 2007 5040 1349 105209 698962 162 454522 152643 2006 32.609375 6.5869140625 0.2900390625 1.39453125
map_8 48 1 5 5 5 1 1 0.001700916 0.000533917 0.0017318996 0.000543525 0.001699 0.000533 0.0017278 0.0005418 8726 1572 3038 1046 58939 436834 37 273335 115064 1572 22.833984375 5.107421875 0.2138671875 1.3505859375
map_9 48 0 5 5 5 1 1 0.001808125 0.001079 0.0018568416 0.0010856332 0.001805 0.001078 0.0018516 0.001085 9151 2508 3825 1594 54599 974801 209 634643 121137 2508 26.6767578125 7.783203125 0.216796875 1.5087890625
map_0 49 0 5 5 5 1 1 0.00187425 0.00025525 0.0018741168 0.0002566248 0.001871 0.000255 0.0018716 0.0002562 10021 1038 3823 774 62433 206470 654 149715 132850 1038 26.6669921875 3.779296875 0.22265625 1.4091796875
map_1 49 1 5 5 5 1 1 0.001929375 0.001436291 0.0019253916 0.0014384246 0.00193 0.001431 0.0019228 0.0014348 9974 2764 4136 1843 75739 1321407 419 848465 127832 2764 28.1953125 8.9990234375 0.228515625 1.400390625
map_2 49 0 5 5 5 1 1 0.002290333 0.000368667 0.0022948166 0.0003684164 0.002287 0.000368 0.002292 0.0003678 12174 1425 4113 887 93736 316873 119 196673 164806 1425 28.0830078125 4.3310546875 0.2548828125 1.5205078125
map_3 49 1 5 5 5 1 1 0.001903917 0.002438333 0.0019078004 0.0024417418 0.001903 0.002436 0.0019072 0.0024398 10035 3954 5114 2345 72455 2362080 315 1374752 136150 3954 32.970703125 11.4501953125 0.2373046875 1.7197265625
map_4 49 0 5 5 5 1 1 0.001439375 0.000935667 0.0014565416 0.000936917 0.001438 0.000934 0.0014546 0.0009354 7754 2667 3353 1428 45979 863024 22 509307 113791 2667 24.3720703125 6.97265625 0.2431640625 1.4033203125
map_5 49 1 5 5 5 1 1 0.001825375 0.002133209 0.0018417496 0.0021334334 0.001822 0.00213 0.001839 0.0021306 9775 3972 4147 2118 78364 2111758 91 1120947 133605 3972 28.2490234375 10.341796875 0.2548828125 1.4765625
map_6 49 0 5 5 5 1 1 0.00201925 0.001043958 0.0020447668 0.0010475666 0.00202 0.001043 0.0020432 0.0010464 10904 7157 5266 1351 91688 949764 313 455899 141690 7156 33.712890625 6.5966796875 0.216796875 1.4501953125
map_7 49 1 5 5 5 1 1 0.001147125 0.002815333 0.0011536666 0.0028163914 0.001142 0.002813 0.001151 0.0028138 6060 4411 2358 2485 65897 2794192 28 1543417 85592 4410 19.513671875 12.1337890625 0.2138671875 1.7607421875
map_8 49 0 5 5 5 1 1 0.001713459 0.000844875 0.0017225336 0.00084775 0.001713 0.000844 0.0017222 0.0008462 8913 3008 3451 1300 85823 793477 64 422146 121382 3008 24.8505859375 6.34765625 0.240234375 1.4560546875
map_9 49 1 5 5 5 1 1 0.001571125 0.000393917 0.0015861834 0.0003932666 0.001568 0.000392 0.0015842 0.0003922 8455 1459 4089 944 62429 327742 209 222679 112390 1459 27.9658203125 4.609375 0.2607421875 1.4619140625
map_0 50 1 5 5 5 1 1 0.001826833 0.004240625 0.0018455416 0.0042419916 0.001824 0.00424 0.0018432 0.0042412 9908 5839 4474 3086 72391 4225391 844 2380535 122341 5838 29.845703125 15.068359375 0.228515625 1.822265625
map_1 50 0 5 5 5 1 1 0.001783917 0.001737125 0.0017830746 0.0017708832 0.00178 0.001725 0.0017798 0.0017684 9432 5359 3206 1879 63784 1631853 347 881917 114145 5359 23.654296875 9.1748046875 0.234375 1.4765625
map_2 50 1 5 5 5 1 1 0.002075375 0.000847667 0.0020886334 0.0008481666 0.002073 0.000846 0.0020872 0.000846 11099 2090 4124 1383 75844 775096 498 477644 149486 2090 28.13671875 6.7529296875 0.240234375 1.3447265625
map_3 50 0 5 5 5 1 1 0.001918959 0.000467667 0.0019303668 0.0004674502 0.001916 0.000467 0.0019284 0.0004666 10292 1454 5606 1011 74985 415014 477 255283 135952 1454 35.373046875 4.9365234375 0.234375 1.365234375
map_4 50 1 5 5 5 1 1 0.001718416 0.001951 0.0017145082 0.0019533668 0.001716 0.001951 0.0017114 0.0019524 8836 3716 4078 2042 56015 1906227 149 1042415 117830 3715 27.912109375 9.970703125 0.2607421875 1.8369140625
map_5 50 0 5 5 5 1 1 0.003338791 0.003336542 0.00334995 0.0033621918 0.003332 0.003337 0.0033466 0.0033602 17664 4955 6694 2604 135183 3459160 313 1694266 227438 4955 40.685546875 12.71484375 0.2548828125 1.48828125
map_6 50 1 5 5 5 1 1 0.001532041 0.002345042 0.0015494164 0.0023455584 0.001529 0.002344 0.0015464 0.0023432 7984 6862 2754 2273 68794 2207179 50 1290848 97889 6862 21.447265625 11.0986328125 0.24609375 1.4853515625
map_7 50 0 5 5 5 1 1 0.001587334 0.001119458 0.0016021002 0.0011234244 0.001587 0.001118 0.0015994 0.0011228 8626 2384 4496 1642 55172 1011459 177 673367 119252 2384 29.953125 8.017578125 0.2021484375 1.3271484375
map_8 50 1 5 5 5 1 1 0.002112291 0.0080365 0.0021223666 0.0080318582 0.002112 0.008034 0.0021208 0.0080264 11275 8888 4477 4308 92181 7945279 274 4638032 148821 8887 29.8603515625 21.03515625 0.2431640625 1.4853515625
map_9 50 0 5 5 5 1 1 0.002174958 0.003251583 0.0021551498 0.0032505416 0.002174 0.00325 0.0021524 0.003249 11445 5158 5589 2656 72115 3248373 798 1762487 149346 5158 35.2900390625 12.96875 0.228515625 1.5
map_0 51 0 5 5 5 1 1 0.001749125 0.000267625 0.0017663834 0.0002756668 0.001747 0.000267 0.0017644 0.0002756 9496 1010 3705 805 68030 209373 244 161926 115189 1010 26.0908203125 3.9306640625 0.2373046875 1.34765625
map_1 51 1 5 5 5 1 1 0.001777542 0.001196166 0.0018091336 0.0012000334 0.001775 0.001195 0.0018056 0.001198 9496 2482 3466 1652 55624 1120497 262 682058 124223 2482 24.923828125 8.06640625 0.205078125 1.552734375
map_2 51 0 5 5 5 1 1 0.002330917 0.001635083 0.002331725 0.0016361582 0.00233 0.001635 0.0023306 0.0016352 12474 3065 5381 1936 84345 1552150 526 936712 156034 3065 34.2744140625 9.453125 0.2314453125 1.6494140625
map_3 51 1 5 5 5 1 1 0.002600084 0.002125417 0.0026028504 0.0021247332 0.002597 0.002122 0.0025994 0.0021222 13501 3610 5885 2178 82775 2061982 634 1185108 183993 3610 36.7353515625 10.634765625 0.2431640625 1.4267578125
map_4 51 0 5 5 5 1 1 0.00206925 0.00667675 0.0020837086 0.0067678916 0.00207 0.006673 0.0020834 0.0067636 11092 6886 5497 3937 75098 6663426 603 3874500 155486 6886 34.8408203125 19.2236328125 0.2314453125 1.7255859375
map_5 51 1 5 5 5 1 1 0.002127417 0.000377 0.0021962334 0.0003770166 0.002127 0.000377 0.0021898 0.0003766 10761 1357 4789 898 86485 329903 283 201520 142802 1357 31.3837890625 4.384765625 0.1875 1.4443359375
map_6 51 0 5 5 5 1 1 0.001983334 0.002519125 0.001997525 0.002520425 0.00198 0.002517 0.0019948 0.0025182 10527 12017 4000 1956 95916 2621611 167 955868 142453 12017 27.53125 9.55078125 0.2490234375 1.693359375
map_7 51 1 5 5 5 1 1 0.001644334 0.000352709 0.0016525 0.000352517 0.001644 0.000353 0.0016516 0.0003526 8663 1457 3807 850 89015 306198 95 180623 119802 1457 26.5888671875 4.150390625 0.234375 1.41796875
map_8 51 0 5 5 5 1 1 0.00203025 0.010370083 0.0020448334 0.010396475 0.002031 0.010368 0.0020448 0.0103946 10857 8810 5698 4955 79205 10381005 235 6136976 150681 8809 35.822265625 24.1943359375 0.2109375 1.9951171875
map_9 51 1 5 5 5 1 1 0.002069917 0.00068425 0.0020472 0.0006834836 0.002069 0.000683 0.0020468 0.0006826 10370 1924 5318 1232 67869 619078 350 379169 137455 1924 33.966796875 6.015625 0.240234375 1.4619140625
map_0 52 1 5 5 5 1 1 0.002022584 0.001450834 0.0020324 0.0014521 0.002022 0.001448 0.002032 0.0014494 10743 2945 3772 1795 83602 1385861 370 804962 144087 2945 26.41796875 8.7646484375 0.240234375 1.37109375
map_1 52 0 5 5 5 1 1 0.00152625 0.003978209 0.0015299668 0.0039783168 0.001526 0.003975 0.0015294 0.0039752 8014 5443 2141 2878 58848 4109811 10 2070327 94719 5443 18.4541015625 14.052734375 0.2197265625 1.693359375
map_2 52 1 5 5 5 1 1 0.002182208 0.001291917 0.00218215 0.0012915668 0.002179 0.00129 0.0021796 0.0012896 11518 2697 4378 1724 72740 1192884 681 742309 160016 2697 29.376953125 8.41796875 0.22265625 1.3388671875
map_3 52 0 5 5 5 1 1 0.001647458 0.002060291 0.0016601748 0.0020683498 0.001646 0.002057 0.0016586 0.0020646 8850 3793 3603 2138 60635 1987771 150 1142109 118562 3792 25.5927734375 10.439453125 0.1875 1.353515625
map_4 52 1 5 5 5 1 1 0.001851458 0.005653708 0.0018606 0.0056654918 0.001852 0.005647 0.0018592 0.0056508 9865 5945 4110 3515 61447 5388042 97 3087156 137605 5945 28.068359375 17.1630859375 0.2373046875 1.4267578125
map_5 52 0 5 5 5 1 1 0.00258675 0.000445 0.002565375 0.0004456 0.002584 0.000445 0.002562 0.0004454 13436 1423 6107 1017 108252 382421 1109 258449 177874 1423 37.8193359375 4.9658203125 0.2138671875 1.4443359375
map_6 52 1 5 5 5 1 1 0.002054792 0.001077833 0.0020627584 0.0010980664 0.002051 0.001077 0.0020616 0.001092 11028 2763 3918 1518 74950 1008730 198 575664 134916 2762 27.130859375 7.412109375 0.2490234375 1.5263671875
map_7 52 0 5 5 5 1 1 0.001724542 0.000728666 0.0017324836 0.0007315166 0.001721 0.000728 0.0017302 0.0007306 9130 2201 4815 1157 64931 724785 218 334397 130655 2201 31.5107421875 5.6494140625 0.2490234375 1.3857421875
map_8 52 1 5 5 5 1 1 0.001867792 0.000524875 0.0018709002 0.000529625 0.001866 0.000524 0.001869 0.0005286 9820 2942 2913 1051 77374 443110 49 275953 132062 2942 22.2236328125 5.1318359375 0.228515625 1.3740234375
map_9 52 0 5 5 5 1 1 0.001489 0.003842833 0.0014835668 0.0039462834 0.001488 0.003836 0.0014802 0.0039384 7401 5151 2020 2924 50927 3831267 24 2137169 91447 5150 17.86328125 14.27734375 0.1904296875 1.7431640625
map_0 53 0 5 5 5 1 1 0.002139083 0.000637666 0.0021484666 0.0006398166 0.002139 0.000634 0.0021476 0.000639 11419 1790 4085 1204 73079 563347 286 362229 155537 1790 27.9462890625 5.87890625 0.1904296875 1.4619140625
map_1 53 1 5 5 5 1 1 0.002174917 0.000609625 0.0021898582 0.0006145834 0.002174 0.000608 0.0021896 0.0006128 11713 1694 4470 1222 82306 520671 209 372937 161818 1694 29.826171875 5.966796875 0.234375 1.3623046875
map_2 53 0 5 5 5 1 1 0.002429125 0.003179834 0.0024712418 0.0031795668 0.002428 0.003178 0.00247 0.0031718 12832 4541 4326 2659 128074 3103130 121 1767242 171720 4541 29.123046875 12.9833984375 0.26953125 1.7021484375
map_3 53 1 5 5 5 1 1 0.002199166 0.000540375 0.00220815 0.0005426336 0.002196 0.000539 0.0022062 0.0005414 11612 2483 5849 1036 92184 481274 1062 268143 157832 2483 36.5595703125 5.05859375 0.205078125 1.4443359375
map_4 53 0 5 5 5 1 1 0.001879042 0.003782375 0.0018964418 0.003816325 0.001879 0.003779 0.001895 0.0038124 10010 5128 4464 2892 66157 3771466 79 2090857 140120 5128 29.796875 14.12109375 0.2431640625 1.400390625
map_5 53 1 5 5 5 1 1 0.001503958 0.00415375 0.0014909498 0.004154675 0.001501 0.004152 0.0014892 0.0041528 8051 5252 3301 3046 53998 4168449 91 2318872 100770 5252 24.1181640625 14.873046875 0.234375 1.7578125
map_6 53 0 5 5 5 1 1 0.001991833 0.000593417 0.00197985 0.0005966918 0.001991 0.000592 0.001978 0.0005952 10012 1713 4369 1145 84297 527536 154 327367 145777 1713 29.3330078125 5.5908203125 0.216796875 1.37109375
map_7 53 1 5 5 5 1 1 0.001966583 0.000230208 0.0019812998 0.0002307 0.001966 0.00023 0.00198 0.0002306 10420 992 4953 744 103952 180458 372 138303 143035 992 32.1845703125 3.6328125 0.2373046875 1.3447265625
map_8 53 0 5 5 5 1 1 0.001948291 0.0015385 0.001959133 0.0015421082 0.001945 0.001535 0.0019566 0.0015402 10332 13199 3665 1579 74692 1381983 138 623046 143834 13199 25.8955078125 7.7099609375 0.228515625 1.564453125
map_9 53 1 5 5 5 1 1 0.001559584 0.0019555 0.0015926752 0.0019562084 0.00156 0.001952 0.0015874 0.0019532 8390 3727 3700 2097 57542 1875763 98 1099229 110208 3727 26.06640625 10.2392578125 0.2431640625 1.833984375
map_0 54 1 5 5 5 1 1 0.001958 0.000817208 0.0019706584 0.0008182998 0.001959 0.000814 0.0019694 0.000816 10460 2101 4499 1362 62097 739599 250 463357 138669 2101 29.9677734375 6.650390625 0.24609375 1.39453125
map_1 54 0 5 5 5 1 1 0.00177725 0.001039708 0.0017969164 0.0010992666 0.001777 0.001039 0.0017954 0.0010962 9678 2542 4136 1520 75200 983729 332 577123 123350 2542 28.1953125 7.421875 0.234375 1.4033203125
map_2 54 1 5 5 5 1 1 0.001989584 0.000277959 0.0020335084 0.0002785166 0.001989 0.000278 0.002029 0.0002784 10576 1091 3121 806 85942 226744 92 162352 140040 1091 23.2392578125 3.935546875 0.19921875 1.3740234375
map_3 54 0 5 5 5 1 1 0.001799375 0.000635833 0.0018018834 0.0006510998 0.00179 0.000636 0.0017886 0.000651 8871 8768 3408 750 69691 578026 160 140582 125300 8768 24.640625 3.662109375 0.2255859375 1.3740234375
map_4 54 1 5 5 5 1 1 0.001853166 0.004479125 0.001883558 0.0044756668 0.00185 0.004475 0.0018804 0.0044724 9797 5858 3972 3173 80937 4397303 137 2516674 136780 5858 27.39453125 15.4931640625 0.2431640625 1.8955078125
map_5 54 0 5 5 5 1 1 0.001648125 0.000856625 0.00166565 0.000868125 0.001647 0.000857 0.001664 0.0008582 8938 3203 3896 1207 56237 799288 71 364164 112497 3203 27.0234375 5.8935546875 0.2490234375 1.5322265625
map_6 54 1 5 5 5 1 1 0.002019792 0.009022083 0.0020794998 0.0090327252 0.002019 0.009019 0.0020788 0.00903 10374 86324 4326 1376 91757 10926869 62 473216 143695 86320 29.123046875 6.71875 0.234375 1.5498046875
map_7 54 0 5 5 5 1 1 0.001932458 0.000471833 0.0019422582 0.0004731582 0.001932 0.000472 0.0019394 0.000473 10370 1576 5040 1022 66478 411790 338 260872 146235 1576 32.609375 4.990234375 0.228515625 1.37109375
map_8 54 1 5 5 5 1 1 0.002138625 0.000592666 0.0021579836 0.0005941998 0.002138 0.000592 0.0021558 0.0005938 11305 7553 5359 838 93151 512636 206 175489 156107 7553 34.1669921875 4.091796875 0.216796875 1.3916015625
map_9 54 0 5 5 5 1 1 0.001935416 0.001847 0.0019598246 0.0018437498 0.001935 0.001833 0.0019582 0.0018366 10337 3403 5062 1993 60835 1667792 324 992446 135150 3403 32.716796875 9.7314453125 0.3076171875 1.4765625
map_0 55 0 5 5 5 1 1 0.002102208 0.000384125 0.0021345164 0.0003883916 0.002099 0.000382 0.002131 0.0003876 11023 1362 4056 917 82793 310165 211 210039 138267 1362 27.8046875 4.4775390625 0.2314453125 1.3916015625
map_1 55 1 5 5 5 1 1 0.001651833 0.002271917 0.001663675 0.0022537998 0.001652 0.002268 0.0016628 0.0022488 8880 3683 2407 2213 64417 2151917 88 1224218 104448 3682 19.7529296875 10.8056640625 0.2138671875 1.7578125
map_2 55 0 5 5 5 1 1 0.001903166 0.001195375 0.0019257168 0.0012033918 0.0019 0.001194 0.0019236 0.0012018 10329 3197 3653 1560 71523 1160621 371 607815 140090 3197 25.8369140625 7.6171875 0.2080078125 1.3623046875
map_3 55 1 5 5 5 1 1 0.001838542 0.000579917 0.0018654002 0.00058025 0.001837 0.000579 0.001864 0.0005788 9806 1721 4300 1110 66303 529168 91 307789 127607 1721 28.99609375 5.419921875 0.228515625 1.3857421875
map_4 55 0 5 5 5 1 1 0.002173167 0.000760875 0.0021691334 0.0007690748 0.002171 0.000761 0.0021648 0.0007662 11197 2050 5278 1296 67221 653034 713 419677 150016 2050 33.771484375 6.328125 0.2490234375 1.599609375
map_5 55 1 5 5 5 1 1 0.002216667 0.002871292 0.0022498586 0.0028699332 0.002216 0.002867 0.0022486 0.002866 11218 4049 4403 2543 105110 2757038 303 1615957 144467 4049 29.4990234375 12.4169921875 0.2373046875 1.5146484375
map_6 55 0 5 5 5 1 1 0.002333875 0.003414791 0.0023766748 0.003419175 0.002328 0.003412 0.002363 0.0034174 11414 10147 4817 2520 83372 3507465 317 1586709 150295 10147 31.5205078125 12.3046875 0.2255859375 1.458984375
map_7 55 1 5 5 5 1 1 0.002494125 0.000411333 0.0025110168 0.0004132168 0.002494 0.000409 0.0025082 0.0004114 13083 1399 6624 981 96169 343296 566 240383 186049 1399 40.34375 4.7900390625 0.2783203125 1.447265625
map_8 55 0 5 5 5 1 1 0.002052542 0.001160416 0.0020718 0.0011601834 0.002052 0.001158 0.0020698 0.0011582 11061 3346 4905 1637 83163 1045175 335 669929 150097 3346 31.9501953125 7.9931640625 0.216796875 1.640625
map_9 55 1 5 5 5 1 1 0.001749125 0.001532209 0.0017614582 0.0015313586 0.001749 0.00153 0.0017608 0.0015302 9392 3862 4035 1767 66696 1502669 380 780113 123498 3862 27.7021484375 8.6279296875 0.2607421875 1.6435546875
map_0 56 1 5 5 5 1 1 0.001781959 0.003046708 0.0017939416 0.0030492332 0.001782 0.003045 0.001793 0.0030456 9728 4373 4110 2647 57051 2964624 139 1750463 125687 4373 28.068359375 12.9248046875 0.24609375 1.44140625
map_1 56 0 5 5 5 1 1 0.001546917 0.006544875 0.0015563918 0.0065440752 0.001547 0.006542 0.0015532 0.0065414 8341 6277 3101 3979 55324 6400212 72 3956283 104101 6276 23.1416015625 19.4287109375 0.1904296875 1.4736328125
map_2 56 1 5 5 5 1 1 0.001909375 0.000427875 0.0019230084 0.0004294166 0.001909 0.000427 0.0019222 0.0004284 10068 1368 4360 1035 69644 351481 82 267645 136880 1368 29.2890625 5.0537109375 0.2490234375 1.4033203125
map_3 56 0 5 5 5 1 1 0.001390208 0.000692875 0.0014035334 0.0006957002 0.001389 0.000692 0.0014014 0.000695 7545 1772 3554 1288 52232 611386 81 414472 98294 1772 25.353515625 6.2890625 0.2607421875 1.39453125
map_4 56 1 5 5 5 1 1 0.001500791 0.00108975 0.0015219164 0.0010896666 0.001501 0.001087 0.00152 0.001088 8115 3899 3186 1342 55094 1119749 111 450173 109827 3898 23.556640625 6.552734375 0.2666015625 1.5205078125
map_5 56 0 5 5 5 1 1 0.002055875 0.001369625 0.0020686418 0.0013704668 0.002052 0.001366 0.0020656 0.0013692 11178 2983 4461 1719 79788 1319045 502 738565 145585 2983 29.7822265625 8.3935546875 0.2607421875 1.658203125
map_6 56 1 5 5 5 1 1 0.001799666 0.003633417 0.0018100998 0.0036338752 0.001797 0.003633 0.0018082 0.0036318 9532 4867 3727 2866 77401 3591969 37 2053186 124223 4867 26.1982421875 13.994140625 0.2109375 1.798828125
map_7 56 0 5 5 5 1 1 0.002007125 0.000328625 0.0020304332 0.0003290748 0.002004 0.000329 0.0020278 0.0003292 10702 1343 5636 853 96518 275655 280 181834 152147 1343 35.51953125 4.1650390625 0.24609375 1.400390625
map_8 56 1 5 5 5 1 1 0.001973417 0.001025042 0.0019797584 0.0010256666 0.00197 0.001025 0.0019776 0.0010252 10398 10706 5035 964 69625 1023368 251 232300 140027 10706 32.5849609375 4.70703125 0.2138671875 1.5263671875
map_9 56 0 5 5 5 1 1 0.001923042 0.003147792 0.0019317334 0.0031485416 0.001922 0.003145 0.0019288 0.0031456 10251 4376 5479 2717 67721 3044293 435 1845489 135835 4375 34.7529296875 13.2666015625 0.251953125 1.3154296875
map_0 57 0 5 5 5 1 1 0.001538875 0.002709917 0.0015479752 0.0027116166 0.001539 0.00271 0.0015476 0.0027112 8251 4568 2670 2431 51702 2686889 9 1476341 110003 4568 21.037109375 11.8701171875 0.2373046875 1.3330078125
map_1 57 1 5 5 5 1 1 0.001562292 0.00046075 0.00157875 0.0004690084 0.001562 0.00046 0.001577 0.0004682 8479 1675 3160 966 55766 412481 76 233214 117174 1675 23.4296875 4.716796875 0.2080078125 1.435546875
map_2 57 0 5 5 5 1 1 0.001686208 0.007775625 0.0016803 0.0077842916 0.001685 0.007773 0.0016776 0.0077822 8974 7459 2643 4226 60394 7822954 29 4462746 125987 7458 20.9052734375 20.634765625 0.251953125 1.4384765625
map_3 57 1 5 5 5 1 1 0.001958584 0.004181667 0.0019722172 0.0041865666 0.001956 0.004179 0.001971 0.0041838 10455 5186 4718 3088 77533 4147022 244 2382523 144375 5185 31.037109375 15.078125 0.2373046875 1.400390625
map_4 57 0 5 5 5 1 1 0.001959584 0.000456291 0.0019805336 0.0004576664 0.001959 0.000456 0.0019796 0.0004574 10446 1648 5398 970 81753 409903 658 235125 146339 1648 34.357421875 4.736328125 0.2373046875 1.4794921875
map_5 57 1 5 5 5 1 1 0.001728375 0.001371 0.0017263502 0.0013716832 0.001729 0.001369 0.0017252 0.0013704 9244 3075 4962 1642 59761 1377911 57 673602 132024 3075 32.228515625 8.017578125 0.28125 1.5322265625
map_6 57 0 5 5 5 1 1 0.002118292 0.001421542 0.0021271084 0.0014494168 0.002115 0.001418 0.002125 0.0014464 11260 3166 4462 1746 98068 1363582 361 761664 152828 3166 29.787109375 8.525390625 0.228515625 1.4853515625
map_7 57 1 5 5 5 1 1 0.0018885 0.000333208 0.0019663084 0.0003338832 0.001888 0.000333 0.0019634 0.000333 10109 1266 4495 855 65110 284276 219 182667 141249 1266 29.9482421875 4.1748046875 0.2373046875 1.3798828125
map_8 57 0 5 5 5 1 1 0.002248834 0.000859792 0.0022599168 0.0008613002 0.002246 0.00086 0.0022576 0.0008606 11765 2139 5242 1403 88231 782274 157 491701 164217 2139 33.595703125 6.8505859375 0.2548828125 1.3828125
map_9 57 1 5 5 5 1 1 0.001550875 0.001592708 0.0015662918 0.0015918166 0.00155 0.00159 0.0015644 0.0015906 8421 3128 3665 1899 57782 1508701 79 901047 108290 3128 25.8955078125 9.2724609375 0.240234375 1.3974609375
map_0 58 1 5 5 5 1 1 0.001862542 0.000799666 0.0018649166 0.000800833 0.001862 0.000799 0.001863 0.0008 9977 2155 2766 1327 58058 735078 72 440141 131625 2155 21.505859375 6.4794921875 0.2138671875 1.640625
map_1 58 0 5 5 5 1 1 0.002072042 0.000335916 0.0020885332 0.0003359998 0.002069 0.000336 0.0020856 0.0003358 11178 1182 4397 881 87001 281923 523 193916 139792 1182 29.4697265625 4.3017578125 0.2373046875 1.365234375
map_2 58 1 5 5 5 1 1 0.001985542 0.00026925 0.0020028418 0.0002693334 0.001985 0.000268 0.002002 0.0002684 10526 1110 3028 789 114572 215880 174 155560 128469 1110 22.78515625 3.8525390625 0.1904296875 1.3388671875
map_3 58 0 5 5 5 1 1 0.002077958 0.005247334 0.0020967166 0.005254325 0.002075 0.005246 0.0020942 0.0052524 11187 5881 4233 3486 92762 5205195 183 3037585 148012 5881 28.6689453125 17.021484375 0.2197265625 1.62890625
map_4 58 1 5 5 5 1 1 0.001665042 0.007876333 0.0016671 0.0078818498 0.001664 0.007875 0.001664 0.0078792 8580 7261 3428 4316 60852 7826266 164 4656878 118544 7260 24.73828125 21.07421875 0.2578125 1.951171875
map_5 58 0 5 5 5 1 1 0.001975709 0.000933625 0.0019882082 0.0009636586 0.001975 0.000933 0.001986 0.0009616 10822 2270 4902 1442 71761 865589 376 519822 147424 2270 31.935546875 7.041015625 0.2431640625 1.6201171875
map_6 58 1 5 5 5 1 1 0.001851291 0.00071875 0.0018632916 0.0007202416 0.00185 0.000718 0.001862 0.0007194 9875 12239 3188 876 81803 558622 244 191834 129089 12239 23.56640625 4.27734375 0.216796875 1.3916015625
map_7 58 0 5 5 5 1 1 0.002126542 0.000434666 0.0021433 0.0004367336 0.002123 0.000434 0.0021412 0.0004364 11244 1570 5252 960 107044 390156 600 230290 164594 1570 33.64453125 4.6875 0.2021484375 1.435546875
map_8 58 1 5 5 5 1 1 0.00251075 0.004288459 0.0025214168 0.0042931254 0.00251 0.004288 0.00252 0.0042912 13251 7927 6399 3064 103520 4264225 531 2346388 182156 7927 39.2451171875 14.9609375 0.240234375 1.7841796875
map_9 58 0 5 5 5 1 1 0.00154025 0.00034625 0.0015528084 0.000346325 0.001537 0.000346 0.0015506 0.0003458 8283 1227 3414 894 46222 291277 59 199638 115686 1227 24.669921875 4.365234375 0.2578125 1.3623046875
map_0 59 0 5 5 5 1 1 0.002232125 0.00055675 0.0022421248 0.00055795 0.00223 0.000556 0.0022404 0.000557 11955 1604 4134 1111 95932 504420 300 308285 148947 1604 28.185546875 5.4248046875 0.2490234375 1.3740234375
map_1 59 1 5 5 5 1 1 0.001684166 0.000296458 0.0017119416 0.0002963082 0.001684 0.000296 0.00171 0.000296 8592 1131 3263 833 70254 240648 77 173381 107821 1131 23.9326171875 4.0673828125 0.240234375 1.37109375
map_2 59 0 5 5 5 1 1 0.002252709 0.008702875 0.0022678502 0.0087010498 0.00225 0.008699 0.0022662 0.0086978 12299 7853 4976 4396 82047 8944635 437 4830465 151108 7853 32.296875 21.46484375 0.22265625 1.921875
map_3 59 1 5 5 5 1 1 0.002137 0.005569542 0.0021472416 0.0055696754 0.002134 0.005566 0.002145 0.005568 11233 5816 5803 3655 79891 5450007 446 3338427 144353 5816 36.3349609375 17.8466796875 0.22265625 1.5380859375
map_4 59 0 5 5 5 1 1 0.001387459 0.000744416 0.0014051332 0.000746775 0.001384 0.000744 0.001402 0.0007464 7473 3871 2870 1077 49491 730794 18 289965 100126 3871 22.013671875 5.2587890625 0.2373046875 1.53515625
map_5 59 1 5 5 5 1 1 0.001737042 0.002235792 0.0017498 0.0022343418 0.001734 0.002232 0.0017482 0.0022328 9221 3789 3800 2243 66700 2162877 16 1257517 126946 3789 26.5546875 10.9521484375 0.193359375 1.751953125
map_6 59 0 5 5 5 1 1 0.001953958 0.001387834 0.0019623916 0.0013903084 0.001953 0.001386 0.0019594 0.0013882 10167 25273 5127 1326 89085 1013579 382 439449 138726 25273 33.0341796875 6.474609375 0.2373046875 1.4677734375
map_7 59 1 5 5 5 1 1 0.00185275 0.001586833 0.0018877918 0.0015871416 0.001852 0.001585 0.0018852 0.001585 9798 7735 4814 1650 67409 1555496 291 680307 138407 7735 31.505859375 8.056640625 0.240234375 1.6171875
map_8 59 0 5 5 5 1 1 0.001995625 0.001599833 0.002007925 0.0016028416 0.001992 0.001599 0.0020052 0.001602 10679 11298 5067 1669 70257 1472824 327 696084 140533 11298 32.7412109375 8.1494140625 0.240234375 1.5322265625
map_9 59 1 5 5 5 1 1 0.001189917 0.001235666 0.0011967834 0.0012363662 0.001189 0.001233 0.0011962 0.0012336 6489 2656 2272 1708 40759 1133769 31 728710 83059 2656 19.09375 8.33984375 0.228515625 1.4296875
map_0 60 1 5 5 5 1 1 0.002203417 0.000267209 0.0022067 0.0002677754 0.0022 0.000267 0.0022046 0.0002668 11829 1005 4598 815 84330 209209 731 165998 144356 1005 30.451171875 3.9794921875 0.2373046875 1.388671875
map_1 60 0 5 5 5 1 1 0.00189975 0.00048525 0.0019174002 0.000485383 0.001897 0.000483 0.0019148 0.0004844 10484 1538 4019 1071 60071 414629 327 286594 125901 1538 27.6240234375 5.2294921875 0.2314453125 1.4091796875
map_2 60 1 5 5 5 1 1 0.00210125 0.000624292 0.002096525 0.0006268502 0.002098 0.000622 0.0020944 0.000625 10965 1684 2621 1252 105078 524682 321 391540 146899 1684 20.7978515625 6.11328125 0.2080078125 1.388671875
map_3 60 0 5 5 5 1 1 0.0019385 0.001564583 0.0019515168 0.0015642998 0.001936 0.001563 0.0019498 0.0015624 10326 3247 3811 1791 74273 1555065 21 801852 127143 3247 26.6083984375 8.7451171875 0.2548828125 1.5791015625
map_4 60 1 5 5 5 1 1 0.001767042 0.001047125 0.0017733998 0.0010471336 0.001767 0.001044 0.0017732 0.0010448 9312 2593 3215 1483 66278 1001582 25 549625 132384 2593 23.6982421875 7.2412109375 0.2431640625 1.5205078125
map_5 60 0 5 5 5 1 1 0.001881375 0.000363792 0.0018876666 0.0003648252 0.001881 0.000364 0.0018852 0.0003646 9943 1339 4898 890 73189 315870 124 197918 134986 1339 31.916015625 4.345703125 0.240234375 1.4443359375
map_6 60 1 5 5 5 1 1 0.001903542 0.0013375 0.0019081334 0.0013371916 0.001901 0.001335 0.0019068 0.0013352 10187 3857 4573 1777 67732 1204599 210 788778 128501 3857 30.3291015625 8.6767578125 0.240234375 1.435546875
map_7 60 0 5 5 5 1 1 0.0019305 0.000374833 0.0019454002 0.0003744752 0.001927 0.000374 0.0019436 0.0003738 10386 1493 5289 926 70587 309567 163 214253 149913 1493 33.8251953125 4.521484375 0.2578125 1.46484375
map_8 60 1 5 5 5 1 1 0.002212042 0.000951042 0.0022219918 0.000951 0.002209 0.000948 0.0022194 0.0009486 11642 2323 4742 1435 88657 895554 169 514351 157859 2322 31.154296875 7.0068359375 0.2197265625 1.40625
map_9 60 0 5 5 5 1 1 0.001598375 0.00294875 0.0016201 0.0029481918 0.001596 0.002947 0.0016182 0.0029458 8678 4588 4131 2591 59983 2868176 146 1677829 112993 4588 28.1708984375 12.6513671875 0.2314453125 1.623046875
map_0 61 0 5 5 5 1 1 0.0019985 0.000188167 0.0020127664 0.00018865 0.001996 0.000188 0.0020104 0.0001884 10733 826 4400 679 68905 142542 395 115251 137194 826 29.484375 3.3154296875 0.251953125 1.3505859375
map_1 61 1 5 5 5 1 1 0.001191041 0.000527292 0.0012006416 0.0005282916 0.001191 0.000527 0.0011994 0.0005276 6375 1676 2589 1030 40484 497379 50 265051 83232 1676 20.6416015625 5.029296875 0.24609375 1.376953125
map_2 61 0 5 5 5 1 1 0.002347041 0.000907084 0.002373958 0.0009079334 0.002347 0.000906 0.0023714 0.0009064 12881 2288 5561 1362 83089 878067 455 463397 172361 2288 35.1533203125 6.650390625 0.234375 1.4326171875
map_3 61 1 5 5 5 1 1 0.001447125 0.004241625 0.0014577334 0.0042467082 0.001447 0.004238 0.0014562 0.0042436 7745 5128 2447 3127 62122 4187964 70 2444456 105561 5128 19.9482421875 15.2685546875 0.1669921875 1.9306640625
map_4 61 0 5 5 5 1 1 0.002492333 0.002362333 0.0025057666 0.002363533 0.002489 0.00236 0.0025034 0.0023618 13067 3931 6873 2282 96538 2317181 812 1301576 185627 3931 41.5595703125 11.142578125 0.26953125 1.8486328125
map_5 61 1 5 5 5 1 1 0.002223917 0.011761834 0.0022330002 0.011765992 0.002219 0.011761 0.002232 0.0117656 11891 8868 5489 5278 96140 11823534 561 6963911 166950 8868 34.8017578125 25.771484375 0.2431640625 1.916015625
map_6 61 0 5 5 5 1 1 0.001793208 0.000939542 0.0018058748 0.0009405832 0.001791 0.000939 0.0018044 0.0009398 9518 2924 4453 1414 67579 877278 45 499537 134034 2924 29.7431640625 6.904296875 0.205078125 1.4296875
map_7 61 1 5 5 5 1 1 0.001908208 0.005966208 0.0019260498 0.005963025 0.001909 0.005963 0.0019248 0.00596 10403 5973 5130 3804 62095 5781361 389 3616825 142033 5973 33.048828125 18.57421875 0.263671875 1.833984375
map_8 61 0 5 5 5 1 1 0.001929792 0.002319625 0.0019456168 0.0023226168 0.001926 0.002318 0.0019422 0.002321 10358 3724 3688 2326 81938 2214759 113 1351625 134865 3724 26.0078125 11.357421875 0.2373046875 1.44140625
map_9 61 1 5 5 5 1 1 0.001978084 0.000696208 0.0019745666 0.0006963834 0.001978 0.000694 0.001974 0.0006948 10439 2272 5013 1205 71348 637397 412 362874 140502 2272 32.4775390625 5.8837890625 0.22265625 1.5966796875
map_0 62 1 5 5 5 1 1 0.001929833 0.000261041 0.0019446832 0.000261458 0.00193 0.00026 0.0019438 0.000261 10293 1004 3235 794 78895 209244 130 157495 131611 1004 23.7958984375 3.876953125 0.275390625 1.3125
map_1 62 0 5 5 5 1 1 0.001935042 0.001687084 0.0019515752 0.0016905918 0.001933 0.001684 0.0019484 0.0016898 10437 3287 4239 1892 71461 1657840 354 894195 129603 3287 28.6982421875 9.23828125 0.193359375 1.41796875
map_2 62 1 5 5 5 1 1 0.002000084 0.001903209 0.0020080916 0.001905075 0.002 0.001903 0.0020066 0.0019028 10905 3461 3309 2044 67498 1851525 428 1043656 134072 3461 24.1572265625 9.98046875 0.234375 1.44140625
map_3 62 0 5 5 5 1 1 0.001970333 0.000336625 0.0019880748 0.0003439832 0.001968 0.000337 0.0019862 0.000344 10712 1707 5219 807 87277 288295 404 162751 134399 1707 33.4833984375 3.9404296875 0.240234375 1.3828125
map_4 62 1 5 5 5 1 1 0.002135208 0.009254833 0.0021462748 0.0092565582 0.002136 0.009252 0.0021456 0.0092536 11229 8077 4703 4572 77602 9457139 255 5224501 160468 8076 30.9638671875 22.32421875 0.1875 1.9658203125
map_5 62 0 5 5 5 1 1 0.002151459 0.0013655 0.0021732168 0.0013665916 0.002149 0.001366 0.0021704 0.001366 11649 2944 6323 1721 84011 1310744 1219 739879 158212 2944 38.8740234375 8.4033203125 0.2314453125 1.541015625
map_6 62 1 5 5 5 1 1 0.00173925 0.000382709 0.0017566918 0.0003821084 0.001739 0.000381 0.0017546 0.0003814 9328 1407 4108 924 73424 323764 105 213431 128237 1407 28.05859375 4.51171875 0.22265625 1.46484375
map_7 62 0 5 5 5 1 1 0.001698292 0.000941917 0.0017134834 0.00094375 0.001694 0.000941 0.0017108 0.000942 9113 2343 3344 1440 64087 876925 72 517886 120197 2343 24.328125 7.03125 0.22265625 1.37109375
map_8 62 1 5 5 5 1 1 0.00181375 0.002879875 0.0018621916 0.0028805166 0.001813 0.002879 0.0018592 0.0028788 9445 4950 4409 2538 79077 2810962 167 1610008 126677 4950 29.5283203125 12.392578125 0.2373046875 1.3798828125
map_9 62 0 5 5 5 1 1 0.0019835 0.000380167 0.001988225 0.0003810752 0.001983 0.00038 0.0019858 0.0003806 10577 1499 5035 863 67624 344892 551 186183 143252 1498 32.5849609375 4.2138671875 0.234375 1.453125
map_0 63 0 5 5 5 1 1 0.001362167 0.000414417 0.0013725418 0.0004150586 0.00136 0.000414 0.0013714 0.0004138 7162 1370 1608 961 54251 356936 42 230684 95227 1370 15.8515625 4.6923828125 0.2138671875 1.3271484375
map_1 63 1 5 5 5 1 1 0.001505333 0.000617583 0.00151225 0.0006161332 0.001504 0.000615 0.0015112 0.0006156 8078 1781 2516 1199 54865 539929 85 359090 99435 1781 20.28515625 5.8544921875 0.2197265625 1.3857421875
map_2 63 0 5 5 5 1 1 0.00178925 0.000507792 0.0018019668 0.0005081584 0.001787 0.000508 0.0017996 0.0005084 9619 1630 2903 1055 70079 450768 20 278243 128518 1630 22.1748046875 5.1513671875 0.2431640625 1.4677734375
map_3 63 1 5 5 5 1 1 0.001830542 0.000568834 0.001840025 0.0005700502 0.001827 0.000568 0.001838 0.0005686 9738 1695 3712 1138 72508 502764 153 323463 129016 1695 26.125 5.556640625 0.2431640625 1.44140625
map_4 63 0 5 5 5 1 1 0.001302041 0.007291917 0.0013156916 0.0072929584 0.001301 0.007289 0.0013136 0.00729 7016 7128 2388 4036 48043 7448839 2 4071490 97445 7128 19.66015625 19.70703125 0.2490234375 1.8076171875
map_5 63 1 5 5 5 1 1 0.0018215 0.002264708 0.0018366416 0.0022651164 0.001821 0.002261 0.0018338 0.0022628 9857 3913 4467 2224 64907 2225211 468 1236428 128962 3913 29.8115234375 10.859375 0.24609375 1.5732421875
map_6 63 0 5 5 5 1 1 0.002140542 0.000319417 0.0021751166 0.0003197248 0.00214 0.000319 0.0021748 0.0003198 11390 1207 4387 858 120680 265613 318 183858 156225 1207 29.4208984375 4.189453125 0.2548828125 1.3271484375
map_7 63 1 5 5 5 1 1 0.001427458 0.000728041 0.0014328752 0.0007310998 0.001427 0.000728 0.0014312 0.0007304 7604 1917 2432 1322 50105 637055 7 436425 100831 1917 19.875 6.455078125 0.1875 1.32421875
map_8 63 0 5 5 5 1 1 0.002227791 0.000964792 0.0022598166 0.0009652084 0.002226 0.000964 0.0022574 0.0009638 11886 4669 5224 1341 98226 905652 279 449555 156549 4669 33.5078125 6.5478515625 0.2578125 1.5380859375
map_9 63 1 5 5 5 1 1 0.00153625 0.002230666 0.0015410748 0.0022329332 0.001534 0.002228 0.0015406 0.0022304 8327 4053 4027 2240 53027 2156507 203 1254295 111473 4053 27.6630859375 10.9375 0.26953125 1.4443359375
map_0 64 1 5 5 5 1 1 0.002013708 0.000535709 0.0020240582 0.0005364502 0.00201 0.000534 0.0020222 0.0005348 10864 1633 4838 1095 81259 474719 548 299455 136101 1633 31.623046875 5.3466796875 0.2783203125 1.388671875
map_1 64 0 5 5 5 1 1 0.00130375 0.004922042 0.0013166502 0.0049304582 0.001301 0.004919 0.0013146 0.0049272 6984 5854 2561 3353 51055 4903306 41 2809348 90390 5854 20.5048828125 16.3720703125 0.19921875 1.4912109375
map_2 64 1 5 5 5 1 1 0.001885542 0.002976 0.0019042918 0.0029770748 0.001882 0.002976 0.0019014 0.0029748 10023 4594 4303 2620 70863 2879596 594 1715077 131623 4594 29.0107421875 12.79296875 0.2021484375 1.46484375
map_3 64 0 5 5 5 1 1 0.001780458 0.000321583 0.001800233 0.000322125 0.001778 0.000319 0.0017984 0.0003206 9609 1686 3703 821 70592 266209 162 168473 121617 1686 26.0810546875 4.0087890625 0.2548828125 1.4033203125
map_4 64 1 5 5 5 1 1 0.002192458 0.001087917 0.00225865 0.0010892918 0.002189 0.001087 0.0022556 0.0010878 11404 2663 5004 1480 81482 1068105 262 547058 161604 2663 32.43359375 7.2265625 0.26953125 1.3916015625
map_5 64 0 5 5 5 1 1 0.00187425 0.001760333 0.0018921834 0.001760508 0.001871 0.001758 0.00189 0.001759 10012 3174 5398 2032 70443 1656281 149 1031779 140004 3174 34.357421875 9.921875 0.26953125 1.6787109375
map_6 64 1 5 5 5 1 1 0.001419708 0.001352208 0.0014307332 0.0013524582 0.001419 0.001351 0.0014302 0.0013504 7468 10319 2786 1330 65116 1341326 27 442122 99201 10319 21.603515625 6.494140625 0.2314453125 1.705078125
map_7 64 0 5 5 5 1 1 0.001818917 0.000384 0.0018273416 0.00038645 0.001817 0.000384 0.0018256 0.0003858 9661 1322 5070 950 69549 322905 35 225521 135069 1322 32.755859375 4.638671875 0.2666015625 1.4267578125
map_8 64 1 5 5 5 1 1 0.002048708 0.002423084 0.0020637 0.0024259082 0.002045 0.00242 0.0020628 0.002423 11036 4929 4174 2174 77017 2493951 42 1181314 158112 4929 28.380859375 10.615234375 0.2197265625 1.7783203125
map_9 64 0 5 5 5 1 1 0.001609125 0.000356959 0.0016267668 0.0003571168 0.001609 0.000356 0.0016242 0.0003564 8815 1530 4210 829 53439 317072 111 171763 114331 1530 28.556640625 4.0478515625 0.2080078125 1.517578125
map_0 65 0 5 5 5 1 1 0.001746416 0.000703708 0.0017482664 0.0007034082 0.001746 0.000703 0.0017474 0.0007024 9224 1936 3060 1213 64132 628242 86 367482 120420 1936 22.94140625 5.9228515625 0.251953125 1.4091796875
map_1 65 1 5 5 5 1 1 0.001026875 0.000466958 0.0010296586 0.0004668918 0.001024 0.000465 0.0010276 0.000466 5516 1517 1156 1019 34070 407038 3 259322 67054 1517 13.64453125 4.9755859375 0.2021484375 1.3828125
map_2 65 0 5 5 5 1 1 0.002158583 0.000411542 0.0021750834 0.00041165 0.002155 0.000411 0.0021716 0.0004108 11581 1387 4600 986 91782 344949 221 242808 155066 1387 30.4609375 4.814453125 0.26953125 1.400390625
map_3 65 1 5 5 5 1 1 0.001954542 0.000337583 0.001971975 0.0003242 0.001952 0.000334 0.0019704 0.0003234 10518 1500 4955 762 76929 236071 367 145157 136994 1500 32.1943359375 3.720703125 0.2578125 1.3828125
map_4 65 0 5 5 5 1 1 0.001898708 0.001336792 0.0019176248 0.0013367916 0.001895 0.001335 0.0019152 0.0013358 10058 2793 4537 1788 73882 1216863 151 798562 141546 2793 30.1533203125 8.73046875 0.2138671875 1.4853515625
map_5 65 1 5 5 5 1 1 0.001953917 0.000583958 0.001962767 0.0005833166 0.001951 0.000581 0.0019608 0.000581 10315 1950 3702 1051 82571 556831 75 276111 128560 1950 26.076171875 5.1318359375 0.2255859375 1.447265625
map_6 65 0 5 5 5 1 1 0.002197959 0.000738 0.0022139336 0.00073905 0.002195 0.000737 0.0022118 0.000738 11434 16083 3233 970 118179 503110 372 235094 148320 16083 23.7861328125 4.736328125 0.1962890625 1.4150390625
map_7 65 1 5 5 5 1 1 0.001456541 0.000371333 0.0014823498 0.0003727002 0.001452 0.000368 0.0014786 0.0003704 7436 1320 3525 916 51257 310018 33 209607 107152 1320 25.2119140625 4.47265625 0.1904296875 1.4033203125
map_8 65 0 5 5 5 1 1 0.001812625 0.002076333 0.0018108 0.0020771584 0.00181 0.002074 0.0018094 0.0020756 9658 8457 3953 1822 76393 2164512 73 829491 126367 8457 27.3017578125 8.896484375 0.216796875 1.6201171875
map_9 65 1 5 5 5 1 1 0.001685708 0.000545625 0.001693875 0.000544975 0.001685 0.000544 0.0016926 0.0005446 9078 1824 2389 1075 55979 488803 54 288664 123144 1824 19.6650390625 5.2490234375 0.2080078125 1.458984375
map_0 66 1 5 5 5 1 1 0.001674167 0.000809833 0.0016832086 0.0008114332 0.001673 0.000808 0.0016812 0.0008094 8840 2057 2771 1377 67728 722524 154 473641 104155 2057 21.5302734375 6.7236328125 0.2080078125 1.494140625
map_1 66 0 5 5 5 1 1 0.001747417 0.005986958 0.0017570918 0.0059964582 0.001747 0.005984 0.0017568 0.0059926 9434 6478 3499 3663 73316 6057540 334 3352978 118946 6478 25.0849609375 17.8857421875 0.2373046875 1.587890625
map_2 66 1 5 5 5 1 1 0.00204575 0.000594375 0.0020846584 0.0005947082 0.002042 0.000593 0.0020804 0.0005932 10736 1838 4284 1139 69861 533539 135 324199 146549 1838 28.91796875 5.5615234375 0.2314453125 1.5263671875
map_3 66 0 5 5 5 1 1 0.00143375 0.001440042 0.0014485668 0.0014416334 0.001431 0.001437 0.001447 0.0014396 7709 6387 4295 1693 50293 1353908 283 716398 103727 6387 28.9716796875 8.2666015625 0.2578125 1.517578125
map_4 66 1 5 5 5 1 1 0.002134083 0.002219167 0.0021441832 0.0022211336 0.002131 0.002217 0.0021426 0.0022188 11484 3944 5710 2268 80812 2112828 658 1285007 157348 3944 35.880859375 11.07421875 0.2724609375 1.5439453125
map_5 66 0 5 5 5 1 1 0.001940292 0.001666459 0.0019426334 0.0016662334 0.001937 0.001664 0.0019398 0.0016654 10393 3383 4747 1805 70776 1700022 441 814369 141655 3382 31.1787109375 8.8134765625 0.240234375 1.6318359375
map_6 66 1 5 5 5 1 1 0.001974459 0.002438167 0.0020045502 0.0024425334 0.00197 0.002435 0.002 0.0024394 9940 10760 2895 2132 107013 2385842 243 1136329 135795 10760 22.1357421875 10.41015625 0.2578125 1.833984375
map_7 66 0 5 5 5 1 1 0.001599792 0.000907542 0.0016014334 0.0009074668 0.001599 0.000906 0.0015996 0.0009068 8589 2236 4521 1401 54579 846174 276 490274 120907 2235 30.0751953125 6.8408203125 0.2021484375 1.41796875
map_8 66 1 5 5 5 1 1 0.002233666 0.00103275 0.002242175 0.0010314498 0.002231 0.00103 0.0022408 0.0010292 11820 7546 5813 1235 90434 980171 633 381228 156291 7546 36.3837890625 6.0302734375 0.251953125 1.552734375
map_9 66 0 5 5 5 1 1 0.001067833 0.00391175 0.0010761748 0.003910542 0.001066 0.003909 0.0010748 0.0039086 5820 6230 2639 2815 35927 4056381 45 1980981 79600 6230 20.8857421875 13.7451171875 0.2314453125 1.8369140625
map_0 67 0 5 5 5 1 1 0.001897042 0.000752209 0.0019141666 0.000752325 0.001893 0.000751 0.0019114 0.0007514 10233 2349 3742 1217 66692 719252 353 370131 137645 2349 26.271484375 5.9423828125 0.216796875 1.541015625
map_1 67 1 5 5 5 1 1 0.002210292 0.007724625 0.0022251586 0.0077224166 0.00221 0.007721 0.002224 0.0077196 11923 7519 3156 4148 79866 7875592 363 4300314 144966 7519 23.41015625 20.25390625 0.234375 1.6259765625
map_2 67 0 5 5 5 1 1 0.001872417 0.000815834 0.0018807836 0.000816192 0.001869 0.000815 0.0018784 0.0008156 10108 2114 3894 1344 62984 752109 232 451204 130196 2114 27.013671875 6.5625 0.2431640625 1.458984375
map_3 67 1 5 5 5 1 1 0.001399583 0.000698125 0.0014045498 0.0006986502 0.001399 0.000697 0.0014034 0.0006976 7437 1937 2990 1206 57509 655953 89 363398 99676 1937 22.599609375 5.888671875 0.1728515625 1.39453125
map_4 67 0 5 5 5 1 1 0.001523416 0.00125125 0.0015316916 0.0012521666 0.00152 0.00125 0.0015306 0.001251 8065 2741 2646 1656 47289 1190720 2 684996 110948 2741 20.919921875 8.0859375 0.24609375 1.470703125
map_5 67 1 5 5 5 1 1 0.001765 0.000374417 0.001780575 0.0003746002 0.001751 0.000374 0.0017764 0.000374 8817 1363 4084 901 69965 324034 101 202858 114164 1363 27.94140625 4.3994140625 0.24609375 1.39453125
map_6 67 0 5 5 5 1 1 0.002219375 0.003966834 0.0022328002 0.003974208 0.002216 0.003966 0.0022294 0.0039704 11718 61297 4937 2286 108252 3205389 373 1306196 150054 61297 32.1064453125 11.162109375 0.2197265625 1.763671875
map_7 67 1 5 5 5 1 1 0.001517666 0.000448625 0.001529783 0.0004484666 0.001517 0.000447 0.001527 0.0004474 8128 3817 3650 765 55315 415060 26 146248 115253 3817 25.822265625 3.7353515625 0.26953125 1.388671875
map_8 67 0 5 5 5 1 1 0.001783834 0.003138875 0.001792442 0.003139675 0.001781 0.003139 0.0017894 0.0031382 9621 4936 3948 2570 60107 3175430 130 1651150 120098 4936 27.27734375 12.548828125 0.2138671875 1.658203125
map_9 67 1 5 5 5 1 1 0.001723208 0.001250209 0.0017317498 0.0012516502 0.001723 0.001249 0.0017308 0.001249 9340 2710 4488 1644 60004 1194932 421 675272 124611 2710 29.9140625 8.02734375 0.2666015625 1.5556640625
map_0 68 1 5 5 5 1 1 0.001547292 0.000227041 0.0015609834 0.000234075 0.001547 0.000227 0.0015602 0.0002338 8371 952 3165 704 60901 168079 100 123898 105448 952 23.4541015625 3.4375 0.24609375 1.32421875
map_1 68 0 5 5 5 1 1 0.001893291 0.000274292 0.001891275 0.0002743586 0.001893 0.000274 0.001891 0.0002738 10070 1111 2935 810 81754 218826 327 163954 121576 1111 22.3310546875 3.955078125 0.240234375 1.376953125
map_2 68 1 5 5 5 1 1 0.001448334 0.000483791 0.0014571668 0.0005087416 0.001445 0.000483 0.0014546 0.0005084 7505 1412 2421 1044 58494 384913 14 272284 100153 1411 19.8212890625 5.09765625 0.1904296875 1.4443359375
map_3 68 0 5 5 5 1 1 0.00141625 0.000619917 0.0014212416 0.0006232584 0.001416 0.000619 0.0014192 0.0006222 7554 1790 3323 1136 56997 556835 16 322398 97315 1790 24.2255859375 5.546875 0.22265625 1.4677734375
map_4 68 1 5 5 5 1 1 0.002358125 0.000835583 0.0023482832 0.0008395584 0.002357 0.000835 0.002345 0.0008382 11967 2246 6887 1320 77718 790028 1798 435457 170231 2246 41.6279296875 6.4453125 0.2548828125 1.67578125
map_5 68 0 5 5 5 1 1 0.00192075 0.002984917 0.0019387752 0.0029845834 0.001919 0.002984 0.0019362 0.0029832 10398 4288 3923 2606 67498 2920624 405 1697612 137065 4288 27.1552734375 12.724609375 0.2314453125 1.458984375
map_6 68 1 5 5 5 1 1 0.002223542 0.001592125 0.0022178416 0.0016182418 0.00221 0.001589 0.0022124 0.0016148 10736 26759 5653 1390 73064 1228064 745 482998 144452 26759 35.6025390625 6.787109375 0.251953125 1.5966796875
map_7 68 0 5 5 5 1 1 0.002093084 0.001280834 0.00210955 0.0012817832 0.00209 0.00128 0.0021082 0.001281 11232 2929 5026 1708 85248 1190565 224 728616 158368 2929 32.541015625 8.33984375 0.2080078125 1.3505859375
map_8 68 1 5 5 5 1 1 0.001761459 0.003523875 0.001774167 0.0035240916 0.001759 0.00352 0.0017728 0.0035216 9408 5356 4139 2672 63389 3649771 129 1784413 135805 5356 28.2099609375 13.046875 0.2373046875 1.7490234375
map_9 68 0 5 5 5 1 1 0.001646917 0.002488542 0.0016642584 0.0024909834 0.001646 0.002488 0.0016632 0.0024896 8920 3869 4672 2447 53843 2340915 196 1496072 120578 3869 30.8125 11.9482421875 0.2490234375 1.40625
map_0 69 0 5 5 5 1 1 0.001300333 0.000308708 0.0013125168 0.0003088418 0.001297 0.000307 0.0013116 0.000308 7030 1098 2424 865 58747 247957 89 186913 91588 1098 19.8359375 4.2236328125 0.2021484375 1.3447265625
map_1 69 1 5 5 5 1 1 0.00153325 0.000858625 0.0015542584 0.0008598252 0.001524 0.000858 0.0015496 0.0008584 8086 2171 2145 1380 58302 794692 55 475738 96759 2171 18.4736328125 6.73828125 0.2080078125 1.4384765625
map_2 69 0 5 5 5 1 1 0.002296958 0.004480458 0.0023072164 0.0044814586 0.002294 0.004476 0.0023048 0.0044774 12187 5178 3360 3258 97493 4371361 235 2652171 157718 5178 24.40625 15.908203125 0.263671875 1.41796875
map_3 69 1 5 5 5 1 1 0.001787792 0.000422709 0.0017988418 0.0004247834 0.001785 0.000422 0.0017972 0.0004236 9619 1446 5074 951 67435 372918 356 225998 125865 1446 32.775390625 4.6435546875 0.2373046875 1.400390625
map_4 69 0 5 5 5 1 1 0.002061125 0.001985625 0.00206535 0.0020041166 0.002061 0.001983 0.002064 0.0020022 10904 3923 5751 2030 68066 1980255 445 1029957 152530 3923 36.0810546875 9.912109375 0.2490234375 1.7138671875
map_5 69 1 5 5 5 1 1 0.00190525 0.000691292 0.0019186668 0.0006938 0.001906 0.00069 0.0019176 0.0006922 10252 2065 4608 1235 72285 624721 193 381180 133121 2065 30.5 6.0302734375 0.263671875 1.4765625
map_6 69 0 5 5 5 1 1 0.001676459 0.000440209 0.0016763582 0.0004401918 0.001673 0.00044 0.0016736 0.0004396 8926 1387 3058 1019 65975 367274 7 259382 114832 1387 22.931640625 4.9755859375 0.2314453125 1.359375
map_7 69 1 5 5 5 1 1 0.001951416 0.00634125 0.001965525 0.0063442252 0.001951 0.006339 0.0019628 0.0063406 10274 9689 5210 3717 85796 6435393 181 3452258 144766 9689 33.439453125 18.1494140625 0.19921875 1.541015625
map_8 69 0 5 5 5 1 1 0.001841792 0.005345041 0.0018598918 0.0053456082 0.001839 0.005345 0.0018576 0.0053434 9752 6121 3848 3511 68839 5309699 84 3081024 130252 6121 26.7890625 17.1435546875 0.2607421875 1.517578125
map_9 69 1 5 5 5 1 1 0.001651083 0.000465625 0.0016664416 0.0004656834 0.001651 0.000463 0.0016646 0.0004642 8907 1751 4552 984 56249 412442 156 241879 119912 1751 30.2265625 4.8046875 0.2373046875 1.4326171875
map_0 70 1 5 5 5 1 1 0.001642917 0.002556166 0.0016481666 0.0025572582 0.00164 0.002551 0.0016472 0.0025552 8817 3822 3484 2469 60732 2415526 136 1523672 110602 3822 25.01171875 12.0556640625 0.2490234375 1.5380859375
map_1 70 0 5 5 5 1 1 0.001611458 0.000859917 0.0016203498 0.0008611166 0.001609 0.000859 0.001618 0.0008598 8756 2398 2893 1355 67312 817603 74 458764 104069 2398 22.1259765625 6.6162109375 0.181640625 1.5498046875
map_2 70 1 5 5 5 1 1 0.002098459 0.001589542 0.0020726418 0.0015923166 0.002096 0.001586 0.002071 0.0015904 10834 2929 5000 1936 75194 1483988 682 936255 145834 2929 32.4140625 9.453125 0.26953125 1.4267578125
map_3 70 0 5 5 5 1 1 0.001650125 0.001482958 0.0016691834 0.0014907002 0.001646 0.001482 0.0016664 0.0014884 8990 2918 4668 1806 57418 1423034 342 814656 115357 2918 30.79296875 8.818359375 0.2080078125 1.388671875
map_4 70 1 5 5 5 1 1 0.001557833 0.000424917 0.0015644164 0.0004252836 0.001557 0.000422 0.001564 0.000424 8261 1538 2684 934 53347 377361 63 218050 115128 1538 21.10546875 4.560546875 0.2578125 1.48828125
map_5 70 0 5 5 5 1 1 0.001409417 0.000537792 0.0014158668 0.0005397416 0.001409 0.000538 0.001415 0.000538 7637 1708 2676 1072 56104 449947 43 287047 98994 1708 21.06640625 5.234375 0.19921875 1.400390625
map_6 70 1 5 5 5 1 1 0.001499583 0.001054125 0.0015150584 0.001054125 0.001499 0.001053 0.0015146 0.0010536 8117 19818 2816 1199 60449 718837 46 359095 106734 19818 21.75 5.8544921875 0.24609375 1.423828125
map_7 70 0 5 5 5 1 1 0.001325042 0.002736084 0.0013214332 0.0027540836 0.001325 0.002729 0.0013184 0.0027498 6894 4248 3978 2442 39564 2674145 139 1490719 97782 4248 27.423828125 11.923828125 0.234375 1.6376953125
map_8 70 1 5 5 5 1 1 0.001890292 0.003302292 0.0018943002 0.0033026916 0.001889 0.0033 0.0018934 0.0032998 9854 5431 3432 2721 87676 3245851 23 1849831 130657 5431 24.7578125 13.2861328125 0.228515625 1.51171875
map_9 70 0 5 5 5 1 1 0.001297834 0.000918667 0.0013041752 0.0009218418 0.001294 0.000918 0.001302 0.0009208 7097 2307 3294 1469 45456 822889 88 539114 93022 2307 24.083984375 7.1728515625 0.2431640625 1.5908203125
map_0 71 0 5 5 5 1 1 0.000813 0.003667 0.0008173834 0.0036516 0.00081 0.003666 0.0008152 0.0036492 4407 4977 893 2811 29151 3592623 20 1974145 51701 4977 12.3603515625 13.7255859375 0.193359375 1.341796875
map_1 71 1 5 5 5 1 1 0.001918125 0.000510958 0.0019735918 0.0005114414 0.001917 0.000511 0.0019714 0.0005112 10039 1670 3353 1079 85844 445316 506 290748 122423 1670 24.3720703125 5.2685546875 0.2490234375 1.3798828125
map_2 71 0 5 5 5 1 1 0.001514417 0.000593375 0.0015245334 0.0005975418 0.001513 0.000593 0.001523 0.0005974 8174 1795 2138 1136 48677 533741 11 322468 111106 1795 18.439453125 5.546875 0.19921875 1.4794921875
map_3 71 1 5 5 5 1 1 0.001457041 0.000371584 0.0014399664 0.0003717168 0.00145 0.000371 0.0014376 0.0003712 7243 1338 3350 881 54979 331886 155 193956 96316 1338 24.357421875 4.3017578125 0.1875 1.3681640625
map_4 71 0 5 5 5 1 1 0.001748708 0.001271167 0.001761608 0.00127115 0.001742 0.001268 0.0017598 0.0012692 9396 2937 3689 1621 60653 1242244 84 656864 125430 2937 26.0126953125 7.9150390625 0.2197265625 1.611328125
map_5 71 1 5 5 5 1 1 0.001367583 0.000634417 0.0014030166 0.0006372586 0.001367 0.000631 0.0014028 0.0006358 7444 2000 2914 1176 48730 571919 124 345490 94149 2000 22.228515625 5.7421875 0.240234375 1.4619140625
map_6 71 0 5 5 5 1 1 0.002191083 0.004590083 0.0022197002 0.0045624498 0.002188 0.004587 0.0022176 0.004559 11588 42581 5762 2779 88070 4034979 702 1930333 152867 42578 36.134765625 13.5693359375 0.234375 1.5146484375
map_7 71 1 5 5 5 1 1 0.001602125 0.00038625 0.0016481584 0.0003876082 0.0016 0.000386 0.001642 0.0003864 8358 1376 3598 923 61609 334652 150 212804 118866 1376 25.568359375 4.5068359375 0.216796875 1.4033203125
map_8 71 0 5 5 5 1 1 0.001612791 0.003695666 0.0016236914 0.0037061414 0.001609 0.003692 0.001621 0.0037008 8547 5437 3529 2843 68844 3691814 73 2020486 110376 5436 25.2314453125 13.8818359375 0.2255859375 1.734375
map_9 71 1 5 5 5 1 1 0.001890958 0.001160083 0.0019055084 0.0011607168 0.001891 0.00116 0.0019036 0.0011586 10252 3033 4635 1525 56326 1127963 542 580826 139891 3033 30.6318359375 7.4462890625 0.181640625 1.46484375
map_0 72 1 5 5 5 1 1 0.001756958 0.00619025 0.0017711748 0.0061927916 0.001756 0.006188 0.0017688 0.0061904 9363 6360 2753 3767 74915 6215970 158 3545742 115498 6359 21.4423828125 18.3935546875 0.28125 1.3388671875
map_1 72 0 5 5 5 1 1 0.001688 0.000583375 0.001665225 0.0005986834 0.001688 0.000584 0.001664 0.000596 8825 1731 3614 1131 61625 523132 158 319440 110845 1731 25.646484375 5.5224609375 0.2373046875 1.3330078125
map_2 72 1 5 5 5 1 1 0.002076292 0.000583 0.0020874084 0.0005848584 0.002076 0.000581 0.002087 0.0005828 10859 1777 2781 1119 87906 530596 46 312860 143737 1777 21.5791015625 5.4638671875 0.2255859375 1.40625
map_3 72 0 5 5 5 1 1 0.001240042 0.00062875 0.0012444416 0.0006298416 0.001237 0.000627 0.001243 0.0006282 6576 1819 2857 1167 46253 572091 31 340444 90136 1819 21.9501953125 5.6982421875 0.2431640625 1.4150390625
map_4 72 1 5 5 5 1 1 0.001428291 0.000729625 0.0014214578 0.0007296916 0.001426 0.000729 0.0014194 0.0007284 7542 2106 2850 1229 48597 682594 14 377598 106288 2106 21.916015625 6.0009765625 0.216796875 1.552734375
map_5 72 0 5 5 5 1 1 0.001948125 0.001432458 0.0019631834 0.0014342334 0.001945 0.001433 0.0019606 0.001433 10498 3028 4734 1735 71345 1392019 344 752223 143580 3028 31.115234375 8.4716796875 0.251953125 1.46484375
map_6 72 1 5 5 5 1 1 0.001592084 0.00166675 0.0016074332 0.0016615502 0.001592 0.001666 0.0016062 0.0016606 8563 3179 3673 1853 51000 1646638 123 857737 113930 3179 25.9345703125 9.0478515625 0.234375 1.2802734375
map_7 72 0 5 5 5 1 1 0.001754375 0.002792583 0.0017596164 0.0027948918 0.001751 0.002789 0.001757 0.0027934 9466 4006 3368 2564 63071 2674644 263 1643467 124638 4006 24.4453125 12.51953125 0.24609375 1.4384765625
map_8 72 1 5 5 5 1 1 0.002117167 0.004027083 0.0021343586 0.0040265834 0.002117 0.004025 0.0021344 0.0040238 11216 6250 5256 3105 88899 3845612 626 2410246 144739 6249 33.6640625 15.1611328125 0.2080078125 1.6787109375
map_9 72 0 5 5 5 1 1 0.001380834 0.000704334 0.0013904918 0.0007043086 0.001377 0.000704 0.0013886 0.0007036 7523 2558 3563 1189 52278 654502 164 353177 99798 2558 25.3974609375 5.8056640625 0.228515625 1.5205078125
map_0 73 0 5 5 5 1 1 0.001860291 0.0002995 0.001879608 0.0002999998 0.001857 0.000299 0.0018762 0.0002998 10098 1177 4196 828 62302 246807 362 171289 126474 1177 28.48828125 4.04296875 0.2197265625 1.3974609375
map_1 73 1 5 5 5 1 1 0.001970792 0.0004495 0.0020400416 0.000450125 0.001971 0.00045 0.0020376 0.00045 10380 1436 5014 1034 68237 380819 782 267214 131077 1436 32.482421875 5.048828125 0.2607421875 1.4208984375
map_2 73 0 5 5 5 1 1 0.001786208 0.003098208 0.0018121084 0.0030999998 0.001782 0.003095 0.0018072 0.0030978 9640 4797 4226 2568 59898 3130106 197 1648200 127297 4797 28.634765625 12.5390625 0.2138671875 1.564453125
map_3 73 1 5 5 5 1 1 0.001571333 0.0011795 0.0016067584 0.0011775082 0.00157 0.00118 0.001604 0.001177 8164 9927 3720 1290 55380 1096112 6 415772 112581 9927 26.1640625 6.298828125 0.2431640625 1.5439453125
map_4 73 0 5 5 5 1 1 0.00184725 0.003358208 0.0018644916 0.0033573248 0.001848 0.003356 0.001863 0.003356 10026 4845 4390 2748 65744 3316025 191 1887344 144774 4845 29.435546875 13.41796875 0.2314453125 1.5146484375
map_5 73 1 5 5 5 1 1 0.002453792 0.004675292 0.0024720002 0.0046760502 0.002455 0.004672 0.0024706 0.0046736 13076 5767 5423 3182 91877 4775846 304 2530421 169329 5766 34.4794921875 15.537109375 0.2431640625 1.552734375
map_6 73 0 5 5 5 1 1 0.001698666 0.001318083 0.0017118752 0.0013171664 0.001699 0.001316 0.00171 0.0013164 8914 12654 2136 1433 92271 1171065 40 513017 119222 12654 18.4296875 6.9970703125 0.2138671875 1.3974609375
map_7 73 1 5 5 5 1 1 0.001898917 0.002080125 0.00191125 0.0020810918 0.001896 0.002079 0.0019102 0.0020792 10038 3874 4993 2122 96552 2044128 92 1125637 144843 3874 32.3798828125 10.361328125 0.2548828125 1.763671875
map_8 73 0 5 5 5 1 1 0.002083667 0.001529541 0.0020905418 0.001529325 0.002084 0.001529 0.0020884 0.0015278 11012 8725 4741 1754 98733 1376256 337 768900 152110 8725 31.1494140625 8.564453125 0.2548828125 1.7080078125
map_9 73 1 5 5 5 1 1 0.001005625 0.000556209 0.0010141668 0.0005559502 0.001005 0.000554 0.0010128 0.0005542 5371 1723 1834 1109 33466 493440 30 307458 75464 1723 16.955078125 5.4150390625 0.2197265625 1.4853515625
map_0 74 1 5 5 5 1 1 0.001843625 0.003163417 0.0018484418 0.0031631754 0.001842 0.00316 0.001848 0.0031604 9685 4277 3859 2732 68618 3056556 309 1865422 121668 4277 26.8427734375 13.33984375 0.2431640625 1.734375
map_1 74 0 5 5 5 1 1 0.001735125 0.001440125 0.00176435 0.0014403582 0.001733 0.001439 0.0017598 0.0014394 9285 2876 4666 1763 70248 1402166 341 776649 121785 2876 30.783203125 8.6083984375 0.2314453125 1.4560546875
map_2 74 1 5 5 5 1 1 0.002079833 0.000473833 0.0020960332 0.0004748582 0.002076 0.000473 0.0020942 0.0004742 11197 1630 3908 1010 69010 418305 239 254946 158267 1630 27.08203125 4.931640625 0.228515625 1.470703125
map_3 74 0 5 5 5 1 1 0.001523917 0.000612375 0.001539325 0.000612775 0.001523 0.000613 0.0015382 0.000613 8266 1788 3250 1157 61598 555929 50 334501 109653 1788 23.869140625 5.6494140625 0.2197265625 1.5029296875
map_4 74 1 5 5 5 1 1 0.001360291 0.003884875 0.0013658664 0.003886025 0.001359 0.003882 0.001365 0.003884 7207 5380 2790 2923 50494 3899775 21 2134977 101108 5380 21.623046875 14.2724609375 0.234375 1.681640625
map_5 74 0 5 5 5 1 1 0.002643667 0.000511292 0.0026616752 0.0005118916 0.002641 0.000511 0.0026588 0.0005116 14180 1724 5417 1073 112140 443547 94 287810 184114 1724 34.4501953125 5.2392578125 0.2578125 1.505859375
map_6 74 1 5 5 5 1 1 0.00185125 0.000765375 0.0018708748 0.0007657416 0.00185 0.000765 0.0018694 0.0007652 9820 4087 4187 1175 74445 712607 45 344880 132837 4087 28.4443359375 5.7373046875 0.2431640625 1.423828125
map_7 74 0 5 5 5 1 1 0.002020708 0.002771208 0.0020353252 0.0027712996 0.002017 0.00277 0.0020324 0.0027708 10459 4575 4549 2417 124410 2796020 264 1460195 141490 4575 30.2119140625 11.8017578125 0.26953125 1.76953125
map_8 74 1 5 5 5 1 1 0.001637708 0.004954875 0.001644125 0.0049611164 0.001637 0.004951 0.0016428 0.0049582 8695 9020 3002 3259 57588 4989500 23 2653834 113543 9020 22.658203125 15.9130859375 0.216796875 1.5263671875
map_9 74 0 5 5 5 1 1 0.002144375 0.000666417 0.0021256498 0.00066755 0.002142 0.000665 0.0021216 0.0006664 11076 1945 5764 1225 71112 607328 482 375048 150972 1945 36.14453125 5.9814453125 0.2138671875 1.4677734375
map_0 75 0 5 5 5 1 1 0.002178125 0.000541334 0.0021829416 0.000545742 0.002177 0.00054 0.0021828 0.0005448 11529 1865 3624 1092 77730 467891 69 297998 159224 1865 25.6953125 5.33203125 0.2197265625 1.4033203125
map_1 75 1 5 5 5 1 1 0.001379125 0.000367375 0.0013908334 0.000368933 0.001379 0.000367 0.0013898 0.0003676 7447 1329 2023 930 51497 306246 59 216005 89649 1329 17.8779296875 4.541015625 0.216796875 1.3505859375
map_2 75 0 5 5 5 1 1 0.00186575 0.001462292 0.0018804332 0.0014631916 0.001865 0.001462 0.0018782 0.0014632 9936 3047 3124 1771 70332 1419042 95 783681 137409 3047 23.25390625 8.6474609375 0.216796875 1.546875
map_3 75 1 5 5 5 1 1 0.001817916 0.002831708 0.0018556164 0.0028339 0.001817 0.002829 0.0018502 0.0028308 10021 4241 4224 2552 73442 2749085 292 1627061 135135 4241 28.625 12.4609375 0.19921875 1.412109375
map_4 75 0 5 5 5 1 1 0.001819375 0.004745792 0.0018312916 0.0047469498 0.00182 0.004744 0.0018286 0.0047448 9690 5640 3434 3351 67605 4624240 8 2806873 136896 5640 24.767578125 16.3623046875 0.2373046875 1.875
map_5 75 1 5 5 5 1 1 0.001981791 0.003557125 0.0020039666 0.0035535584 0.001981 0.003553 0.0020012 0.003549 10584 5351 3453 2679 63905 3671541 13 1793825 138529 5350 24.8603515625 13.0810546875 0.251953125 1.8251953125
map_6 75 0 5 5 5 1 1 0.002098084 0.001101875 0.0020962752 0.00110195 0.002095 0.001102 0.0020934 0.0011014 11200 22355 4200 1066 86467 781776 290 283865 138232 22354 28.5078125 5.205078125 0.2373046875 1.458984375
map_7 75 1 5 5 5 1 1 0.001693 0.001747917 0.0017026416 0.0017474086 0.001692 0.001747 0.0017012 0.0017458 9137 3095 4005 2060 59117 1610831 195 1060175 125768 3095 27.5556640625 10.05859375 0.24609375 1.400390625
map_8 75 0 5 5 5 1 1 0.002323542 0.002665209 0.0023263334 0.002666442 0.00232 0.002662 0.0023232 0.002664 12214 11234 5488 2223 98480 2632549 345 1234567 165041 11234 34.796875 10.8544921875 0.2373046875 1.564453125
map_9 75 1 5 5 5 1 1 0.001611709 0.001017167 0.0016335418 0.0010171752 0.001609 0.001016 0.0016312 0.0010166 8701 2448 3307 1476 45894 969471 16 544194 115580 2447 24.1474609375 7.20703125 0.2255859375 1.48828125
map_0 76 1 5 5 5 1 1 0.001200292 0.007504209 0.0012085582 0.0075046336 0.0012 0.007504 0.0012084 0.0075044 6433 8024 1875 4171 43189 7478729 52 4347937 79562 8024 17.1552734375 20.3662109375 0.2080078125 1.5703125
map_1 76 0 5 5 5 1 1 0.001631625 0.0007625 0.0016426832 0.0007634916 0.001631 0.000762 0.001642 0.0007632 8757 1947 3037 1326 69879 683867 107 439202 108382 1947 22.8291015625 6.474609375 0.2197265625 1.458984375
map_2 76 1 5 5 5 1 1 0.002162333 0.014226875 0.0021722002 0.0142393084 0.002162 0.014224 0.0021714 0.0142364 11382 9948 2828 5807 110133 14315666 267 8429218 139549 9948 21.80859375 28.3544921875 0.1875 2.0185546875
map_3 76 0 5 5 5 1 1 0.001798083 0.002835166 0.0018159334 0.0028366334 0.001796 0.002829 0.0018142 0.0028322 9517 4146 4127 2533 63096 2767450 446 1603322 124089 4145 28.1513671875 12.3681640625 0.2373046875 1.6904296875
map_4 76 1 5 5 5 1 1 0.001960792 0.001333167 0.0019819832 0.0013343252 0.00196 0.001333 0.00198 0.001334 10604 2961 4666 1710 64229 1268193 390 730533 149106 2961 30.783203125 8.349609375 0.2255859375 1.53515625
map_5 76 0 5 5 5 1 1 0.002115833 0.009578166 0.0021178416 0.0095852748 0.002112 0.009576 0.002115 0.0095824 11165 9189 5795 4462 87513 10165116 832 4975425 149799 9189 36.2958984375 21.787109375 0.2578125 1.6201171875
map_6 76 1 5 5 5 1 1 0.001841667 0.001169833 0.0018542418 0.0011695084 0.001838 0.001167 0.0018528 0.001167 9763 2890 2950 1591 82596 1102123 107 632302 130444 2890 22.404296875 7.7685546875 0.19921875 1.423828125
map_7 76 0 5 5 5 1 1 0.00191075 0.000330375 0.0019215748 0.0003303168 0.001908 0.000329 0.001918 0.0003294 9779 1265 5105 854 72552 276452 137 182235 143080 1265 32.9267578125 4.169921875 0.2607421875 1.46484375
map_8 76 1 5 5 5 1 1 0.001861333 0.00313275 0.0018779082 0.0031358334 0.001861 0.003133 0.0018766 0.0031336 9972 8878 4300 2533 72267 3093962 99 1603774 136930 8878 28.99609375 12.3681640625 0.24609375 1.787109375
map_9 76 0 5 5 5 1 1 0.001708833 0.000695416 0.001710375 0.0006955916 0.001708 0.000696 0.0017092 0.0006952 9083 2067 3718 1232 53623 630821 80 379169 126226 2067 26.154296875 6.015625 0.24609375 1.4970703125
map_0 77 0 5 5 5 1 1 0.00201125 0.000464167 0.0020266584 0.0004652832 0.002008 0.000464 0.0020242 0.0004644 10784 2307 4256 994 87318 396402 525 246876 128305 2307 28.78125 4.853515625 0.24609375 1.4443359375
map_1 77 1 5 5 5 1 1 0.001893458 0.0008145 0.0019411832 0.0008147082 0.001893 0.000814 0.0019376 0.000814 9869 3429 4058 1295 67912 742617 286 418876 131006 3429 27.814453125 6.3232421875 0.2255859375 1.48828125
map_2 77 0 5 5 5 1 1 0.001882166 0.00116475 0.0018940498 0.0011650332 0.001879 0.001164 0.0018914 0.0011642 10085 2650 4072 1601 67820 1097338 322 640516 138021 2650 27.8828125 7.8173828125 0.2314453125 1.5791015625
map_3 77 1 5 5 5 1 1 0.001545875 0.003407 0.0015600752 0.0034095332 0.001547 0.003404 0.0015588 0.0034076 8195 4535 2848 2808 66361 3332765 26 1970868 109170 4534 21.90625 13.7109375 0.234375 1.96875
map_4 77 0 5 5 5 1 1 0.002231542 0.001060333 0.0022498584 0.0010607836 0.002231 0.001058 0.0022478 0.0010592 11773 2385 5696 1581 81081 962444 323 624801 165271 2385 35.8125 7.7197265625 0.2373046875 1.48828125
map_5 77 1 5 5 5 1 1 0.002188083 0.006083792 0.002201358 0.0060846832 0.002187 0.00608 0.0021992 0.0060818 11738 6674 4650 3675 87336 6172597 260 3374766 153681 6674 30.705078125 17.9443359375 0.240234375 1.447265625
map_6 77 0 5 5 5 1 1 0.001798125 0.000809166 0.0018072332 0.0008088746 0.001796 0.000806 0.0018042 0.0008074 9477 7082 2704 861 85094 830100 19 185310 126121 7082 21.203125 4.2041015625 0.216796875 1.482421875
map_7 77 1 5 5 5 1 1 0.001701125 0.001830583 0.0017172002 0.0018315666 0.0017 0.001828 0.0017164 0.001829 9075 3193 4620 2087 58150 1709611 89 1088231 130108 3193 30.55859375 10.1904296875 0.2255859375 1.470703125
map_8 77 0 5 5 5 1 1 0.002231959 0.003088833 0.0022433918 0.0030892918 0.002229 0.003085 0.0022408 0.0030864 11885 5924 5300 2630 95615 3011307 325 1729124 168910 5924 33.87890625 12.841796875 0.2197265625 1.7109375
map_9 77 1 5 5 5 1 1 0.001654375 0.000343209 0.0016660834 0.0003427254 0.001652 0.000342 0.0016648 0.0003418 8863 1298 3743 868 59854 290477 129 188285 116807 1298 26.2763671875 4.23828125 0.2431640625 1.3857421875
map_0 78 1 5 5 5 1 1 0.002091875 0.001757208 0.0021109586 0.0017554332 0.002092 0.001754 0.0021096 0.001752 11426 3236 4457 1967 88259 1697620 430 966476 143469 3235 29.7626953125 9.6044921875 0.228515625 1.388671875
map_1 78 0 5 5 5 1 1 0.0018245 0.0003515 0.00183815 0.0003518502 0.001823 0.000351 0.0018354 0.0003516 9812 1299 3588 924 75777 284387 216 213275 124084 1299 25.51953125 4.51171875 0.251953125 1.3681640625
map_2 78 1 5 5 5 1 1 0.001939875 0.001430458 0.0019531166 0.0014306 0.00194 0.001428 0.0019522 0.0014286 10340 3477 3402 1620 76964 1472169 29 655444 135936 3476 24.611328125 7.91015625 0.2109375 1.353515625
map_3 78 0 5 5 5 1 1 0.001343125 0.000458458 0.0013566168 0.0004602998 0.001343 0.000459 0.0013562 0.0004602 7272 2158 2963 849 50878 451523 33 180198 98797 2158 22.4677734375 4.1455078125 0.2548828125 1.3798828125
map_4 78 1 5 5 5 1 1 0.001411584 0.000650834 0.0014266832 0.0006507834 0.001411 0.000649 0.0014246 0.0006498 7444 1994 2149 1208 50896 578205 27 364784 104688 1994 18.4931640625 5.8984375 0.2021484375 1.576171875
map_5 78 0 5 5 5 1 1 0.001813334 0.000818833 0.0018218166 0.0008442584 0.00181 0.000816 0.0018176 0.0008394 9531 2142 4317 1347 68369 758597 98 453401 131314 2142 29.0791015625 6.5771484375 0.2373046875 1.5556640625
map_6 78 1 5 5 5 1 1 0.001876708 0.0015675 0.0018831 0.0015880082 0.001873 0.001564 0.0018806 0.0015794 9703 2915 3684 1949 95698 1435540 333 949632 131825 2915 25.98828125 9.5166015625 0.2138671875 1.541015625
map_7 78 0 5 5 5 1 1 0.002038084 0.002294375 0.0020514086 0.002294975 0.002036 0.002291 0.0020488 0.0022924 10819 3737 4862 2299 74480 2208477 133 1321188 155021 3737 31.740234375 11.2255859375 0.2431640625 1.7666015625
map_8 78 1 5 5 5 1 1 0.001881833 0.000879792 0.0019415082 0.0008816334 0.001881 0.00088 0.0019402 0.000881 9974 5264 4454 1071 71241 901856 67 286563 131946 5264 29.748046875 5.2294921875 0.2666015625 1.5029296875
map_9 78 0 5 5 5 1 1 0.00130175 0.00056975 0.00129295 0.000569925 0.001294 0.00057 0.0012898 0.0005698 6833 2321 2444 1085 42379 509621 22 294158 88565 2321 19.93359375 5.2978515625 0.2138671875 1.4912109375
map_0 79 0 5 5 5 1 1 0.002068708 0.000705708 0.0020814248 0.0006970582 0.002066 0.000701 0.0020792 0.0006936 11336 1778 5134 1236 60497 573823 641 381741 134821 1778 33.068359375 6.03515625 0.240234375 1.5322265625
map_1 79 1 5 5 5 1 1 0.001416 0.001002917 0.0014480166 0.0010038414 0.001415 0.001002 0.0014418 0.0010024 7588 2569 2583 1426 60400 972340 64 507905 96438 2569 20.6123046875 6.962890625 0.2666015625 1.4326171875
map_2 79 0 5 5 5 1 1 0.002444041 0.001788041 0.002466325 0.0017895414 0.002441 0.001787 0.0024638 0.0017862 13222 3235 5461 2022 92965 1642363 659 1021481 179010 3235 34.6650390625 9.873046875 0.2607421875 1.482421875
map_3 79 1 5 5 5 1 1 0.002153709 0.000614333 0.002166767 0.0006146414 0.00215 0.000612 0.0021648 0.0006124 11524 1813 4185 1141 91103 565774 143 325150 147765 1813 28.4345703125 5.5712890625 0.2255859375 1.34765625
map_4 79 0 5 5 5 1 1 0.002014458 0.011466417 0.0020209752 0.0117171418 0.002013 0.011454 0.0020196 0.011711 10810 8806 5132 5131 76915 11231214 313 6581716 152470 8806 33.05859375 25.0537109375 0.2578125 2.05078125
map_5 79 1 5 5 5 1 1 0.002057042 0.002792583 0.0020719918 0.0027920082 0.002056 0.002791 0.0020718 0.0027912 10839 4203 5187 2526 85524 2721116 204 1594715 148759 4203 33.3271484375 12.333984375 0.234375 1.7607421875
map_6 79 0 5 5 5 1 1 0.002062208 0.000367792 0.0020688834 0.0003704584 0.002061 0.000368 0.0020624 0.0003702 10824 1561 5014 898 69700 309031 223 201567 151326 1561 32.482421875 4.384765625 0.2109375 1.423828125
map_7 79 1 5 5 5 1 1 0.001945625 0.000264917 0.0019578748 0.0002649582 0.001944 0.000264 0.0019558 0.0002644 10420 1104 5370 775 72158 216188 440 150077 142048 1104 34.220703125 3.7841796875 0.2373046875 1.4033203125
map_8 79 0 5 5 5 1 1 0.002183125 0.001169875 0.0021898168 0.0011686 0.00218 0.00117 0.002188 0.0011676 11478 9707 5596 1133 73829 1181308 395 320907 152010 9707 35.32421875 5.5322265625 0.240234375 1.5791015625
map_9 79 1 5 5 5 1 1 0.001915292 0.001446542 0.0019216836 0.001455092 0.001913 0.001446 0.001919 0.0014532 10299 2944 4350 1801 64108 1363718 287 810533 130978 2944 29.240234375 8.7939453125 0.24609375 1.46484375
map_0 80 1 5 5 5 1 1 0.001430417 0.00027475 0.001430142 0.0002744666 0.00143 0.000273 0.0014292 0.0002734 7805 1238 2604 772 51829 224231 69 148993 101790 1238 20.71484375 3.76953125 0.2138671875 1.435546875
map_1 80 0 5 5 5 1 1 0.001442958 0.002252084 0.001453525 0.0022492838 0.00144 0.002251 0.0014518 0.002247 7699 3882 2312 2187 54569 2221528 132 1195358 92813 3882 19.2890625 10.6787109375 0.1875 1.5703125
map_2 80 1 5 5 5 1 1 0.002137291 0.000263417 0.002158225 0.0002638336 0.002134 0.000262 0.0021564 0.0002628 11279 1028 3463 795 123334 209604 93 157972 128852 1028 24.9091796875 3.8818359375 0.216796875 1.4267578125
map_3 80 0 5 5 5 1 1 0.001490458 0.000810833 0.0015242916 0.000811975 0.001489 0.00081 0.001516 0.000811 8130 2023 3947 1398 54273 715964 46 488067 106095 2023 27.2724609375 6.826171875 0.2666015625 1.3505859375
map_4 80 1 5 5 5 1 1 0.001541667 0.002175125 0.0015692588 0.0021770082 0.001542 0.002172 0.0015678 0.0021746 8343 3732 4223 2216 54919 2101981 122 1227090 114799 3732 28.6201171875 10.8203125 0.2255859375 1.4619140625
map_5 80 0 5 5 5 1 1 0.001695 0.009728167 0.0017085836 0.0097308416 0.001692 0.009728 0.001707 0.0097284 9080 8319 3530 4799 63312 9708975 73 5756982 120625 8318 25.236328125 23.4326171875 0.24609375 1.7724609375
map_6 80 1 5 5 5 1 1 0.001483166 0.002184125 0.0014929166 0.0021851084 0.001483 0.002182 0.0014922 0.0021836 7946 3839 2375 2155 64718 2173426 111 1160975 97888 3839 19.5966796875 10.5224609375 0.2373046875 1.4765625
map_7 80 0 5 5 5 1 1 0.001713958 0.000614 0.0017301666 0.0006149 0.001714 0.000614 0.0017296 0.0006144 9124 1811 3671 1180 80541 547141 49 347747 133755 1811 25.9248046875 5.76171875 0.2197265625 1.412109375
map_8 80 1 5 5 5 1 1 0.001708291 0.002646292 0.0017452082 0.0026469748 0.001704 0.002643 0.001742 0.0026442 8728 4820 3718 2398 75055 2599975 78 1437424 122566 4820 26.154296875 11.708984375 0.234375 1.7666015625
map_9 80 0 5 5 5 1 1 0.0012935 0.001241167 0.0012960168 0.0012404168 0.001294 0.001241 0.0012948 0.00124 6883 2990 2058 1652 36162 1161782 12 681978 90837 2990 18.048828125 8.06640625 0.2080078125 1.587890625
map_0 81 0 5 5 5 1 1 0.002358208 0.000328792 0.0023623416 0.0003292832 0.002358 0.000329 0.0023602 0.000329 12530 1326 5061 877 105355 267894 530 192257 151600 1326 32.7119140625 4.2822265625 0.2724609375 1.3916015625
map_1 81 1 5 5 5 1 1 0.00151975 0.002148167 0.0015266834 0.0021459336 0.001516 0.002145 0.0015244 0.0021432 8144 5506 3153 2140 59109 2070464 133 1144487 97068 5506 23.3955078125 10.44921875 0.181640625 1.611328125
map_2 81 0 5 5 5 1 1 0.001489083 0.000534792 0.001495625 0.0005351834 0.001485 0.000535 0.001494 0.0005348 7913 1708 2703 1085 65296 473441 44 294055 103206 1708 21.1982421875 5.2978515625 0.263671875 1.39453125
map_3 81 1 5 5 5 1 1 0.001308208 0.002262 0.0013218914 0.0022655084 0.001308 0.002258 0.0013198 0.0022622 7049 3639 3220 2304 55973 2148597 82 1326109 91403 3639 23.72265625 11.25 0.1962890625 1.37109375
map_4 81 0 5 5 5 1 1 0.002022625 0.00671075 0.002048625 0.0067132418 0.002022 0.006711 0.002048 0.0067118 11046 7353 4868 3794 68127 6753669 555 3598213 147938 7353 31.76953125 18.525390625 0.240234375 1.962890625
map_5 81 1 5 5 5 1 1 0.001784 0.008741 0.001802842 0.0087448418 0.00178 0.00874 0.0018004 0.008743 9769 7917 3985 4441 59281 8873116 124 4928488 126919 7917 27.4580078125 21.6845703125 0.240234375 1.423828125
map_6 81 0 5 5 5 1 1 0.002406833 0.00133975 0.0024252832 0.00134245 0.002403 0.00134 0.0024218 0.001341 12535 4575 5095 1654 142890 1271266 359 683326 168174 4575 32.8779296875 8.076171875 0.228515625 1.4326171875
map_7 81 1 5 5 5 1 1 0.001569375 0.000237083 0.0015842668 0.0002382336 0.001567 0.000237 0.0015834 0.0002366 8587 1038 4107 732 53357 190100 91 133880 119493 1038 28.0537109375 3.57421875 0.240234375 1.341796875
map_8 81 0 5 5 5 1 1 0.001826125 0.000877625 0.0018437 0.0008780332 0.001825 0.000877 0.0018426 0.0008768 9850 7030 3734 1096 67133 844903 326 300199 134680 7030 26.232421875 5.3515625 0.19921875 1.447265625
map_9 81 1 5 5 5 1 1 0.001929208 0.00150925 0.0019368416 0.0015147582 0.001925 0.001507 0.0019346 0.0015118 10285 3103 5410 1837 67106 1429477 581 843444 140036 3103 34.416015625 8.9697265625 0.228515625 1.6787109375
map_0 82 1 5 5 5 1 1 0.0019795 0.000379417 0.0020013252 0.0003793582 0.001977 0.000379 0.0019994 0.0003788 10699 1257 4152 950 75333 316531 602 225476 144455 1257 28.2734375 4.638671875 0.2548828125 1.3740234375
map_1 82 0 5 5 5 1 1 0.00189175 0.000800416 0.0019055252 0.000804033 0.001891 0.0008 0.0019034 0.0008028 10233 1948 3819 1389 71514 724669 145 482257 132091 1948 26.6474609375 6.7822265625 0.22265625 1.359375
map_2 82 1 5 5 5 1 1 0.00181975 0.001113375 0.0018451416 0.0011139002 0.001817 0.00111 0.0018442 0.0011124 9539 2502 2428 1537 100714 1070011 9 590146 125061 2502 19.85546875 7.5048828125 0.205078125 1.39453125
map_3 82 0 5 5 5 1 1 0.002032709 0.001012584 0.0020411252 0.0010138252 0.002032 0.001011 0.0020394 0.0010122 10838 2570 4849 1432 72147 981673 285 512213 140403 2570 31.6767578125 6.9921875 0.251953125 1.453125
map_4 82 1 5 5 5 1 1 0.001959708 0.000990458 0.0019546082 0.0009913832 0.00196 0.00099 0.0019544 0.0009906 10141 2418 4458 1470 67805 896557 189 539874 146534 2418 29.767578125 7.177734375 0.2373046875 1.447265625
map_5 82 0 5 5 5 1 1 0.001828334 0.000731417 0.0019437086 0.0007341334 0.001829 0.000729 0.0019394 0.0007334 9798 1940 3941 1306 67172 641573 99 426016 120809 1940 27.2431640625 6.376953125 0.2431640625 1.423828125
map_6 82 1 5 5 5 1 1 0.001536875 0.00049675 0.0015395168 0.000498375 0.001536 0.000496 0.001538 0.0004972 8057 5173 1982 813 56824 439985 35 165240 102526 5173 17.677734375 3.9697265625 0.22265625 1.4677734375
map_7 82 0 5 5 5 1 1 0.001980875 0.002263417 0.0019951334 0.0022640584 0.001981 0.002261 0.0019944 0.0022618 10453 3545 5373 2313 70782 2151668 258 1336472 150245 3545 34.2353515625 11.2939453125 0.251953125 1.39453125
map_8 82 1 5 5 5 1 1 0.001970708 0.001679583 0.0019809584 0.0016806166 0.001971 0.001677 0.0019804 0.0016794 10413 11747 5242 1725 75281 1538414 202 743342 147472 11747 33.595703125 8.4228515625 0.2578125 1.5498046875
map_9 82 0 5 5 5 1 1 0.001958584 0.000482583 0.0019886 0.0004832 0.001957 0.000482 0.001986 0.0004828 10721 1668 4882 1039 66534 419809 374 269813 139661 1668 31.837890625 5.0732421875 0.2724609375 1.5380859375
map_0 83 0 5 5 5 1 1 0.001361125 0.0019555 0.0013756082 0.001956 0.001358 0.001955 0.001373 0.0019552 7427 5366 2197 1898 48335 2008004 131 900101 94082 5366 18.7275390625 9.267578125 0.2197265625 1.5263671875
map_1 83 1 5 5 5 1 1 0.001074584 0.0005485 0.0010835836 0.0005476836 0.001074 0.000547 0.0010816 0.000547 5786 1688 1741 1113 42667 480393 90 309466 68150 1688 16.5009765625 5.4345703125 0.2080078125 1.4326171875
map_2 83 0 5 5 5 1 1 0.001824333 0.0055585 0.0018437584 0.0055600252 0.001821 0.005555 0.001841 0.0055568 9809 6376 4592 3591 65415 5515259 303 3223384 134179 6375 30.421875 17.5341796875 0.2431640625 2.021484375
map_3 83 1 5 5 5 1 1 0.001835041 0.00226625 0.0018454246 0.002267325 0.001833 0.002263 0.0018444 0.0022648 9828 3903 5137 2151 67076 2312432 406 1155906 136112 3902 33.0830078125 10.5029296875 0.2109375 1.40625
map_4 83 0 5 5 5 1 1 0.002381125 0.000392083 0.0024016084 0.0003927832 0.002377 0.000391 0.0023986 0.0003918 12812 1775 5990 922 77827 329395 858 212388 186641 1775 37.248046875 4.501953125 0.2578125 1.5029296875
map_5 83 1 5 5 5 1 1 0.001780125 0.001139625 0.0017872748 0.0011393752 0.00178 0.001137 0.0017852 0.0011376 9423 3018 3392 1494 69413 1117271 59 557460 122990 3018 24.5625 7.294921875 0.2373046875 1.435546875
map_6 83 0 5 5 5 1 1 0.001794083 0.001293917 0.0018018998 0.0012977168 0.001792 0.001291 0.0017998 0.0012964 9399 9592 3727 1368 91522 1250236 102 467402 130014 9592 26.1982421875 6.6796875 0.2548828125 1.435546875
map_7 83 1 5 5 5 1 1 0.001728625 0.00214775 0.0017360668 0.002148 0.001726 0.002145 0.0017336 0.002146 9281 4127 5124 2109 66841 2151013 207 1111370 129329 4127 33.01953125 10.2978515625 0.2490234375 1.58203125
map_8 83 0 5 5 5 1 1 0.001804083 0.003790625 0.0018143332 0.0037912666 0.0018 0.00379 0.0018114 0.0037902 9453 6392 3055 2860 85857 3807366 180 2044462 125961 6392 22.9169921875 13.96484375 0.2255859375 1.9306640625
map_9 83 1 5 5 5 1 1 0.001315875 0.003015 0.0013282 0.0030156082 0.001315 0.003012 0.0013272 0.0030132 7072 4394 3254 2595 46771 2981988 36 1682326 99659 4394 23.888671875 12.6708984375 0.2314453125 1.3623046875
map_0 84 1 5 5 5 1 1 0.001723167 0.000361708 0.0017383084 0.0003652664 0.001721 0.000359 0.0017374 0.000364 9282 1217 3974 842 57514 256093 104 177180 115641 1217 27.404296875 4.111328125 0.24609375 1.4091796875
map_1 84 0 5 5 5 1 1 0.0017705 0.0005355 0.0017801502 0.0005351 0.001768 0.000534 0.0017774 0.0005342 9616 1736 4151 1028 74504 502384 572 264040 116990 1736 28.2685546875 5.01953125 0.216796875 1.4560546875
map_2 84 1 5 5 5 1 1 0.001829667 0.001432875 0.0018365916 0.0014338582 0.001829 0.00143 0.0018356 0.001432 9798 2731 2727 1865 68779 1310068 104 869362 131851 2731 21.3154296875 9.1064453125 0.2314453125 1.3740234375
map_3 84 0 5 5 5 1 1 0.001325834 0.002094042 0.0013331752 0.0021211584 0.001323 0.002093 0.0013314 0.002118 7230 3697 2055 2127 50624 2106736 42 1130950 90723 3697 18.0341796875 10.3857421875 0.205078125 1.740234375
map_4 84 1 5 5 5 1 1 0.001842208 0.001211333 0.0018495498 0.0012183666 0.00184 0.00121 0.0018484 0.0012164 9833 2893 4050 1630 70453 1139819 474 663668 136406 2893 27.775390625 7.958984375 0.2666015625 1.4736328125
map_5 84 0 5 5 5 1 1 0.00159475 0.004471875 0.0016083834 0.0044708416 0.001594 0.004468 0.0016056 0.0044686 8585 5884 3355 3040 56720 4652283 67 2309154 111730 5883 24.3818359375 14.84375 0.240234375 1.517578125
map_6 84 1 5 5 5 1 1 0.00228575 0.002561709 0.002300508 0.002559375 0.002286 0.00256 0.0022982 0.0025582 11931 10000 4525 2260 116409 2474989 361 1276591 163622 10000 30.0947265625 11.03515625 0.251953125 1.78125
map_7 84 0 5 5 5 1 1 0.001958875 0.002622917 0.0019488586 0.0026560336 0.001956 0.002623 0.0019464 0.0026542 10039 4309 5352 2349 87815 2638518 183 1379022 139190 4309 34.1328125 11.4697265625 0.2373046875 1.5673828125
map_8 84 1 5 5 5 1 1 0.001896792 0.001377791 0.0019153332 0.001377975 0.001897 0.001375 0.001914 0.0013756 10104 3048 4246 1722 61635 1321230 433 741152 133814 3048 28.732421875 8.408203125 0.24609375 1.634765625
map_9 84 0 5 5 5 1 1 0.001760625 0.000595375 0.0017722586 0.0005961082 0.001758 0.000593 0.0017698 0.0005948 9459 2004 5162 1101 58998 548186 690 302982 125277 2003 33.205078125 5.3759765625 0.2490234375 1.5380859375
map_0 85 0 5 5 5 1 1 0.001707375 0.000274041 0.001723025 0.0002744166 0.001707 0.000273 0.0017226 0.0002736 9160 1073 3041 777 66908 229516 57 150861 108744 1073 22.8486328125 3.7939453125 0.2021484375 1.3740234375
map_1 85 1 5 5 5 1 1 0.001662916 0.001559 0.0016664416 0.0015594582 0.001659 0.001558 0.0016654 0.001557 8944 2975 1831 1883 62290 1474155 277 885614 107427 2975 16.9404296875 9.1943359375 0.1728515625 1.3330078125
map_2 85 0 5 5 5 1 1 0.001621291 0.0008875 0.0016321246 0.000889125 0.001619 0.000887 0.0016304 0.000888 8630 2182 2595 1448 71816 796586 42 523597 116442 2182 20.6708984375 7.0703125 0.2666015625 1.318359375
map_3 85 1 5 5 5 1 1 0.001949541 0.001096125 0.0019614916 0.0010956082 0.001946 0.001094 0.0019592 0.0010938 10452 12417 3922 1201 74037 966339 184 360198 134687 12417 27.150390625 5.8642578125 0.263671875 1.3505859375
map_4 85 0 5 5 5 1 1 0.001930083 0.000393083 0.0019475166 0.0003929748 0.001929 0.000391 0.001946 0.000392 10281 1874 5167 894 69883 336742 282 199655 143703 1874 33.2294921875 4.365234375 0.19921875 1.4296875
map_5 85 1 5 5 5 1 1 0.001865584 0.004141583 0.0019127498 0.0041404084 0.001864 0.004139 0.0019102 0.0041384 9726 5078 3516 3149 76822 3981420 246 2477596 128812 5078 25.16796875 15.3759765625 0.263671875 1.388671875
map_6 85 0 5 5 5 1 1 0.001896459 0.000820708 0.0018953002 0.0008210414 0.001893 0.000821 0.0018924 0.0008206 9869 15947 3267 950 89621 588097 116 225458 127906 15947 23.9521484375 4.638671875 0.1875 1.3798828125
map_7 85 1 5 5 5 1 1 0.002286792 0.000568417 0.0022958086 0.0005694334 0.002285 0.000568 0.0022936 0.0005686 12236 1817 5730 1159 85146 486344 308 335459 166816 1817 35.978515625 5.6591796875 0.24609375 1.40625
map_8 85 0 5 5 5 1 1 0.001792583 0.001326125 0.0018119248 0.0013286336 0.001792 0.001324 0.0018098 0.001327 9646 3257 3731 1631 71203 1310795 240 664390 131591 3257 26.2177734375 7.9638671875 0.193359375 1.3681640625
map_9 85 1 5 5 5 1 1 0.001951875 0.000651667 0.0019753 0.0006522 0.001948 0.00065 0.0019726 0.0006508 10514 2046 5354 1186 75974 590692 578 351450 139436 2046 34.142578125 5.791015625 0.2431640625 1.388671875
map_0 86 1 5 5 5 1 1 0.001547417 0.00237225 0.0015573164 0.0023750502 0.001546 0.002369 0.0015552 0.0023724 8330 4074 2564 2243 58123 2374112 105 1257359 108621 4074 20.51953125 10.9521484375 0.2021484375 1.5615234375
map_1 86 0 5 5 5 1 1 0.001838833 0.009846375 0.0018428248 0.009858708 0.001838 0.009846 0.001841 0.0098568 9820 8537 4145 4765 67740 9875072 190 5676280 128323 8536 28.2392578125 23.2666015625 0.24609375 1.37109375
map_2 86 1 5 5 5 1 1 0.00147875 0.000999708 0.0014907002 0.0010028498 0.001479 0.000997 0.00149 0.0010006 8013 2495 3256 1482 50352 927775 21 548647 108203 2495 23.8984375 7.236328125 0.22265625 1.5146484375
map_3 86 0 5 5 5 1 1 0.001562167 0.000261375 0.0015786836 0.0002619416 0.001563 0.000261 0.0015786 0.0002616 8432 1049 3935 792 61393 208635 126 156740 112163 1049 27.2138671875 3.8671875 0.2255859375 1.3388671875
map_4 86 1 5 5 5 1 1 0.001339459 0.00127375 0.0013514836 0.001273417 0.001339 0.001273 0.0013508 0.0012712 7086 3081 2837 1622 48538 1232001 8 657601 99604 3081 21.8525390625 7.919921875 0.2373046875 1.4326171875
map_5 86 0 5 5 5 1 1 0.001592041 0.000888917 0.0016114248 0.0008911084 0.001589 0.000888 0.0016094 0.0008896 8518 2197 2826 1413 59724 818381 22 498912 111667 2197 21.798828125 6.8994140625 0.2666015625 1.453125
map_6 86 1 5 5 5 1 1 0.001949333 0.002430917 0.0019609164 0.0024305084 0.001949 0.002431 0.0019586 0.0024298 10516 18367 4816 2155 72348 2148202 285 1160162 135085 18367 31.515625 10.5224609375 0.2255859375 1.4501953125
map_7 86 0 5 5 5 1 1 0.001912792 0.00071175 0.0019326418 0.0007125666 0.001909 0.000712 0.0019308 0.0007122 10347 1959 4507 1241 76300 660337 409 384611 134398 1959 30.0068359375 6.0595703125 0.1904296875 1.3828125
map_8 86 1 5 5 5 1 1 0.001979917 0.000808458 0.0019941254 0.0008083998 0.001978 0.000807 0.0019936 0.0008068 10600 5888 4010 917 90660 846341 276 210066 140519 5888 27.580078125 4.4775390625 0.234375 1.435546875
map_9 86 0 5 5 5 1 1 0.001645291 0.000743458 0.00164585 0.0007447334 0.001642 0.000743 0.0016418 0.0007444 8597 2140 3396 1270 65173 681268 32 402870 108121 2140 24.58203125 6.201171875 0.2548828125 1.46484375
map_0 87 0 5 5 5 1 1 0.001573459 0.005206542 0.0015915418 0.0052079254 0.001574 0.005204 0.0015902 0.005206 8534 5836 2804 3406 55309 5278854 70 2899346 111640 5836 21.69140625 16.630859375 0.24609375 1.3125
map_1 87 1 5 5 5 1 1 0.001567125 0.000453083 0.0015927334 0.000452375 0.001568 0.000451 0.0015924 0.0004508 8622 1584 4398 1013 57238 386081 430 256293 116627 1584 29.474609375 4.9462890625 0.2314453125 1.39453125
map_2 87 0 5 5 5 1 1 0.001630625 0.002196459 0.001632833 0.002197025 0.001628 0.002197 0.0016304 0.0021962 8632 3802 2043 2199 56868 2116808 158 1208274 112755 3802 17.9755859375 10.7373046875 0.1728515625 1.53515625
map_3 87 1 5 5 5 1 1 0.001961125 0.000870625 0.0019689666 0.0008716666 0.001958 0.00087 0.0019668 0.0008706 10400 2133 4689 1377 90156 819477 572 473523 136557 2133 30.8955078125 6.7236328125 0.2548828125 1.3095703125
map_4 87 0 5 5 5 1 1 0.001484125 0.001835375 0.0015005332 0.0018352166 0.001481 0.001832 0.0014978 0.0018332 7976 3810 3053 1910 55368 1855480 102 911317 111494 3810 22.9072265625 9.326171875 0.240234375 1.623046875
map_5 87 1 5 5 5 1 1 0.002133833 0.00058775 0.0021209168 0.000588725 0.002133 0.000588 0.0021174 0.0005876 10833 1683 5627 1159 84551 520630 308 335814 153051 1683 35.4755859375 5.6591796875 0.1962890625 1.5205078125
map_6 87 0 5 5 5 1 1 0.001243208 0.00091625 0.0012537582 0.0009176666 0.001241 0.000916 0.0012512 0.000916 6521 10287 1767 1006 56495 849600 58 252943 88882 10287 16.6279296875 4.912109375 0.1962890625 1.5732421875
map_7 87 1 5 5 5 1 1 0.001439542 0.000535542 0.0014505834 0.0005364332 0.001439 0.000535 0.0014496 0.0005352 7852 1695 2883 1056 50556 492653 10 278521 107817 1695 22.0771484375 5.15625 0.19921875 1.41796875
map_8 87 0 5 5 5 1 1 0.001553375 0.00398775 0.0015607836 0.0039947834 0.00155 0.003986 0.001559 0.003993 8361 6877 3136 2898 66350 4041983 34 2099384 107075 6877 23.3125 14.150390625 0.2255859375 1.6083984375
map_9 87 1 5 5 5 1 1 0.001555125 0.006559875 0.0015712418 0.0065523 0.001551 0.006557 0.0015692 0.0065478 8442 6745 3557 3869 53947 6551418 138 3742026 107826 6744 25.3681640625 18.8916015625 0.2138671875 1.9423828125
map_0 88 1 5 5 5 1 1 0.001789125 0.000352375 0.0018002168 0.0003516752 0.001788 0.000351 0.0017986 0.0003508 9704 1282 4255 882 62513 300876 233 194314 127542 1282 28.7763671875 4.306640625 0.240234375 1.37109375
map_1 88 0 5 5 5 1 1 0.00176975 0.001284042 0.001778125 0.0012843832 0.001767 0.001284 0.001776 0.0012838 9407 2655 3442 1781 69338 1175791 102 792465 117035 2655 24.806640625 8.6962890625 0.2197265625 1.4326171875
map_2 88 1 5 5 5 1 1 0.001685334 0.00119175 0.0017138752 0.0011906248 0.001683 0.001188 0.0017094 0.0011868 8671 2741 2942 1557 55642 1155236 85 605490 118939 2741 22.365234375 7.6025390625 0.234375 1.46484375
map_3 88 0 5 5 5 1 1 0.00206 0.002538625 0.0020763332 0.0025387832 0.002056 0.002538 0.0020748 0.0025374 11190 4975 4483 2341 78861 2510370 422 1368980 148232 4975 29.8896484375 11.4306640625 0.216796875 1.30078125
map_4 88 1 5 5 5 1 1 0.001837792 0.00101275 0.0018407832 0.0010713418 0.001837 0.001013 0.0018404 0.0010692 9748 2263 4201 1543 71459 915046 90 594850 137898 2263 28.5126953125 7.5341796875 0.22265625 1.5263671875
map_5 88 0 5 5 5 1 1 0.002445458 0.009903125 0.0024544998 0.0099028082 0.002443 0.009901 0.0024514 0.009902 13082 8460 4863 4833 105827 9926702 259 5839351 170384 8460 31.7451171875 23.5986328125 0.2490234375 1.93359375
map_6 88 1 5 5 5 1 1 0.002629459 0.00040375 0.0026469 0.0004037168 0.002626 0.000403 0.0026442 0.0004026 13748 3570 5232 838 149240 335345 579 175492 179997 3570 33.546875 4.091796875 0.2548828125 1.40625
map_7 88 0 5 5 5 1 1 0.001721792 0.000459958 0.001707825 0.0004610584 0.001721 0.00046 0.001706 0.00046 9046 1601 3708 1035 60423 389606 65 267536 124863 1601 26.10546875 5.0537109375 0.275390625 1.3857421875
map_8 88 1 5 5 5 1 1 0.001801417 0.00075525 0.0018175666 0.0007561 0.001801 0.000755 0.001816 0.0007546 9577 5744 3445 1123 69413 672779 44 315033 125976 5744 24.8212890625 5.4833984375 0.2607421875 1.41796875
map_9 88 0 5 5 5 1 1 0.001604458 0.000609666 0.001623975 0.0006111162 0.001601 0.000609 0.001621 0.000609 8832 1955 3376 1166 56040 539360 210 339860 112097 1955 24.484375 5.693359375 0.2314453125 1.5
map_0 89 0 5 5 5 1 1 0.001648458 0.001865292 0.0016616166 0.0018652754 0.001648 0.001862 0.0016594 0.0018632 8831 3465 2589 2034 69464 1804426 134 1033487 105849 3465 20.6416015625 9.931640625 0.2138671875 1.435546875
map_1 89 1 5 5 5 1 1 0.001667667 0.000441333 0.001674392 0.0004430416 0.001665 0.000441 0.0016712 0.0004424 9009 1581 3372 970 60476 388427 117 235064 113270 1581 24.46484375 4.736328125 0.2138671875 1.4501953125
map_2 89 0 5 5 5 1 1 0.001540625 0.00070175 0.00155185 0.0007014252 0.001537 0.0007 0.0015502 0.0007 8180 1872 2364 1272 67100 626074 105 404296 107604 1872 19.54296875 6.2109375 0.1962890625 1.39453125
map_3 89 1 5 5 5 1 1 0.0015765 0.00103975 0.0016188832 0.001040075 0.001576 0.001038 0.0016168 0.0010384 8371 2311 3202 1522 61451 974031 34 578697 106609 2311 23.634765625 7.431640625 0.1962890625 1.400390625
map_4 89 0 5 5 5 1 1 0.001798833 0.001108667 0.001801425 0.0011219166 0.001799 0.001105 0.0017994 0.0011196 9453 2514 3476 1588 64886 1016638 116 630103 134474 2514 24.97265625 7.75390625 0.240234375 1.6171875
map_5 89 1 5 5 5 1 1 0.002231917 0.001736583 0.0022371998 0.0017365336 0.002229 0.001734 0.002235 0.0017344 11930 3358 3752 1961 101238 1669912 361 960624 153942 3358 26.3203125 9.5751953125 0.240234375 1.4736328125
map_6 89 0 5 5 5 1 1 0.001803875 0.001814417 0.0018142584 0.001837592 0.001801 0.001811 0.001812 0.0018336 9550 3352 2975 2041 88802 1751151 261 1040627 122747 3352 22.5263671875 9.9658203125 0.228515625 1.453125
map_7 89 1 5 5 5 1 1 0.001634084 0.000444333 0.0016436084 0.00044405 0.001634 0.000444 0.0016428 0.0004434 8697 1585 4652 999 55948 379538 136 249285 122176 1585 30.71484375 4.8779296875 0.2109375 1.4208984375
map_8 89 0 5 5 5 1 1 0.002056208 0.00274925 0.0020650584 0.0027477834 0.002056 0.002746 0.0020634 0.0027454 10954 7201 4469 2420 76513 2667184 197 1463126 156032 7200 29.8212890625 11.81640625 0.2431640625 1.5439453125
map_9 89 1 5 5 5 1 1 0.001209541 0.000964667 0.0012354166 0.0009640084 0.001209 0.000961 0.0012324 0.000962 6386 2278 2281 1529 35539 856360 15 584274 86106 2276 19.1376953125 7.4658203125 0.2080078125 1.611328125
map_0 90 1 5 5 5 1 1 0.001733708 0.000769 0.0017376332 0.0007693998 0.00173 0.000766 0.0017368 0.0007678 9349 2466 3887 1216 53884 736546 200 369638 121103 2466 26.9794921875 5.9375 0.2373046875 1.5703125
map_1 90 0 5 5 5 1 1 0.001608625 0.000707833 0.001617817 0.0007074084 0.001608 0.000706 0.0016166 0.0007058 8680 2202 3392 1180 62443 686560 339 348008 109889 2202 24.5625 5.76171875 0.2109375 1.58203125
map_2 90 1 5 5 5 1 1 0.002187416 0.00043925 0.0021634414 0.000439525 0.002187 0.00044 0.0021622 0.0004392 11396 1546 5063 970 78766 388822 369 234992 153316 1546 32.7216796875 4.736328125 0.2548828125 1.412109375
map_3 90 0 5 5 5 1 1 0.00164625 0.001067167 0.001632175 0.0010661166 0.001646 0.001064 0.001631 0.001064 8627 4855 3525 1443 62443 993632 25 520103 114137 4855 25.2119140625 7.0458984375 0.2578125 1.447265625
map_4 90 1 5 5 5 1 1 0.001656208 0.000567833 0.0016505168 0.0005683918 0.001653 0.000568 0.001649 0.000568 8795 1743 4534 1120 58088 507941 88 313522 122799 1743 30.138671875 5.46875 0.2578125 1.48828125
map_5 90 0 5 5 5 1 1 0.001683125 0.000349 0.0017006336 0.0003487748 0.00168 0.000349 0.0016978 0.0003488 9176 1501 4106 806 62520 315320 55 162406 123892 1501 28.048828125 3.935546875 0.22265625 1.4091796875
map_6 90 1 5 5 5 1 1 0.001678958 0.001936083 0.0016919748 0.0019365582 0.001676 0.001933 0.0016904 0.0019334 8910 8116 3103 1867 72184 1916057 32 870947 115939 8116 23.1513671875 9.1162109375 0.2255859375 1.4560546875
map_7 90 0 5 5 5 1 1 0.001569083 0.000907292 0.001582675 0.0009081752 0.001568 0.000906 0.0015818 0.0009074 8525 2359 3920 1437 54353 841386 83 515713 115372 2358 27.140625 7.0166015625 0.2138671875 1.341796875
map_8 90 1 5 5 5 1 1 0.0019685 0.001629833 0.0019622164 0.0016291166 0.001967 0.001627 0.0019618 0.0016262 10403 12931 4054 1239 85248 1738960 195 383427 134930 12930 27.794921875 6.0498046875 0.2431640625 1.4150390625
map_9 90 0 5 5 5 1 1 0.001835417 0.002349875 0.0018433332 0.002354 0.001835 0.002348 0.001842 0.0023514 9725 4221 4393 2251 66324 2321101 236 1266569 132453 4221 29.4501953125 10.9912109375 0.2314453125 1.505859375
map_0 91 0 5 5 5 1 1 0.001568125 0.000716 0.0015829252 0.0007157168 0.001568 0.000714 0.0015812 0.000715 8409 1951 3074 1269 59338 645494 209 402223 105582 1951 23.009765625 6.1962890625 0.251953125 1.453125
map_1 91 1 5 5 5 1 1 0.001734958 0.003996041 0.0017453666 0.0040606664 0.001732 0.003996 0.0017434 0.0040592 9259 59489 3785 1469 60115 3916479 192 538982 127993 59489 26.4814453125 7.1728515625 0.2197265625 1.3095703125
map_2 91 0 5 5 5 1 1 0.002141 0.002010458 0.0021479086 0.0020469834 0.002137 0.002008 0.0021452 0.0020436 11471 3508 4116 2154 87430 1900568 615 1159220 141374 3508 28.09765625 10.517578125 0.2138671875 1.453125
map_3 91 1 5 5 5 1 1 0.001655584 0.001569583 0.001675325 0.0015721998 0.001652 0.001567 0.0016712 0.0015682 8501 3291 3323 1881 55748 1482803 39 884216 115007 3291 24.2255859375 9.1845703125 0.240234375 1.5380859375
map_4 91 0 5 5 5 1 1 0.001880834 0.000893333 0.0019021252 0.0008993082 0.001878 0.000893 0.0019002 0.000897 10065 2645 4410 1271 69507 895261 63 403525 143150 2645 29.533203125 6.2060546875 0.240234375 1.46484375
map_5 91 1 5 5 5 1 1 0.002012625 0.007012 0.0020210248 0.007010683 0.00201 0.00701 0.0020196 0.0070084 10697 6705 5290 4095 82341 6891162 151 4190534 144912 6705 33.830078125 19.9951171875 0.2080078125 1.5498046875
map_6 91 0 5 5 5 1 1 0.001393167 0.000893041 0.001402992 0.0008954166 0.001391 0.000889 0.0014012 0.0008936 7166 2277 2504 1412 74404 816843 1 498247 96944 2277 20.2265625 6.89453125 0.234375 1.4150390625
map_7 91 1 5 5 5 1 1 0.002102541 0.000249917 0.0021137918 0.0002497836 0.002099 0.000248 0.0021122 0.0002488 10966 1055 5501 763 97606 197797 138 145506 157394 1055 34.8603515625 3.7255859375 0.26953125 1.4033203125
map_8 91 0 5 5 5 1 1 0.001624708 0.000469 0.0016411 0.0004628834 0.001621 0.000469 0.0016394 0.0004608 8762 2057 3377 940 62372 395361 79 220899 124973 2057 24.4892578125 4.58984375 0.2490234375 1.470703125
map_9 91 1 5 5 5 1 1 0.001722959 0.001848917 0.0017353082 0.0018536 0.001719 0.001846 0.0017326 0.0018506 9292 3108 4309 2138 55047 1693780 425 1141901 119413 3108 29.0400390625 10.439453125 0.19921875 1.3681640625
