# map seed opt_first repeats opt_success con_success opt_deterministic con_deterministic opt_run_time con_run_time opt_wall_mean con_wall_mean opt_cpu_time con_cpu_time opt_cpu_mean con_cpu_mean opt_iterations con_iterations opt_nodes con_nodes opt_nn_checks con_nn_checks opt_connection_checks con_connection_checks opt_collision_checks con_collision_checks opt_tree_mem con_tree_mem opt_path_mem con_path_mem
map_0 42 1 5 5 5 1 1 0.000816625 0.001226125 0.0008556752 0.0013583668 0.000817 0.001223 0.0008478 0.0013562 4433 2278 2870 1800 21033 1061699 49 809213 65309 2278 22.013671875 8.7890625 0.1875 1.3037109375
map_1 42 0 5 5 5 1 1 0.000982708 0.001311791 0.0009963666 0.0013154584 0.000982 0.00131 0.0009954 0.0013148 5412 2439 3679 1846 31353 1150923 101 851174 81406 2439 25.9638671875 9.013671875 0.205078125 1.3330078125
map_2 42 1 5 5 5 1 1 0.001284 0.001492417 0.0012925168 0.0014918166 0.001281 0.001491 0.0012914 0.001491 7055 2729 4977 1914 44027 1359216 385 915392 96767 2729 32.3017578125 9.345703125 0.2255859375 1.4970703125
map_3 42 0 5 5 5 1 1 0.001274875 0.000525625 0.0012979414 0.0005298084 0.001272 0.000525 0.0012952 0.0005278 7081 1466 5854 1162 40718 430168 471 337294 107881 1465 36.583984375 5.673828125 0.2138671875 1.34765625
map_4 42 1 5 5 5 1 1 0.000920333 0.000677667 0.0009308418 0.0007403 0.000921 0.000671 0.0009292 0.000739 5035 1611 3240 1315 30448 553018 40 432226 74060 1611 23.8203125 6.4208984375 0.17578125 1.5029296875
map_5 42 0 5 5 5 1 1 0.000996583 0.000633542 0.0010067082 0.0006343752 0.000994 0.00063 0.001005 0.0006328 5540 1602 3893 1295 30148 518866 168 418940 79665 1602 27.0087890625 6.3232421875 0.19921875 1.3623046875
map_6 42 1 5 5 5 1 1 0.001282875 0.001794167 0.0013009082 0.00179385 0.001282 0.001791 0.0012996 0.0017912 7232 3024 6558 2150 38166 1599511 976 1154659 109559 3024 40.021484375 10.498046875 0.2197265625 1.30078125
map_7 42 0 5 5 5 1 1 0.001017416 0.000818125 0.0010323666 0.0008182082 0.001014 0.000817 0.00103 0.0008176 5675 1899 4848 1489 28655 674636 299 553846 86498 1898 31.671875 7.2705078125 0.1787109375 1.4853515625
map_8 42 1 5 5 5 1 1 0.001033667 0.000652375 0.001053175 0.0006521168 0.001033 0.000651 0.0010518 0.0006508 5770 1562 4300 1344 30079 523385 219 451105 83833 1562 28.99609375 6.5625 0.1962890625 1.2919921875
map_9 42 0 5 5 5 1 1 0.001381875 0.000390833 0.0013927998 0.0003913418 0.001381 0.000391 0.0013906 0.0003906 7499 1232 6100 989 36217 320779 1016 244355 110066 1232 37.78515625 4.8291015625 0.2431640625 1.3505859375
map_0 43 0 5 5 5 1 1 0.000712958 0.000592625 0.0007240086 0.0005920584 0.000711 0.000591 0.0007224 0.000591 3951 1479 2033 1257 21464 485660 13 394638 55017 1479 17.9267578125 6.1376953125 0.1669921875 1.3505859375
map_1 43 1 5 5 5 1 1 0.001294833 0.000889958 0.0013104664 0.0008922834 0.001291 0.000887 0.0013084 0.000889 7215 1960 5301 1521 39441 755515 406 577977 103604 1960 33.8837890625 7.4267578125 0.1845703125 1.4033203125
map_2 43 0 5 5 5 1 1 0.001391833 0.001669708 0.0014034918 0.0016700666 0.001391 0.001667 0.001401 0.0016666 7655 2682 4367 2136 39110 1438082 499 1140500 108169 2682 29.3232421875 10.4296875 0.1904296875 1.3916015625
map_3 43 1 5 5 5 1 1 0.001118125 0.000325958 0.0011240916 0.000326483 0.001115 0.000322 0.0011226 0.000325 6034 1084 4277 922 34477 249034 277 212376 88153 1084 28.8837890625 4.501953125 0.2138671875 1.388671875
map_4 43 0 5 5 5 1 1 0.001018833 0.001042625 0.0010239666 0.0010428584 0.001016 0.001042 0.0010228 0.0010418 5501 2229 3118 1649 36620 896070 16 679265 78720 2229 23.224609375 8.0517578125 0.1962890625 1.4150390625
map_5 43 1 5 5 5 1 1 0.001001875 0.000309333 0.0010124998 0.0003102084 0.000999 0.000309 0.0010104 0.0003094 5501 1024 3444 916 27633 236422 126 209721 78709 1024 24.81640625 4.47265625 0.1875 1.3623046875
map_6 43 0 5 5 5 1 1 0.001015417 0.000559458 0.0010313502 0.0005598498 0.001015 0.000558 0.0010302 0.0005588 5671 1507 3694 1222 31771 451628 96 372922 83875 1507 26.037109375 5.966796875 0.1728515625 1.34765625
map_7 43 1 5 5 5 1 1 0.000913833 0.000545583 0.0009150668 0.0005464666 0.00091 0.000546 0.0009132 0.0005456 4940 1522 3945 1173 24984 456984 116 343691 74250 1522 27.2626953125 5.7275390625 0.1787109375 1.3916015625
map_8 43 0 5 5 5 1 1 0.001219292 0.000265625 0.0012335502 0.0002666832 0.001216 0.000265 0.0012314 0.0002658 6726 927 5305 849 34323 201482 418 180048 99344 927 33.9033203125 4.1455078125 0.205078125 1.3095703125
map_9 43 1 5 5 5 1 1 0.001263791 0.000485875 0.0012798418 0.000486425 0.00126 0.000485 0.001278 0.0004848 6941 1320 5126 1149 36835 385508 339 329697 100339 1320 33.029296875 5.6103515625 0.2197265625 1.3154296875
map_0 44 1 5 5 5 1 1 0.001085083 0.000568292 0.0011082248 0.0005694086 0.001086 0.000568 0.0011062 0.000569 6156 1515 4818 1203 37646 476682 400 361551 90340 1515 31.525390625 5.8740234375 0.1669921875 1.435546875
map_1 44 0 5 5 5 1 1 0.001163958 0.000241667 0.001165375 0.0002417582 0.001163 0.000241 0.0011638 0.0002412 6369 916 4525 798 39251 182430 466 159195 91259 916 30.0947265625 3.896484375 0.193359375 1.376953125
map_2 44 1 5 5 5 1 1 0.00111275 0.00409375 0.0011284918 0.0043994166 0.001112 0.004093 0.001128 0.004398 6225 4266 4480 3298 39075 3575355 184 2717679 86470 4266 29.875 16.103515625 0.2138671875 1.3623046875
map_3 44 0 5 5 5 1 1 0.001296792 0.000837 0.0013148666 0.00083685 0.001296 0.000834 0.0013128 0.0008348 7059 1874 5966 1519 37448 682660 459 576814 108064 1874 37.130859375 7.4169921875 0.1962890625 1.423828125
map_4 44 1 5 5 5 1 1 0.001128792 0.000601375 0.0011465918 0.0006520666 0.001125 0.000599 0.001145 0.0006506 6362 1532 4981 1203 39659 470530 292 361455 91828 1532 32.3212890625 5.8740234375 0.1962890625 1.3857421875
map_5 44 0 5 5 5 1 1 0.001015875 0.001762042 0.0010257414 0.0017632 0.001015 0.001761 0.0010254 0.0017624 5583 2604 3651 2243 32329 1484405 158 1257420 81361 2604 25.8271484375 10.9521484375 0.193359375 1.4208984375
map_6 44 1 5 5 5 1 1 0.001216292 0.00051875 0.001238017 0.0005188002 0.001216 0.000518 0.001236 0.0005182 6758 1399 5444 1188 39371 414007 327 352501 99210 1399 34.58203125 5.80078125 0.205078125 1.3798828125
map_7 44 0 5 5 5 1 1 0.000678334 0.001582666 0.0006854666 0.0016980916 0.000678 0.00158 0.0006846 0.0016964 3708 2664 2674 2014 18704 1371515 124 1013186 55197 2664 21.056640625 9.833984375 0.1318359375 1.3623046875
map_8 44 1 5 5 5 1 1 0.001226333 0.00030975 0.001245275 0.0003090834 0.001226 0.000308 0.0012442 0.0003082 6811 1055 5814 884 33514 238438 665 195232 102172 1055 36.388671875 4.31640625 0.19921875 1.376953125
map_9 44 0 5 5 5 1 1 0.001316333 0.000235042 0.0013200416 0.000234975 0.001316 0.000235 0.001319 0.0002346 7085 864 4228 789 39388 176765 164 155591 98711 864 28.64453125 3.8525390625 0.205078125 1.3505859375
map_0 45 0 5 5 5 1 1 0.000948709 0.000943083 0.0009593834 0.0009602332 0.000948 0.000942 0.0009564 0.0009582 5257 1938 3571 1576 27978 793138 185 620384 77965 1938 25.4365234375 7.6953125 0.1640625 1.37109375
map_1 45 1 5 5 5 1 1 0.000981375 0.000914875 0.0009927832 0.000915525 0.000978 0.000912 0.0009914 0.0009128 5400 2027 3978 1535 26696 784461 25 588860 79816 2027 27.423828125 7.4951171875 0.2255859375 1.58203125
map_2 45 0 5 5 5 1 1 0.001181541 0.000356708 0.0011999746 0.0003575836 0.001181 0.000357 0.0011992 0.0003568 6623 1168 4179 957 42106 285846 255 228833 92727 1168 28.4052734375 4.6728515625 0.2021484375 1.4091796875
map_3 45 1 5 5 5 1 1 0.000969875 0.000272417 0.0009803582 0.0002715916 0.000966 0.00027 0.0009784 0.0002706 5373 1043 4336 820 32945 211325 70 168011 77850 1043 29.171875 4.00390625 0.1875 1.4267578125
map_4 45 0 5 5 5 1 1 0.000920541 0.000339917 0.0009306168 0.0003400416 0.00092 0.00034 0.0009294 0.0003398 4980 1175 2569 923 29725 273027 25 212793 71863 1175 20.5439453125 4.5068359375 0.1669921875 1.376953125
map_5 45 1 5 5 5 1 1 0.001301417 0.000875417 0.0013018582 0.0008745416 0.001301 0.000873 0.0012978 0.0008736 6899 1906 4826 1553 37514 717207 470 602506 101293 1906 31.564453125 7.5830078125 0.1845703125 1.453125
map_6 45 0 5 5 5 1 1 0.001186125 0.000249667 0.0011929666 0.0002514836 0.001182 0.000249 0.0011896 0.0002506 6595 958 5182 798 36883 190896 190 159187 100152 958 33.302734375 3.896484375 0.193359375 1.3828125
map_7 45 1 5 5 5 1 1 0.00084025 0.000371125 0.0008489834 0.000371075 0.000841 0.000371 0.000848 0.0003702 4632 1227 3506 972 22022 296911 29 236108 70237 1227 25.119140625 4.74609375 0.169921875 1.4033203125
map_8 45 0 5 5 5 1 1 0.001261667 0.002188875 0.0012752416 0.0021927334 0.001258 0.002187 0.0012732 0.0021908 6987 3229 5957 2402 34867 1950100 475 1441414 106018 3229 37.0869140625 11.728515625 0.2021484375 1.365234375
map_9 45 1 5 5 5 1 1 0.001121458 0.0012875 0.0011306166 0.0012873586 0.001118 0.001284 0.0011288 0.0012848 6132 2501 4607 1846 33062 1103072 61 851859 90609 2501 30.4951171875 9.013671875 0.234375 1.53515625
map_0 46 1 5 5 5 1 1 0.001125666 0.001173083 0.0011438582 0.0011734418 0.001125 0.001174 0.0011436 0.0011734 6324 2232 3758 1756 37304 1015626 801 770488 89194 2232 26.349609375 8.57421875 0.1640625 1.423828125
map_1 46 0 5 5 5 1 1 0.001063666 0.000343291 0.0010742916 0.0003434164 0.001061 0.000342 0.0010722 0.0003426 5823 1266 3890 920 32268 274516 160 211425 84051 1266 26.994140625 4.4921875 0.2021484375 1.3564453125
map_2 46 1 5 5 5 1 1 0.000927333 0.000428875 0.0009396002 0.0004295084 0.000927 0.000429 0.000938 0.000429 5062 1234 2478 1082 33479 339200 13 292332 71286 1234 20.099609375 5.283203125 0.2021484375 1.294921875
map_3 46 0 5 5 5 1 1 0.0006495 0.00022725 0.0006560168 0.0002280002 0.000649 0.000227 0.0006554 0.000227 3514 890 2227 758 21002 174021 8 143637 52612 890 18.8740234375 3.701171875 0.1435546875 1.306640625
map_4 46 1 5 5 5 1 1 0.0007935 0.000756125 0.00080285 0.000755925 0.000793 0.000755 0.0008024 0.0007556 4366 1742 2690 1418 28667 630392 9 502292 61817 1742 21.134765625 6.923828125 0.1845703125 1.341796875
map_5 46 0 5 5 5 1 1 0.000949375 0.003119875 0.0009590832 0.0031211416 0.000949 0.003118 0.0009576 0.0031188 5235 3822 3149 2885 29363 2819306 112 2079615 75692 3821 23.3759765625 14.0869140625 0.1552734375 1.3125
map_6 46 1 5 5 5 1 1 0.001173667 0.000423583 0.0011926086 0.0004239836 0.001171 0.000423 0.0011906 0.0004236 6439 1262 4764 1068 37224 334522 207 284897 93677 1262 31.26171875 5.21484375 0.2021484375 1.294921875
map_7 46 0 5 5 5 1 1 0.001062209 0.000295958 0.0010790086 0.0002962914 0.001062 0.000295 0.0010784 0.0002958 5977 1079 4695 875 30866 228896 306 191403 89936 1079 30.9248046875 4.2724609375 0.158203125 1.3623046875
map_8 46 1 5 5 5 1 1 0.0011345 0.000463917 0.0011425332 0.0004688 0.001134 0.000464 0.001141 0.0004662 6244 1301 4680 1113 32019 364600 159 309596 91767 1301 30.8515625 5.4345703125 0.181640625 1.412109375
map_9 46 0 5 5 5 1 1 0.001413167 0.001922542 0.0014258418 0.0019231418 0.001414 0.00192 0.0014236 0.0019204 7798 2878 6033 2263 41052 1700350 826 1279523 110627 2878 37.4580078125 11.0498046875 0.2138671875 1.3916015625
map_0 47 0 5 5 5 1 1 0.001003875 0.000891958 0.0010128668 0.0008924832 0.001 0.000892 0.001011 0.000892 5503 1913 2996 1547 28257 748246 153 597785 75601 1913 22.62890625 7.5537109375 0.19921875 1.4150390625
map_1 47 1 5 5 5 1 1 0.001481125 0.000341541 0.0014903334 0.0003418834 0.001478 0.000341 0.0014888 0.0003406 8082 1134 5272 934 49561 271539 1130 218015 115268 1134 33.7421875 4.560546875 0.2021484375 1.3828125
map_2 47 0 5 5 5 1 1 0.001171167 0.000397792 0.0011807168 0.00039695 0.001171 0.000395 0.0011796 0.000395 6389 1228 3560 1029 33839 309525 107 264482 88859 1228 25.3828125 5.0244140625 0.22265625 1.3681640625
map_3 47 1 5 5 5 1 1 0.001307042 0.000695833 0.0013148504 0.0006994414 0.001306 0.000694 0.0013134 0.000696 7142 1776 4650 1320 38268 593090 366 435206 105648 1776 30.705078125 6.4453125 0.2080078125 1.4560546875
map_4 47 0 5 5 5 1 1 0.001031875 0.000452459 0.0010480834 0.0004514416 0.001031 0.00045 0.0010464 0.0004502 5739 1350 3661 1076 34542 367628 131 289131 84899 1350 25.8759765625 5.25390625 0.2080078125 1.3623046875
map_5 47 1 5 5 5 1 1 0.000870333 0.001571333 0.0008781082 0.0015701666 0.000867 0.001568 0.0008766 0.0015676 4665 2571 2560 2057 27287 1353799 15 1057643 65059 2571 20.5 10.0439453125 0.2080078125 1.330078125
map_6 47 0 5 5 5 1 1 0.0014025 0.000999459 0.0014143582 0.0009998002 0.0014 0.000999 0.0014126 0.000999 7530 2065 5405 1634 55666 847265 514 667462 113348 2065 34.3916015625 7.978515625 0.2021484375 1.4736328125
map_7 47 1 5 5 5 1 1 0.00105825 0.000382208 0.0010724086 0.000382583 0.001057 0.000382 0.001071 0.0003822 5864 1214 4118 1001 30777 303449 171 250314 87689 1214 28.107421875 4.8876953125 0.1728515625 1.3974609375
map_8 47 0 5 5 5 1 1 0.00110775 0.00147525 0.0011255002 0.0014790916 0.001107 0.001473 0.0011236 0.0014764 6064 2604 3797 1971 30869 1287284 83 970489 91928 2603 26.5400390625 9.6240234375 0.2255859375 1.37109375
map_9 47 1 5 5 5 1 1 0.001579167 0.001324333 0.0016014252 0.0013268748 0.00158 0.001321 0.0016008 0.0013232 8663 2372 5719 1875 55562 1145669 795 878239 123418 2372 35.9248046875 9.1552734375 0.1904296875 1.388671875
map_0 48 1 5 5 5 1 1 0.000603541 0.004047584 0.0006083746 0.0040456336 0.000603 0.004045 0.0006068 0.0040438 3281 4327 1397 3330 17706 3620131 19 2771349 44536 4327 14.8212890625 16.259765625 0.146484375 1.517578125
map_1 48 0 5 5 5 1 1 0.000894375 0.00097375 0.0009044002 0.0009739668 0.000895 0.000971 0.0009028 0.0009726 4896 1995 2912 1616 28147 821794 32 652214 73417 1995 22.21875 7.890625 0.1904296875 1.3154296875
map_2 48 1 5 5 5 1 1 0.001124083 0.000469833 0.0011248664 0.0004699748 0.001123 0.00047 0.0011232 0.0004698 6107 1383 3220 1091 33289 387412 113 297302 83563 1383 23.72265625 5.3271484375 0.1787109375 1.4208984375
map_3 48 0 5 5 5 1 1 0.001022875 0.00058775 0.0010396084 0.0005882332 0.00102 0.000588 0.0010382 0.0005876 5697 1660 3567 1228 30372 486419 288 376774 81643 1660 25.4169921875 5.99609375 0.1787109375 1.4326171875
map_4 48 1 5 5 5 1 1 0.000849375 0.001435542 0.0008559834 0.001435825 0.000846 0.001433 0.0008542 0.0014336 4588 2483 1981 1995 30634 1208960 13 994766 59902 2483 17.6728515625 9.7412109375 0.169921875 1.7021484375
map_5 48 0 5 5 5 1 1 0.001211458 0.000664583 0.0012220916 0.00066475 0.001208 0.000664 0.0012202 0.0006634 6708 1587 4229 1319 35243 557953 122 434549 94009 1586 28.6494140625 6.4404296875 0.2080078125 1.37109375
map_6 48 1 5 5 5 1 1 0.00134275 0.001310583 0.0013572918 0.0013111582 0.001342 0.001308 0.0013552 0.0013086 7419 2403 4487 1876 42728 1120961 275 879192 105653 2403 29.9091796875 9.16015625 0.2314453125 1.388671875
map_7 48 0 5 5 5 1 1 0.001336625 0.001265542 0.0013388334 0.0012669752 0.001334 0.001265 0.0013366 0.0012656 7243 2432 4275 1801 39847 1115471 439 810204 101669 2432 28.8740234375 8.7939453125 0.19921875 1.4150390625
map_8 48 1 5 5 5 1 1 0.001439833 0.001208625 0.0014483666 0.0012065998 0.001439 0.001205 0.0014478 0.0012046 7872 2365 5949 1771 39749 1037645 483 783986 116033 2365 37.0478515625 8.6474609375 0.19921875 1.4443359375
map_9 48 0 5 5 5 1 1 0.001238583 0.000914625 0.0012441748 0.000914792 0.001235 0.000912 0.001242 0.0009134 6716 1987 4194 1556 37153 771660 110 605268 95539 1987 28.478515625 7.59765625 0.22265625 1.611328125
map_0 49 0 5 5 5 1 1 0.000941208 0.000676791 0.0009504668 0.0006767248 0.000942 0.000677 0.0009498 0.0006756 5222 1671 3204 1303 25453 579491 127 424051 74307 1671 23.64453125 6.3623046875 0.1904296875 1.3916015625
map_1 49 1 5 5 5 1 1 0.001024917 0.000295459 0.001035117 0.0002954084 0.001024 0.000295 0.0010348 0.0002946 5622 1037 3924 879 32191 226498 301 193147 83100 1037 27.16015625 4.2919921875 0.2021484375 1.3330078125
map_2 49 0 5 5 5 1 1 0.000864083 0.000443208 0.0008686998 0.0004433752 0.00086 0.000443 0.0008674 0.000443 4704 1321 2150 1085 23237 352978 5 294014 66615 1321 18.498046875 5.2978515625 0.15234375 1.365234375
map_3 49 1 5 5 5 1 1 0.0013725 0.000458459 0.001390708 0.0004593834 0.001369 0.000458 0.0013884 0.0004578 7665 1481 6699 1070 41840 377069 941 285961 115497 1481 40.7099609375 5.224609375 0.2138671875 1.376953125
map_4 49 0 5 5 5 1 1 0.0010225 0.000317959 0.0010368416 0.0003184168 0.001022 0.000317 0.001036 0.000318 5611 1118 4028 912 33891 246610 71 207799 83129 1118 27.66796875 4.453125 0.169921875 1.400390625
map_5 49 1 5 5 5 1 1 0.001214208 0.000230458 0.0012278664 0.000230675 0.001211 0.00023 0.001226 0.0002304 6821 860 4806 789 40898 171507 454 155623 95079 860 31.466796875 3.8525390625 0.2255859375 1.359375
map_6 49 0 5 5 5 1 1 0.001210375 0.0010675 0.00123115 0.001067425 0.001207 0.001066 0.001229 0.0010666 6749 2166 4030 1674 39251 917734 275 700313 94464 2166 27.677734375 8.173828125 0.1845703125 1.5380859375
map_7 49 1 5 5 5 1 1 0.001074833 0.000584167 0.0010870414 0.0005835002 0.001072 0.000582 0.0010856 0.0005828 5932 1546 4620 1226 32890 485630 172 375484 86810 1546 30.55859375 5.986328125 0.1787109375 1.37109375
map_8 49 0 5 5 5 1 1 0.000832209 0.0002135 0.0008414086 0.0002142918 0.000832 0.000214 0.0008408 0.0002134 4547 900 3113 729 20886 163181 10 132838 67733 900 23.2001953125 3.5595703125 0.1904296875 1.3447265625
map_9 49 1 5 5 5 1 1 0.001224958 0.000251625 0.0012292832 0.0002519664 0.001221 0.000251 0.001227 0.0002512 6656 925 4193 806 40643 193521 268 162336 91581 925 28.4736328125 3.935546875 0.19921875 1.365234375
map_0 50 1 5 5 5 1 1 0.0008265 0.001519875 0.0008287166 0.0015204416 0.000825 0.001517 0.000827 0.0015192 4441 2432 2255 2069 26009 1280206 48 1069332 63348 2431 19.0107421875 10.1025390625 0.169921875 1.3974609375
map_1 50 0 5 5 5 1 1 0.001289708 0.003042959 0.0013095414 0.0030431168 0.001287 0.003041 0.0013074 0.0030408 7159 3721 5498 2868 41856 2720033 275 2055904 106353 3721 34.845703125 14.00390625 0.1962890625 1.69921875
map_2 50 1 5 5 5 1 1 0.001475625 0.001138042 0.0014929834 0.0011379002 0.001472 0.001135 0.0014908 0.0011364 8048 2090 5934 1771 53151 956427 620 783379 114639 2090 36.974609375 8.6474609375 0.228515625 1.30078125
map_3 50 0 5 5 5 1 1 0.00114 0.000581375 0.0011541332 0.0005828002 0.00114 0.00058 0.0011518 0.0005812 6478 1530 5373 1224 36032 483666 282 374242 94872 1530 34.2353515625 5.9765625 0.2080078125 1.3857421875
map_4 50 1 5 5 5 1 1 0.0010515 0.007807584 0.0010601832 0.0078125 0.001049 0.007808 0.0010582 0.0078104 5686 6161 3033 4603 42661 7174221 152 5295239 78266 6161 22.8095703125 22.4755859375 0.193359375 1.3154296875
map_5 50 0 5 5 5 1 1 0.001122542 0.000505833 0.0011275082 0.0005077166 0.001122 0.000506 0.0011252 0.0005074 6059 1526 3322 1083 30494 441284 42 293126 87831 1526 24.220703125 5.2880859375 0.193359375 1.400390625
map_6 50 1 5 5 5 1 1 0.0011425 0.000616792 0.0011588666 0.0006192336 0.00114 0.000616 0.001157 0.0006178 6394 1561 4662 1290 38161 499479 270 415791 92020 1561 30.763671875 6.298828125 0.2138671875 1.423828125
map_7 50 0 5 5 5 1 1 0.001132375 0.003427375 0.0011361336 0.00342665 0.00113 0.003425 0.0011342 0.0034242 6245 3984 4903 3045 31453 3075656 324 2317035 89226 3984 31.9404296875 14.8681640625 0.1552734375 1.34765625
map_8 50 1 5 5 5 1 1 0.001020375 0.000422667 0.0010330416 0.0004238084 0.001017 0.000422 0.0010306 0.0004226 5592 1299 4386 1055 27227 338264 67 278026 83292 1299 29.416015625 5.1513671875 0.17578125 1.3564453125
map_9 50 0 5 5 5 1 1 0.001085291 0.006970875 0.0011015666 0.0069723252 0.001085 0.006968 0.0010998 0.0069702 6007 5804 4263 4362 35328 6373880 100 4755385 85259 5804 28.8154296875 21.298828125 0.1962890625 1.5322265625
map_0 51 0 5 5 5 1 1 0.001087458 0.000831083 0.001103958 0.0008326584 0.001087 0.000831 0.0011026 0.0008314 6015 1808 3795 1491 32474 699053 206 555733 84892 1808 26.5302734375 7.2802734375 0.1875 1.4443359375
map_1 51 1 5 5 5 1 1 0.001167083 0.000851625 0.00117825 0.0008520082 0.001164 0.000851 0.0011764 0.0008504 6441 1889 4594 1496 33865 718886 214 559132 96554 1889 30.431640625 7.3046875 0.1875 1.3916015625
map_2 51 0 5 5 5 1 1 0.001239541 0.0003165 0.0012570082 0.0003186836 0.001237 0.000317 0.0012552 0.0003182 6842 1055 4698 934 35340 239798 653 217847 98191 1055 30.939453125 4.560546875 0.228515625 1.330078125
map_3 51 1 5 5 5 1 1 0.001228542 0.000946542 0.0012509164 0.0009467832 0.001228 0.000944 0.001249 0.0009452 6838 2032 5675 1566 36597 810672 386 612720 101564 2032 35.7099609375 7.646484375 0.1962890625 1.359375
map_4 51 0 5 5 5 1 1 0.000987958 0.000241667 0.0009999666 0.0002422086 0.000984 0.000241 0.0009978 0.0002412 5411 1026 3929 785 33141 182750 64 153994 79060 1026 27.1845703125 3.8330078125 0.1845703125 1.3974609375
map_5 51 1 5 5 5 1 1 0.00103625 0.001785625 0.0010449336 0.0017859582 0.001035 0.001782 0.0010436 0.0017836 5692 2923 4336 2121 30106 1618570 155 1124520 83203 2923 29.171875 10.3564453125 0.19921875 1.65234375
map_6 51 0 5 5 5 1 1 0.001405125 0.00042225 0.0014171502 0.000422275 0.001402 0.000421 0.0014152 0.0004216 7665 1320 6621 1058 45037 331409 481 279716 116887 1320 40.3291015625 5.166015625 0.216796875 1.41796875
map_7 51 1 5 5 5 1 1 0.000554042 0.00041525 0.0005585418 0.0004148668 0.000554 0.000414 0.0005578 0.0004136 2984 1211 1461 1052 14950 327493 23 276424 44400 1211 15.1337890625 5.13671875 0.15234375 1.3828125
map_8 51 0 5 5 5 1 1 0.001207291 0.002905458 0.0011923582 0.0031965168 0.001204 0.002904 0.0011912 0.0031964 6367 3461 4349 2766 31809 2421332 230 1912139 95495 3461 29.2353515625 13.505859375 0.1787109375 1.6142578125
map_9 51 1 5 5 5 1 1 0.001191709 0.001517125 0.001211267 0.00151735 0.001191 0.001517 0.00121 0.0015172 6644 2669 4774 1988 34777 1338356 184 987184 96158 2669 31.310546875 9.70703125 0.2080078125 1.3330078125
map_0 52 1 5 5 5 1 1 0.001146708 0.001527041 0.0011592498 0.0015276998 0.001147 0.001526 0.001159 0.001527 6449 2686 4427 1985 33433 1355133 471 984552 94876 2686 29.6162109375 9.6923828125 0.2255859375 1.359375
map_1 52 0 5 5 5 1 1 0.001131792 0.000451959 0.0011456086 0.000461042 0.001132 0.000451 0.0011456 0.0004604 6160 1310 3893 1086 35168 367426 53 294615 87550 1310 27.0087890625 5.302734375 0.2138671875 1.3388671875
map_2 52 1 5 5 5 1 1 0.001303917 0.000452833 0.0013183668 0.0004542168 0.001303 0.000453 0.001318 0.0004526 7320 1277 4857 1092 40923 361885 466 297758 105262 1276 31.7158203125 5.33203125 0.216796875 1.2802734375
map_3 52 0 5 5 5 1 1 0.001227375 0.000916959 0.001235275 0.0009182666 0.001225 0.000917 0.0012332 0.0009176 6664 2039 4582 1530 41232 798581 234 584600 99651 2039 30.373046875 7.470703125 0.2109375 1.3388671875
map_4 52 1 5 5 5 1 1 0.001230958 0.001620209 0.0012407416 0.0016208834 0.001228 0.001619 0.0012388 0.0016198 6666 2671 4800 2105 40217 1392009 373 1107136 96763 2671 31.4375 10.2783203125 0.1787109375 1.3798828125
map_5 52 0 5 5 5 1 1 0.000848292 0.000953208 0.0008478752 0.000953125 0.000844 0.000952 0.0008454 0.0009524 4521 1948 2190 1604 21712 803435 16 642544 64431 1948 18.693359375 7.83203125 0.19921875 1.2626953125
map_6 52 1 5 5 5 1 1 0.001447875 0.001411833 0.0014556002 0.0014116418 0.001445 0.001409 0.0014534 0.0014106 7946 2532 6064 1925 49652 1231877 886 925629 115357 2532 37.609375 9.3994140625 0.205078125 1.39453125
map_7 52 0 5 5 5 1 1 0.000973875 0.002007917 0.0010028582 0.002015125 0.000973 0.002005 0.0010014 0.0020124 5400 3063 3733 2299 29585 1790078 248 1320862 80153 3063 26.2275390625 11.2255859375 0.181640625 1.3388671875
map_8 52 1 5 5 5 1 1 0.000958 0.000317917 0.0009646416 0.0003191498 0.000957 0.000317 0.0009636 0.000318 5156 1174 3290 861 25706 263798 28 185246 75896 1174 24.064453125 4.2041015625 0.1494140625 1.37109375
map_9 52 0 5 5 5 1 1 0.001501291 0.000686042 0.0015189668 0.0006867166 0.001501 0.000686 0.001518 0.0006862 8223 1669 5941 1335 49911 578378 451 445143 117899 1669 37.0087890625 6.5185546875 0.2490234375 1.3798828125
map_0 53 0 5 5 5 1 1 0.001253958 0.002646667 0.00126905 0.002646975 0.001251 0.002645 0.0012674 0.002645 7053 3531 5179 2646 35621 2381137 572 1750131 104149 3531 33.2880859375 12.919921875 0.2021484375 1.7548828125
map_1 53 1 5 5 5 1 1 0.000967667 0.000441458 0.0009736084 0.0004420832 0.000968 0.000441 0.0009726 0.0004414 5189 1315 2690 1074 34332 355293 11 288149 76793 1315 21.134765625 5.244140625 0.1728515625 1.34765625
map_2 53 0 5 5 5 1 1 0.001367625 0.000185709 0.001383925 0.0001864418 0.001367 0.000185 0.0013832 0.0001858 7595 766 4417 700 38721 136472 403 122475 107646 766 29.5673828125 3.41796875 0.2021484375 1.3330078125
map_3 53 1 5 5 5 1 1 0.001172917 0.000528334 0.0011853672 0.000530567 0.001172 0.000528 0.0011834 0.0005298 6456 1434 5192 1155 33715 442611 408 333150 97847 1434 33.3515625 5.6396484375 0.205078125 1.3125
map_4 53 0 5 5 5 1 1 0.00097975 0.000436584 0.0009933248 0.0004368334 0.000979 0.000436 0.000993 0.000436 5344 1295 3451 1067 28326 352993 65 284362 78928 1295 24.8505859375 5.2099609375 0.1962890625 1.3330078125
map_5 53 1 5 5 5 1 1 0.001046583 0.004573959 0.0010612748 0.0045758832 0.001044 0.004573 0.0010596 0.004575 5822 4702 3820 3531 29812 4122307 289 3116905 81153 4701 26.65234375 17.2412109375 0.1787109375 1.5380859375
map_6 53 0 5 5 5 1 1 0.000973375 0.000339 0.0009659582 0.0003393666 0.000973 0.000339 0.0009646 0.0003386 5083 1180 2804 917 33202 273531 5 210044 77322 1180 21.69140625 4.4775390625 0.1728515625 1.3388671875
map_7 53 1 5 5 5 1 1 0.000604709 0.000650292 0.0006156168 0.0006505752 0.000604 0.000649 0.0006146 0.00065 3347 1655 2181 1306 15360 540023 9 426399 51764 1655 18.6494140625 6.376953125 0.158203125 1.494140625
map_8 53 0 5 5 5 1 1 0.001145375 0.000568333 0.0011602668 0.0005690748 0.001144 0.000568 0.0011586 0.0005682 6243 1634 4439 1161 31723 494602 187 336628 93994 1634 29.6748046875 5.6689453125 0.22265625 1.3564453125
map_9 53 1 5 5 5 1 1 0.001279125 0.000861792 0.00128475 0.0008617666 0.001278 0.00086 0.001284 0.00086 6925 1822 5005 1513 38440 726066 164 571791 103919 1822 32.4384765625 7.3876953125 0.234375 1.3564453125
map_0 54 1 5 5 5 1 1 0.001130084 0.002418167 0.0011463584 0.0024203418 0.001131 0.002415 0.0011452 0.0024176 6361 3500 3999 2590 36713 2096386 283 1675826 88723 3500 27.5263671875 12.646484375 0.1611328125 1.3388671875
map_1 54 0 5 5 5 1 1 0.001078791 0.00113775 0.0010906248 0.0012297916 0.001078 0.001135 0.00109 0.001228 5927 2184 3317 1724 33290 979681 96 742465 83591 2184 24.1962890625 8.41796875 0.193359375 1.3798828125
map_2 54 1 5 5 5 1 1 0.0011355 0.000225958 0.0011523584 0.0002265082 0.001135 0.000225 0.0011512 0.000226 6290 888 4572 763 33213 172006 83 145523 91277 888 30.32421875 3.7255859375 0.205078125 1.330078125
map_3 54 0 5 5 5 1 1 0.0010455 0.007239 0.0010589416 0.0072400166 0.001046 0.007239 0.0010576 0.00724 5754 5804 4040 4465 31137 6594125 155 4983595 84900 5804 27.7265625 21.8017578125 0.1875 1.41796875
map_4 54 1 5 5 5 1 1 0.001108542 0.000392042 0.0011141752 0.0003954752 0.001108 0.000392 0.001113 0.0003946 6058 1290 3955 996 40271 316606 71 247806 89347 1290 27.3115234375 4.86328125 0.1904296875 1.4033203125
map_5 54 0 5 5 5 1 1 0.001023667 0.00071475 0.0010282 0.0007150416 0.001022 0.000714 0.001026 0.0007136 5633 1662 3864 1382 27378 592915 152 477078 79899 1662 26.8671875 6.748046875 0.1875 1.3330078125
map_6 54 1 5 5 5 1 1 0.001182875 0.00159825 0.0012032498 0.001598725 0.001183 0.001596 0.0012022 0.0015964 6599 2627 5252 2089 35087 1366633 97 1090165 100755 2627 33.64453125 10.2001953125 0.193359375 1.2802734375
map_7 54 0 5 5 5 1 1 0.001138375 0.000458833 0.0011535 0.0004991584 0.001138 0.000459 0.0011526 0.0004982 6328 1349 5408 1044 30607 355326 378 272333 93515 1349 34.40625 5.09765625 0.193359375 1.3828125
map_8 54 1 5 5 5 1 1 0.001204583 0.00112675 0.0012222168 0.0011258666 0.001204 0.001125 0.0012208 0.0011246 6784 2269 5021 1680 36815 997619 215 704932 101250 2269 32.5166015625 8.203125 0.2197265625 1.37109375
map_9 54 0 5 5 5 1 1 0.000987916 0.000539042 0.0010023082 0.000539892 0.000987 0.000539 0.0010008 0.0005394 5555 1429 4016 1197 27231 436551 133 357875 78607 1429 27.609375 5.8447265625 0.2021484375 1.3125
map_0 55 0 5 5 5 1 1 0.000935291 0.000385667 0.0009436998 0.0004153584 0.000935 0.000386 0.000943 0.0004148 5085 1252 2731 987 25914 310228 19 243291 74798 1252 21.3349609375 4.8193359375 0.1728515625 1.365234375
map_1 55 1 5 5 5 1 1 0.000979375 0.000740959 0.0009924084 0.0007421584 0.000976 0.000741 0.000991 0.0007414 5324 1780 3619 1399 31349 619918 42 488771 77396 1780 25.6708984375 6.8310546875 0.1904296875 1.2626953125
map_2 55 0 5 5 5 1 1 0.001293417 0.000192417 0.0012998832 0.00019215 0.001291 0.000193 0.001298 0.0001922 7050 789 4446 709 40716 140439 235 125633 99912 789 29.708984375 3.4619140625 0.2080078125 1.3212890625
map_3 55 1 5 5 5 1 1 0.000927792 0.000499542 0.0009357 0.0005003084 0.000926 0.000496 0.000935 0.0004974 5069 1451 3334 1061 28894 404870 51 281174 76342 1451 24.279296875 5.1806640625 0.1728515625 1.353515625
map_4 55 0 5 5 5 1 1 0.00103375 0.000274416 0.0010531332 0.0002749332 0.001032 0.000274 0.0010514 0.0002742 5635 1014 3366 825 37906 218672 65 170033 80109 1014 24.435546875 4.0283203125 0.17578125 1.3828125
map_5 55 1 5 5 5 1 1 0.001055459 0.002313292 0.0010666754 0.0023131336 0.001055 0.002311 0.0010652 0.0023104 5729 3284 3634 2460 26135 2076259 63 1512497 83271 3284 25.744140625 12.01171875 0.1875 1.2890625
map_6 55 0 5 5 5 1 1 0.001195458 0.000356042 0.0012124248 0.0003562668 0.001195 0.000356 0.0012118 0.0003558 6512 1178 4179 962 55653 281085 82 231307 95671 1178 28.4052734375 4.697265625 0.181640625 1.4296875
map_7 55 1 5 5 5 1 1 0.001099375 0.0008455 0.0010973918 0.0008470666 0.0011 0.000842 0.001096 0.0008448 5943 1938 3302 1474 29825 720305 51 542846 84175 1938 24.123046875 7.197265625 0.1494140625 1.423828125
map_8 55 0 5 5 5 1 1 0.00091825 0.001067208 0.000931375 0.0010673752 0.000918 0.001066 0.0009304 0.0010666 5012 2160 2836 1680 28251 911376 5 704939 74933 2160 21.84765625 8.203125 0.1875 1.3505859375
map_9 55 1 5 5 5 1 1 0.001244042 0.000892792 0.0012546666 0.0008929 0.001243 0.000892 0.0012542 0.000893 6844 1964 4614 1508 37425 775047 355 568146 97232 1964 30.529296875 7.36328125 0.1611328125 1.3095703125
map_0 56 1 5 5 5 1 1 0.001294708 0.00078275 0.0013084002 0.00078435 0.001292 0.000782 0.0013066 0.0007834 7154 1778 5619 1452 39013 648775 627 526596 107238 1778 35.4365234375 7.08984375 0.1728515625 1.37109375
map_1 56 0 5 5 5 1 1 0.00085375 0.001296125 0.0008720834 0.0012971334 0.000855 0.001294 0.000871 0.0012956 4691 2298 3289 1891 24881 1095770 44 893517 69659 2298 24.0595703125 9.2333984375 0.193359375 1.4296875
map_2 56 1 5 5 5 1 1 0.001468166 0.000269542 0.0014873082 0.0002858834 0.001467 0.000269 0.001485 0.0002856 8123 932 5438 786 41339 188441 677 154387 112625 932 34.552734375 3.837890625 0.1904296875 1.34765625
map_3 56 0 5 5 5 1 1 0.001113792 0.000419292 0.0011231836 0.0004185168 0.001113 0.000418 0.0011218 0.0004178 6249 1277 5133 1047 34354 334746 307 273923 93035 1277 33.0634765625 5.1123046875 0.2197265625 1.353515625
map_4 56 1 5 5 5 1 1 0.000849041 0.000985167 0.000862725 0.0009014916 0.000849 0.000984 0.0008614 0.0009004 4644 1663 2888 1375 28463 574145 15 472141 67805 1663 22.1015625 6.7138671875 0.1875 1.271484375
map_5 56 0 5 5 5 1 1 0.001350042 0.00138175 0.0013569166 0.0013824002 0.001348 0.00138 0.0013552 0.0013808 7454 2575 5466 1863 45097 1236651 639 867154 109374 2575 34.689453125 9.0966796875 0.193359375 1.39453125
map_6 56 1 5 5 5 1 1 0.000877208 0.000970542 0.0008858252 0.0009722166 0.000875 0.00097 0.0008844 0.0009708 4804 1985 2430 1615 29165 821156 80 652038 66271 1985 19.865234375 7.8857421875 0.1787109375 1.40625
map_7 56 0 5 5 5 1 1 0.000838583 0.001022208 0.000849392 0.001023175 0.000838 0.001022 0.0008486 0.001022 4608 2109 3237 1622 25109 892188 157 657085 68142 2109 23.8056640625 7.919921875 0.1845703125 1.306640625
map_8 56 1 5 5 5 1 1 0.001125333 0.000416417 0.0011174998 0.0004175666 0.001123 0.000416 0.0011148 0.000417 6091 1305 4919 1030 31026 319977 169 264978 91041 1305 32.0185546875 5.029296875 0.193359375 1.3857421875
map_9 56 0 5 5 5 1 1 0.000760833 0.001563584 0.0007680418 0.0015645668 0.000759 0.001561 0.0007662 0.0015628 4144 2592 2011 2045 19937 1363709 13 1044613 59103 2592 17.8193359375 9.9853515625 0.193359375 1.30078125
map_0 57 0 5 5 5 1 1 0.001074333 0.002103625 0.001086825 0.0021032252 0.001071 0.002101 0.0010854 0.0021022 5948 3006 4180 2365 33502 1874194 206 1397262 86938 3006 28.41015625 11.5478515625 0.1875 1.3388671875
map_1 57 1 5 5 5 1 1 0.001669 0.000244959 0.0016976 0.0002449418 0.001669 0.000244 0.0016958 0.0002444 9236 898 7301 808 53671 181808 1834 163126 134682 898 43.6494140625 3.9453125 0.19921875 1.365234375
map_2 57 0 5 5 5 1 1 0.001170583 0.000598834 0.0011848166 0.0005991084 0.001168 0.000598 0.0011842 0.0005982 6457 1479 3225 1269 39084 490042 86 402273 91486 1479 23.7470703125 6.1962890625 0.1875 1.330078125
map_3 57 1 5 5 5 1 1 0.001120708 0.000895125 0.001120158 0.000895575 0.00112 0.000892 0.0011178 0.0008934 5918 1922 3910 1539 35219 756637 65 591650 89061 1922 27.091796875 7.5146484375 0.2109375 1.3740234375
map_4 57 0 5 5 5 1 1 0.001391542 0.001337792 0.0014031586 0.0013377 0.001388 0.001336 0.0014006 0.0013362 7504 2453 4936 1882 53814 1160950 619 884709 108888 2453 32.1015625 9.189453125 0.22265625 1.294921875
map_5 57 1 5 5 5 1 1 0.001099708 0.000749875 0.0011171166 0.0007500498 0.001099 0.000749 0.0011156 0.0007488 6180 1764 4691 1383 32781 642941 313 477842 91028 1764 30.9052734375 6.7529296875 0.1875 1.3564453125
map_6 57 0 5 5 5 1 1 0.001375833 0.001629125 0.0013754084 0.001634275 0.001373 0.001626 0.0013718 0.0016334 7136 2648 5399 2095 46803 1416009 347 1097150 108481 2648 34.3623046875 10.2294921875 0.17578125 1.505859375
map_7 57 1 5 5 5 1 1 0.000586042 0.000350833 0.0005898664 0.0003512664 0.000586 0.000351 0.0005886 0.0003508 3100 1220 1477 939 23455 280899 4 220298 44291 1220 15.2119140625 4.5849609375 0.1640625 1.37109375
map_8 57 0 5 5 5 1 1 0.001317416 0.000515416 0.0013294248 0.0005146916 0.001314 0.000514 0.0013274 0.0005142 7227 1416 5486 1173 39202 409225 437 343918 108845 1416 34.787109375 5.7275390625 0.1904296875 1.4443359375
map_9 57 1 5 5 5 1 1 0.001273041 0.000520209 0.001285883 0.0005204502 0.001272 0.000519 0.0012844 0.00052 7045 1439 5456 1142 37142 436780 484 325903 104131 1439 34.640625 5.576171875 0.181640625 1.4443359375
map_0 58 1 5 5 5 1 1 0.001201375 0.000694625 0.0011902336 0.0006949082 0.001199 0.000694 0.0011878 0.000694 6172 1588 3185 1383 41797 561987 171 477655 87810 1588 23.5517578125 6.7529296875 0.1875 1.3447265625
map_1 58 0 5 5 5 1 1 0.001294959 0.000295542 0.0013109418 0.0002834088 0.001294 0.000295 0.0013078 0.0002824 7169 904 5216 740 42957 166220 441 136857 105694 904 33.46875 3.61328125 0.1875 1.365234375
map_2 58 1 5 5 5 1 1 0.001114666 0.000342334 0.001126983 0.0003439084 0.001115 0.000342 0.0011258 0.0003436 6216 1196 4087 925 33985 275456 235 213711 86369 1196 27.9560546875 4.5166015625 0.2021484375 1.34765625
map_3 58 0 5 5 5 1 1 0.001313375 0.001147625 0.0013195082 0.0011472916 0.00131 0.001146 0.0013182 0.001146 7122 2221 5588 1757 40138 977336 304 771038 106322 2220 35.28515625 8.5791015625 0.1787109375 1.330078125
map_4 58 1 5 5 5 1 1 0.001074292 0.001941959 0.0010831416 0.0019426336 0.001073 0.001939 0.001082 0.0019404 5983 2926 3526 2302 36332 1687352 59 1323804 82288 2926 25.216796875 11.240234375 0.1962890625 1.3623046875
map_5 58 0 5 5 5 1 1 0.000708459 0.00065 0.0007111002 0.000649333 0.000709 0.000647 0.0007088 0.0006486 3772 1639 1903 1278 21893 552312 24 408235 53281 1639 17.2919921875 6.240234375 0.2109375 1.5556640625
map_6 58 1 5 5 5 1 1 0.001214917 0.000381417 0.0012281418 0.0003870082 0.001214 0.000382 0.0012266 0.0003864 6740 1237 4249 985 35565 306342 324 242378 96370 1237 28.7470703125 4.8095703125 0.19921875 1.3388671875
map_7 58 0 5 5 5 1 1 0.001224375 0.0002585 0.0012178248 0.0002589584 0.001222 0.000259 0.0012162 0.000259 6557 966 5077 824 35953 197194 243 169678 96241 966 32.7900390625 4.0234375 0.2138671875 1.39453125
map_8 58 1 5 5 5 1 1 0.001292792 0.001775208 0.0012960582 0.0019147334 0.001289 0.001772 0.0012942 0.0019124 7026 2796 5541 2127 36299 1503946 530 1130745 102054 2796 35.0556640625 10.3857421875 0.1787109375 1.40625
map_9 58 0 5 5 5 1 1 0.001497709 0.000366833 0.0015112504 0.000367275 0.001495 0.000366 0.0015086 0.0003664 8128 1147 5773 985 49202 290214 762 242326 115207 1147 36.1884765625 4.8095703125 0.263671875 1.376953125
map_0 59 0 5 5 5 1 1 0.001319333 0.000429083 0.0013415082 0.0004287416 0.001316 0.000425 0.0013394 0.0004266 7504 1363 5946 1079 40692 329282 997 290816 108275 1363 37.033203125 5.2685546875 0.1904296875 1.4150390625
map_1 59 1 5 5 5 1 1 0.000742542 0.000606584 0.0007504584 0.0006084254 0.000742 0.000607 0.0007504 0.0006082 4060 1530 2186 1270 24084 501182 9 402919 59597 1530 18.673828125 6.201171875 0.1787109375 1.365234375
map_2 59 0 5 5 5 1 1 0.001186458 0.001146167 0.0012054914 0.0011481918 0.001185 0.001145 0.0012044 0.001147 6657 2170 4275 1757 35819 975883 357 771020 93611 2170 28.8740234375 8.5791015625 0.1640625 1.3212890625
map_3 59 1 5 5 5 1 1 0.001269125 0.003738708 0.00127775 0.00378145 0.001269 0.003735 0.001277 0.0037778 6966 4157 5698 3191 35142 3335625 316 2545136 104048 4157 35.822265625 15.5810546875 0.1728515625 1.634765625
map_4 59 0 5 5 5 1 1 0.00092975 0.000306791 0.0009375414 0.0003073916 0.000929 0.000306 0.0009366 0.0003062 5040 1152 3547 885 32268 238953 87 195772 72510 1152 25.3193359375 4.3212890625 0.193359375 1.3916015625
map_5 59 1 5 5 5 1 1 0.001143125 0.000341708 0.0011541168 0.000342 0.001139 0.000341 0.0011524 0.0003414 6326 1167 4847 946 34204 265499 260 223601 92487 1167 31.6669921875 4.619140625 0.205078125 1.470703125
map_6 59 0 5 5 5 1 1 0.001207625 0.000598583 0.0012114166 0.0005991832 0.001204 0.000597 0.001209 0.0005976 6659 1587 5347 1230 38238 505820 534 377841 98282 1587 34.1083984375 6.005859375 0.193359375 1.3740234375
map_7 59 1 5 5 5 1 1 0.001164416 0.001475542 0.0011861998 0.0014762666 0.001163 0.001474 0.0011844 0.0014742 6467 2517 4850 1970 34938 1295338 144 969494 98168 2517 31.681640625 9.619140625 0.17578125 1.412109375
map_8 59 0 5 5 5 1 1 0.001012125 0.000897583 0.0010244584 0.0008986584 0.001009 0.000897 0.0010222 0.000897 5581 1973 4083 1523 28271 772733 89 579424 81755 1973 27.9365234375 7.4365234375 0.193359375 1.4296875
map_9 59 1 5 5 5 1 1 0.000994958 0.000516875 0.0010116666 0.0004743418 0.000994 0.000514 0.0010102 0.0004738 5546 1203 3656 979 30651 309109 27 239439 81679 1203 25.8515625 4.7802734375 0.1875 1.3798828125
map_0 60 1 5 5 5 1 1 0.001125917 0.000316375 0.0011377666 0.0003164414 0.001122 0.000316 0.0011358 0.0003158 6256 1096 4030 907 34415 244950 120 205659 86910 1096 27.677734375 4.4287109375 0.158203125 1.3974609375
map_1 60 0 5 5 5 1 1 0.001301041 0.000409833 0.0013125832 0.000410708 0.001301 0.00041 0.0013122 0.0004098 7088 1245 4955 1029 42227 332187 262 264470 104927 1245 32.1943359375 5.0244140625 0.2080078125 1.3798828125
map_2 60 1 5 5 5 1 1 0.001195625 0.001281792 0.0012057666 0.0012849084 0.001195 0.001282 0.001205 0.0012834 6573 2357 3770 1854 36982 1095548 97 858543 93329 2357 26.408203125 9.052734375 0.205078125 1.353515625
map_3 60 0 5 5 5 1 1 0.001111209 0.00065375 0.0011271584 0.00065405 0.001108 0.000652 0.0011258 0.0006528 5984 1645 3806 1329 39816 530824 54 441296 90584 1645 26.583984375 6.4892578125 0.17578125 1.5234375
map_4 60 1 5 5 5 1 1 0.001081917 0.004605917 0.0010890332 0.0046077502 0.001078 0.004603 0.0010878 0.0046056 5895 4532 3711 3566 37164 4114341 175 3178361 84609 4532 26.1201171875 17.412109375 0.2109375 1.7490234375
map_5 60 0 5 5 5 1 1 0.001112083 0.000261209 0.0011253916 0.0002613582 0.001113 0.000261 0.0011242 0.000261 6173 1023 4414 783 29055 212235 273 153238 88319 1023 29.552734375 3.8232421875 0.1787109375 1.3798828125
map_6 60 1 5 5 5 1 1 0.000823542 0.0012095 0.0008327752 0.001232575 0.000823 0.00121 0.0008322 0.0012304 4501 2059 2795 1726 31238 890349 46 744110 66068 2059 21.6474609375 8.427734375 0.169921875 1.341796875
map_7 60 0 5 5 5 1 1 0.00091 0.004173167 0.0009171416 0.0041710582 0.000909 0.004168 0.0009166 0.004168 4931 4389 2340 3379 26821 3742178 9 2853677 68487 4389 19.42578125 16.4990234375 0.169921875 1.7783203125
map_8 60 1 5 5 5 1 1 0.001036042 0.000385083 0.0010448418 0.0003635916 0.001036 0.000385 0.0010448 0.000363 5647 956 3485 866 29570 208947 64 187389 83230 956 25.0166015625 4.228515625 0.1669921875 1.3447265625
map_9 60 0 5 5 5 1 1 0.001573917 0.001004542 0.0015893504 0.0010087586 0.001571 0.001004 0.0015874 0.0010074 8591 2046 5373 1665 42527 829996 617 692391 121298 2046 34.2353515625 8.1298828125 0.169921875 1.3505859375
map_0 61 0 5 5 5 1 1 0.00119675 0.000745958 0.001211025 0.0007455748 0.001196 0.000744 0.0012084 0.0007444 6595 1778 4038 1407 37745 615124 283 494592 93321 1778 27.716796875 6.8701171875 0.1611328125 1.40625
map_1 61 1 5 5 5 1 1 0.001277333 0.000369791 0.0012923416 0.0003309082 0.001275 0.000369 0.0012906 0.0003296 7009 993 4715 825 39349 212914 276 170149 103502 993 31.0224609375 4.0283203125 0.1962890625 1.388671875
map_2 61 0 5 5 5 1 1 0.00109125 0.001018541 0.001097725 0.0010176582 0.001088 0.001016 0.0010954 0.001016 5883 2211 3303 1596 36965 893481 48 636646 83619 2211 24.1279296875 7.79296875 0.1875 1.60546875
map_3 61 1 5 5 5 1 1 0.001368792 0.00123425 0.0013569914 0.0012341834 0.001366 0.001233 0.001353 0.0012332 7028 2505 5057 1769 44012 1089746 332 781857 101831 2505 32.6923828125 8.6376953125 0.193359375 1.5263671875
map_4 61 0 5 5 5 1 1 0.001123084 0.003460209 0.0011326254 0.0034609084 0.001122 0.003457 0.0011304 0.0034582 6213 4176 4765 3002 33112 3170174 372 2252771 89409 4176 31.2666015625 14.658203125 0.2255859375 1.9013671875
map_5 61 1 5 5 5 1 1 0.00111475 0.000331458 0.0011132664 0.000332525 0.001113 0.000332 0.0011116 0.0003318 6100 1219 4457 904 33116 263462 101 204188 88113 1219 29.7626953125 4.4140625 0.193359375 1.412109375
map_6 61 0 5 5 5 1 1 0.001390541 0.0005 0.001411283 0.0005012168 0.001387 0.0005 0.0014088 0.000501 7626 1378 6277 1142 42193 402912 881 326010 115060 1378 38.6494140625 5.576171875 0.1904296875 1.40625
map_7 61 1 5 5 5 1 1 0.0012255 0.001313542 0.00124015 0.0013216416 0.001222 0.001314 0.0012378 0.0013204 6778 2337 5077 1870 35564 1136988 113 873908 103270 2337 32.7900390625 9.130859375 0.205078125 1.552734375
map_8 61 0 5 5 5 1 1 0.001179583 0.001069334 0.0011895 0.001069467 0.001176 0.001067 0.0011874 0.0010686 6513 2152 4497 1657 33309 934711 114 685917 97629 2152 29.9580078125 8.0908203125 0.1640625 1.3359375
map_9 61 1 5 5 5 1 1 0.001007791 0.002207042 0.0010190996 0.002207875 0.001006 0.002204 0.0010178 0.0022048 5481 3112 3666 2471 28297 1909433 91 1525557 81454 3112 25.900390625 12.0654296875 0.1904296875 1.359375
map_0 62 1 5 5 5 1 1 0.000942917 0.002022042 0.0009558334 0.0017824166 0.00094 0.002022 0.0009534 0.0017806 5245 2411 2788 1988 30942 1177990 131 987172 74031 2411 21.61328125 9.70703125 0.1845703125 1.32421875
map_1 62 0 5 5 5 1 1 0.000971708 0.000772291 0.000982175 0.0007730666 0.000972 0.000771 0.0009808 0.0007714 5295 1757 3124 1440 33088 642883 68 518022 76283 1757 23.25390625 7.03125 0.1728515625 1.3828125
map_2 62 1 5 5 5 1 1 0.001008541 0.000552958 0.0010141416 0.0005632002 0.001008 0.000552 0.001013 0.0005622 5455 1329 3413 1101 30500 372140 10 302720 77197 1329 24.6650390625 5.3759765625 0.1904296875 1.3564453125
map_3 62 0 5 5 5 1 1 0.001009083 0.00166925 0.0010183836 0.0018024082 0.001005 0.001666 0.0010158 0.0018004 5512 2721 3819 2115 31550 1402183 175 1117436 83200 2721 26.6474609375 10.3271484375 0.2080078125 1.388671875
map_4 62 1 5 5 5 1 1 0.001170542 0.000592709 0.001182425 0.0005926916 0.001167 0.000592 0.0011802 0.0005916 6508 1616 4445 1203 40231 507645 288 361411 94568 1616 29.7041015625 5.8740234375 0.205078125 1.3564453125
map_5 62 0 5 5 5 1 1 0.001064916 0.000511667 0.0010804832 0.0005131252 0.001064 0.000511 0.0010786 0.000513 5875 1415 4337 1168 33789 412874 42 340727 83328 1415 29.1767578125 5.703125 0.24609375 1.365234375
map_6 62 1 5 5 5 1 1 0.001125417 0.000572 0.0011382084 0.0005714336 0.001122 0.00057 0.0011358 0.0005708 6247 1478 4661 1236 31192 464464 292 381520 93976 1478 30.7587890625 6.03515625 0.17578125 1.32421875
map_7 62 0 5 5 5 1 1 0.000947291 0.006283042 0.0009560916 0.00627555 0.000944 0.00628 0.0009536 0.0062716 5176 5293 3681 4207 28716 5580704 190 4422611 78816 5293 25.9736328125 20.5419921875 0.2021484375 1.1923828125
map_8 62 1 5 5 5 1 1 0.00132325 0.004189083 0.0013386834 0.0041877498 0.00132 0.004189 0.0013366 0.0041852 7297 4423 5409 3376 39706 3766605 411 2848302 108602 4423 34.4111328125 16.484375 0.24609375 1.4384765625
map_9 62 0 5 5 5 1 1 0.00123075 0.000350542 0.001240975 0.0003515918 0.001231 0.00035 0.0012398 0.000351 6744 1148 4934 958 39750 275511 146 229295 99302 1148 32.091796875 4.677734375 0.1904296875 1.40625
map_0 63 0 5 5 5 1 1 0.001216917 0.000597458 0.0012252672 0.0005976414 0.001216 0.000596 0.0012238 0.0005968 6840 1504 4892 1272 39908 484341 1125 404021 96743 1504 31.88671875 6.2109375 0.17578125 1.3125
map_1 63 1 5 5 5 1 1 0.00100125 0.001414209 0.0010044332 0.0014147586 0.001 0.001413 0.0010032 0.0014114 5438 2557 3123 1917 29021 1230432 30 918509 79607 2557 23.2490234375 9.3603515625 0.1611328125 1.6201171875
map_2 63 0 5 5 5 1 1 0.001365125 0.000314417 0.0013755584 0.0003147252 0.001363 0.000315 0.0013736 0.0003148 7494 1079 5186 895 41412 249936 587 200067 105690 1079 33.322265625 4.3701171875 0.1962890625 1.3095703125
map_3 63 1 5 5 5 1 1 0.001228709 0.000412042 0.0012463916 0.0004127334 0.001225 0.000412 0.001244 0.0004124 6787 1315 5570 1022 39156 333542 267 260835 103864 1315 35.197265625 4.990234375 0.193359375 1.37109375
map_4 63 0 5 5 5 1 1 0.001370959 0.000281416 0.0013836168 0.0002819998 0.001371 0.000281 0.0013812 0.0002818 7509 1053 5310 843 48781 221332 428 177561 105324 1053 33.927734375 4.1162109375 0.193359375 1.3623046875
map_5 63 1 5 5 5 1 1 0.001019459 0.000221917 0.0010368002 0.0002220336 0.001019 0.000221 0.001035 0.0002208 5691 877 3619 749 28999 166579 53 140194 83268 877 25.6708984375 3.6572265625 0.1728515625 1.3564453125
map_6 63 0 5 5 5 1 1 0.001253333 0.001034 0.0012657168 0.0010339916 0.001253 0.001031 0.0012636 0.0010322 6945 2006 4709 1679 36661 868880 213 704114 97724 2006 30.9931640625 8.1982421875 0.1875 1.2890625
map_7 63 1 5 5 5 1 1 0.000924166 0.00096625 0.0009435748 0.0009659834 0.000925 0.000964 0.0009428 0.0009646 5172 2028 3508 1592 29649 827448 225 633493 75474 2028 25.12890625 7.7734375 0.1787109375 1.3740234375
map_8 63 0 5 5 5 1 1 0.001501791 0.000663 0.001509983 0.000664975 0.001498 0.000663 0.0015072 0.0006638 8198 1610 6333 1326 42136 539237 1190 439069 121640 1610 38.9228515625 6.474609375 0.2138671875 1.318359375
map_9 63 1 5 5 5 1 1 0.001211416 0.000839958 0.0012295998 0.0008403666 0.001211 0.000839 0.0012284 0.00084 6738 1861 4378 1476 39832 718610 203 544230 92458 1861 29.376953125 7.20703125 0.205078125 1.3681640625
map_0 64 1 5 5 5 1 1 0.001087042 0.000904709 0.0010977834 0.0009356584 0.001084 0.000898 0.001096 0.0009332 5950 1909 4063 1425 32174 713832 179 507606 87300 1909 27.8388671875 6.9580078125 0.1669921875 1.3740234375
map_1 64 0 5 5 5 1 1 0.000979667 0.000985375 0.0009823582 0.0009841834 0.000977 0.000982 0.0009802 0.0009828 5378 2014 3993 1606 28871 846546 77 644342 76469 2014 27.4970703125 7.841796875 0.2080078125 1.423828125
map_2 64 1 5 5 5 1 1 0.00098725 0.001110166 0.0009965582 0.0011099414 0.000987 0.001108 0.000996 0.0011084 5436 2118 3828 1738 29696 936881 59 754869 77927 2118 26.69140625 8.486328125 0.2021484375 1.388671875
map_3 64 0 5 5 5 1 1 0.000913292 0.000580375 0.0009241502 0.0005805418 0.00091 0.000579 0.0009216 0.0005798 4975 1526 3556 1241 32409 477736 72 384784 70571 1526 25.36328125 6.0595703125 0.2021484375 1.3828125
map_4 64 1 5 5 5 1 1 0.00087125 0.000838959 0.000885075 0.0008395168 0.000872 0.000838 0.0008838 0.0008384 4769 1924 2880 1485 29602 708116 25 550778 68603 1924 22.0625 7.2509765625 0.1845703125 1.4150390625
map_5 64 0 5 5 5 1 1 0.000895958 0.001720167 0.0009079584 0.0017214668 0.000893 0.001719 0.0009064 0.0017204 4989 2803 3334 2114 27095 1535005 28 1117083 74132 2803 24.279296875 10.322265625 0.2197265625 1.3564453125
map_6 64 1 5 5 5 1 1 0.00107 0.002073416 0.0010470832 0.0020711916 0.001069 0.002071 0.0010466 0.0020676 5431 3259 2570 2284 30142 1884209 54 1303385 75637 3258 20.548828125 11.15234375 0.17578125 1.529296875
map_7 64 0 5 5 5 1 1 0.001114333 0.001147792 0.0011580832 0.0011487 0.001114 0.001145 0.0011528 0.0011468 6298 2264 4866 1747 29951 981447 502 762412 94895 2263 31.759765625 8.5302734375 0.1611328125 1.4443359375
map_8 64 1 5 5 5 1 1 0.001425792 0.000830958 0.0014309836 0.000831975 0.001426 0.00083 0.001429 0.0008304 7726 1912 6556 1473 39722 701841 851 541954 114541 1912 40.01171875 7.1923828125 0.17578125 1.41796875
map_9 64 0 5 5 5 1 1 0.001356166 0.00033625 0.0013696328 0.0003370916 0.001352 0.000335 0.0013674 0.0003362 7547 1090 6052 935 37215 264947 783 218382 110880 1090 37.55078125 4.5654296875 0.1904296875 1.37109375
map_0 65 0 5 5 5 1 1 0.00133825 0.000552292 0.001341 0.0005998582 0.001339 0.000552 0.0013398 0.0005992 7311 1447 4642 1197 42212 459957 776 357907 104493 1447 30.666015625 5.8447265625 0.1904296875 1.3681640625
map_1 65 1 5 5 5 1 1 0.001200791 0.002214708 0.0012114666 0.0022142498 0.001199 0.002215 0.0012098 0.0022132 6647 3159 4961 2404 34438 1997734 625 1444571 95446 3159 32.2236328125 11.73828125 0.1875 1.8251953125
map_2 65 0 5 5 5 1 1 0.001129167 0.000816 0.0011417834 0.0008160998 0.001125 0.000814 0.0011394 0.0008144 6176 1790 4375 1477 35533 683215 207 544988 87335 1790 29.3623046875 7.2119140625 0.205078125 1.4560546875
map_3 65 1 5 5 5 1 1 0.001054542 0.0010415 0.0010666418 0.0010417832 0.001052 0.00104 0.0010646 0.0010404 5759 2104 4326 1633 32972 911053 54 666080 85917 2104 29.123046875 7.9736328125 0.1962890625 1.3564453125
map_4 65 0 5 5 5 1 1 0.00106125 0.001347875 0.0010772836 0.0013474584 0.001061 0.001346 0.0010758 0.0013458 5794 2462 3746 1899 33372 1160241 128 901077 83879 2462 26.291015625 9.2724609375 0.1875 1.435546875
map_5 65 1 5 5 5 1 1 0.001303167 0.003242208 0.0013203334 0.0032432916 0.001301 0.003242 0.0013184 0.003241 7178 3718 5591 2998 37171 2860875 421 2245595 103525 3718 35.2998046875 14.638671875 0.193359375 1.294921875
map_6 65 0 5 5 5 1 1 0.001465042 0.000901875 0.0014855086 0.0009023168 0.001464 0.000901 0.0014838 0.0009008 8165 1980 5330 1534 46921 769234 781 587711 109393 1980 34.025390625 7.490234375 0.1875 1.353515625
map_7 65 1 5 5 5 1 1 0.001095458 0.000635708 0.001107033 0.0006369832 0.001093 0.000635 0.0011052 0.0006358 6089 1708 4195 1272 30339 534454 195 404388 86275 1708 28.4833984375 6.2109375 0.1728515625 1.5
map_8 65 0 5 5 5 1 1 0.000982125 0.002263208 0.0009899668 0.0022638664 0.000981 0.00226 0.000989 0.0022622 5411 3094 3976 2475 26039 1996809 54 1531139 79071 3094 27.4140625 12.0849609375 0.19921875 1.634765625
map_9 65 1 5 5 5 1 1 0.000977 0.001537209 0.000991725 0.0015356 0.000976 0.001534 0.00099 0.0015336 5397 2551 3228 2025 33308 1336479 82 1024495 75441 2551 23.76171875 9.8876953125 0.19921875 1.40625
map_0 66 1 5 5 5 1 1 0.000738875 0.001475 0.0007465252 0.0015218416 0.000735 0.001472 0.0007448 0.0015192 4046 2568 2614 1978 20287 1277132 12 977995 58335 2568 20.763671875 9.658203125 0.193359375 1.3505859375
map_1 66 0 5 5 5 1 1 0.001307209 0.002425625 0.0013226916 0.0024284584 0.001304 0.002423 0.0013206 0.0024248 7226 3324 5738 2584 40154 2118592 695 1668156 106329 3324 36.017578125 12.6171875 0.19921875 1.4677734375
map_2 66 1 5 5 5 1 1 0.00144075 0.001480666 0.0014368752 0.00148215 0.001436 0.001479 0.0014354 0.0014806 7903 9804 5536 1646 42551 1351270 825 677232 109975 9804 35.03125 8.037109375 0.2138671875 1.6494140625
map_3 66 0 5 5 5 1 1 0.001322083 0.001659583 0.0013368916 0.0016600416 0.001322 0.001657 0.0013354 0.0016576 7315 2637 5814 2142 39597 1418370 862 1146047 109364 2637 36.388671875 10.458984375 0.1787109375 1.248046875
map_4 66 1 5 5 5 1 1 0.000879209 0.000539792 0.0008871002 0.0005399584 0.000876 0.000538 0.0008862 0.0005392 4811 1514 2992 1193 27651 436435 12 355587 70843 1514 22.609375 5.8251953125 0.1845703125 1.447265625
map_5 66 0 5 5 5 1 1 0.000680916 0.000423041 0.0006873496 0.000449558 0.000681 0.000422 0.0006866 0.0004488 3762 1205 2145 991 20613 304129 24 245416 53324 1205 18.4736328125 4.8388671875 0.1669921875 1.3916015625
map_6 66 1 5 5 5 1 1 0.000708292 0.002838542 0.0007179334 0.0028364498 0.000708 0.002835 0.0007166 0.0028332 3911 3749 2588 2718 21676 2575418 11 1845698 58678 3749 20.63671875 13.271484375 0.1962890625 1.4091796875
map_7 66 0 5 5 5 1 1 0.000656042 0.001124292 0.0006727336 0.0011495668 0.000656 0.001122 0.0006706 0.0011476 3583 2227 2046 1712 18712 971979 29 732182 52174 2227 17.990234375 8.359375 0.1640625 1.3798828125
map_8 66 1 5 5 5 1 1 0.001568958 0.002661875 0.001580625 0.0026653748 0.001566 0.002658 0.0015788 0.0026622 8780 3594 7778 2654 46303 2389564 1954 1759720 129109 3594 45.978515625 12.958984375 0.2197265625 1.2890625
map_9 66 0 5 5 5 1 1 0.001046167 0.001567416 0.001057292 0.0015674832 0.001046 0.001565 0.001056 0.0015652 5792 2713 4165 2012 31449 1389333 272 1011252 81626 2713 28.3369140625 9.82421875 0.1787109375 1.3388671875
map_0 67 0 5 5 5 1 1 0.001044625 0.000622292 0.001053975 0.0006225834 0.001045 0.000621 0.001053 0.0006212 5645 1715 2811 1267 36794 514901 60 400925 79597 1715 21.7255859375 6.1865234375 0.193359375 1.423828125
map_1 67 1 5 5 5 1 1 0.001597875 0.000814042 0.0016232834 0.0008168584 0.001594 0.000814 0.001621 0.0008158 8848 1836 6834 1450 53431 693414 1091 525405 123356 1836 41.369140625 7.080078125 0.1875 1.4501953125
map_2 67 0 5 5 5 1 1 0.0013655 0.000685792 0.0013767252 0.0006854918 0.001365 0.000684 0.0013746 0.0006842 7501 1676 4799 1343 44560 571825 800 450623 103366 1676 31.4326171875 6.5576171875 0.1845703125 1.3828125
map_3 67 1 5 5 5 1 1 0.001202042 0.0014465 0.0012470166 0.0014464832 0.0012 0.001446 0.0012436 0.0014446 6732 2516 5165 1928 38233 1289783 267 928502 102117 2516 33.2197265625 9.4140625 0.2255859375 1.40625
map_4 67 0 5 5 5 1 1 0.001314458 0.0023575 0.0013279 0.0023579084 0.001308 0.002355 0.0013252 0.002356 7185 3071 4318 2580 43107 2028495 203 1663028 102092 3071 29.083984375 12.59765625 0.2255859375 1.3681640625
map_5 67 1 5 5 5 1 1 0.001009416 0.000585542 0.00102015 0.0005862082 0.001008 0.000585 0.0010182 0.0005846 5521 1573 3216 1240 30637 478453 88 384028 79716 1573 23.703125 6.0546875 0.193359375 1.388671875
map_6 67 0 5 5 5 1 1 0.001428625 0.000904583 0.001440558 0.0009045832 0.001428 0.000902 0.001439 0.0009028 7900 1925 5143 1545 41769 764811 454 596174 110344 1925 33.1123046875 7.5439453125 0.205078125 1.359375
map_7 67 1 5 5 5 1 1 0.000816458 0.003111583 0.0008301252 0.0031119 0.000816 0.003108 0.0008288 0.0031092 4579 3809 2883 2926 22871 2736551 260 2139567 67929 3809 22.0771484375 14.287109375 0.1640625 1.6259765625
map_8 67 0 5 5 5 1 1 0.001302541 0.000348542 0.001307608 0.0003484416 0.001302 0.000348 0.0013058 0.000348 7160 1156 5809 939 35100 278259 477 220267 104564 1156 36.3642578125 4.5849609375 0.193359375 1.3359375
map_9 67 1 5 5 5 1 1 0.001156875 0.000353167 0.0011626 0.0003546584 0.001156 0.000354 0.00116 0.000354 6312 1135 3587 965 40196 277701 114 232591 86877 1135 25.5146484375 4.7119140625 0.1845703125 1.3447265625
map_0 68 1 5 5 5 1 1 0.000991042 0.000899792 0.0010059418 0.000902575 0.000991 0.000897 0.001005 0.0009008 5449 1953 3287 1547 33336 755476 136 597745 78609 1952 24.0498046875 7.5537109375 0.1494140625 1.376953125
map_1 68 0 5 5 5 1 1 0.001376083 0.000252041 0.0013983166 0.0002376834 0.001376 0.000252 0.0013982 0.0002372 7660 867 5749 702 44306 148309 735 123197 111553 867 36.0712890625 3.427734375 0.1787109375 1.34765625
map_2 68 1 5 5 5 1 1 0.001040041 0.001925708 0.0010521164 0.0019243834 0.001039 0.001923 0.0010504 0.001922 5673 2889 3527 2279 33995 1682058 28 1297477 80528 2889 25.2216796875 11.1279296875 0.2080078125 1.3271484375
map_3 68 0 5 5 5 1 1 0.001174792 0.002816083 0.001184925 0.0028156834 0.001172 0.002814 0.0011836 0.0028132 6415 3735 4894 2711 38110 2562993 436 1836341 92740 3734 31.896484375 13.2373046875 0.19921875 1.4443359375
map_4 68 1 5 5 5 1 1 0.001324417 0.001814333 0.0013383418 0.0018151584 0.001321 0.001814 0.001337 0.0018138 7375 2758 4454 2221 42376 1570164 464 1232243 100029 2758 29.748046875 10.8447265625 0.2021484375 1.34765625
map_5 68 0 5 5 5 1 1 0.001079875 0.001060833 0.0010868164 0.0010604498 0.001078 0.001059 0.001085 0.0010588 5991 2091 4281 1674 35435 908542 338 700221 86603 2091 28.9033203125 8.173828125 0.1962890625 1.2890625
map_6 68 1 5 5 5 1 1 0.000945542 0.004225709 0.0009571586 0.0042255502 0.000945 0.004223 0.0009558 0.0042236 5213 4505 3898 3389 30507 3801151 78 2869999 76068 4504 27.033203125 16.5478515625 0.1640625 1.388671875
map_7 68 0 5 5 5 1 1 0.000988083 0.001135083 0.0009973334 0.001137325 0.000985 0.001132 0.0009956 0.0011348 5406 2239 3375 1718 27809 984919 48 737579 79377 2239 24.4794921875 8.388671875 0.216796875 1.5322265625
map_8 68 1 5 5 5 1 1 0.000904584 0.00044325 0.0009139082 0.0004442166 0.000905 0.000443 0.0009128 0.0004436 5043 1305 3367 1074 26352 358066 93 288355 74183 1305 24.4404296875 5.244140625 0.181640625 1.4619140625
map_9 68 0 5 5 5 1 1 0.001141458 0.000395792 0.0011489582 0.0003961084 0.001138 0.000395 0.0011466 0.0003956 6298 1200 4705 1011 35633 319732 367 255241 87475 1200 30.9736328125 4.9365234375 0.193359375 1.3388671875
map_0 69 0 5 5 5 1 1 0.001195958 0.00165225 0.0012028332 0.0016531666 0.001193 0.00165 0.0012002 0.0016508 6657 2894 4105 2033 34657 1497633 504 1032402 94571 2894 28.0439453125 9.9267578125 0.205078125 1.3974609375
map_1 69 1 5 5 5 1 1 0.00129925 0.000320167 0.0013065584 0.0003199 0.001298 0.000318 0.0013042 0.0003182 7021 1025 4975 937 43578 242344 492 219398 102745 1025 32.2919921875 4.5751953125 0.1904296875 1.3447265625
map_2 69 0 5 5 5 1 1 0.001220709 0.000291416 0.0012328586 0.0002920584 0.00122 0.000291 0.0012314 0.0002908 6797 1047 4300 864 38948 224306 420 186544 95208 1047 28.99609375 4.21875 0.1787109375 1.365234375
map_3 69 1 5 5 5 1 1 0.000583708 0.001363584 0.0005950748 0.0013633252 0.000584 0.00136 0.0005938 0.0013616 3240 2461 2160 1910 14357 1173080 53 911193 48273 2461 18.546875 9.326171875 0.1640625 1.3447265625
map_4 69 0 5 5 5 1 1 0.001101166 0.00039675 0.0011133664 0.0003976416 0.0011 0.000397 0.0011114 0.0003968 6073 1251 3502 1008 35837 321084 167 253794 83657 1251 25.099609375 4.921875 0.1904296875 1.3505859375
map_5 69 1 5 5 5 1 1 0.001020375 0.000316084 0.0010317916 0.0003158252 0.00102 0.000316 0.0010302 0.0003156 5610 1071 3458 907 30430 245934 232 205485 80861 1071 24.884765625 4.4287109375 0.2080078125 1.3447265625
map_6 69 0 5 5 5 1 1 0.001215709 0.00184175 0.0012254332 0.0020839168 0.001215 0.001841 0.0012232 0.0020824 6694 2711 4984 2254 39897 1554410 224 1269954 98061 2711 32.3359375 11.005859375 0.2080078125 1.2685546875
map_7 69 1 5 5 5 1 1 0.000864125 0.002049125 0.0008761252 0.0020495916 0.000864 0.002046 0.0008752 0.0020472 4777 3061 3017 2328 24908 1819374 40 1353886 67990 3061 22.7314453125 11.3671875 0.1875 1.3740234375
map_8 69 0 5 5 5 1 1 0.00092425 0.000239 0.0009341834 0.0002389916 0.000924 0.000239 0.0009326 0.0002392 5077 889 3704 788 23657 182505 32 155188 74302 889 26.0859375 3.84765625 0.17578125 1.34765625
map_9 69 1 5 5 5 1 1 0.001257792 0.000697083 0.0012724086 0.0006981582 0.001258 0.000696 0.0012712 0.0006968 6964 1702 4994 1352 39019 582735 233 456556 99079 1702 32.384765625 6.6015625 0.193359375 1.3388671875
map_0 70 1 5 5 5 1 1 0.001206708 0.000825708 0.0012203498 0.0008284252 0.001207 0.000823 0.0012198 0.0008254 6662 1852 4580 1464 33665 700234 300 535329 97128 1852 30.36328125 7.1484375 0.1728515625 1.3916015625
map_1 70 0 5 5 5 1 1 0.0011285 0.00044175 0.0011456416 0.0004424416 0.001128 0.000441 0.0011436 0.0004414 6278 1461 4245 1024 39015 375269 285 261993 90443 1461 28.7275390625 5 0.1728515625 1.4033203125
map_2 70 1 5 5 5 1 1 0.001276208 0.000212375 0.001290175 0.0002125668 0.001275 0.000213 0.0012888 0.0002124 7146 861 4784 744 39249 156737 336 138329 99351 861 31.359375 3.6328125 0.2138671875 1.365234375
map_3 70 0 5 5 5 1 1 0.001380541 0.000487792 0.0013954334 0.0004882832 0.00138 0.000487 0.001394 0.0004874 7650 1466 6296 1100 40443 407029 970 302267 114568 1466 38.7421875 5.37109375 0.2197265625 1.41796875
map_4 70 1 5 5 5 1 1 0.001139083 0.000967958 0.0011553584 0.0009682002 0.001139 0.000966 0.0011536 0.000967 6416 1995 4881 1611 38497 816642 245 648719 95216 1995 31.8330078125 7.8662109375 0.1640625 1.5703125
map_5 70 0 5 5 5 1 1 0.00091675 0.000519416 0.0009199834 0.0005198832 0.000916 0.00052 0.0009194 0.0005194 4935 1507 2622 1156 30432 425473 84 333845 67974 1507 20.802734375 5.64453125 0.1787109375 1.4208984375
map_6 70 1 5 5 5 1 1 0.001206166 0.000320042 0.0012290836 0.0003204584 0.001205 0.000319 0.0012278 0.0003194 6717 1134 5153 890 38112 256535 382 197950 97403 1134 33.1611328125 4.345703125 0.181640625 1.3916015625
map_7 70 0 5 5 5 1 1 0.000996042 0.000215125 0.0010181752 0.0002152418 0.000996 0.000215 0.0010172 0.000215 5556 846 4133 745 28081 163616 199 138745 83616 846 28.1806640625 3.6376953125 0.193359375 1.3505859375
map_8 70 1 5 5 5 1 1 0.001016208 0.000281209 0.0010335164 0.0002812918 0.001016 0.000281 0.0010324 0.0002806 5612 1110 3799 815 28711 230999 48 165941 81849 1110 26.5498046875 3.9794921875 0.1669921875 1.388671875
map_9 70 0 5 5 5 1 1 0.001126584 0.000370791 0.0011415668 0.0003706914 0.001127 0.000369 0.0011402 0.0003698 6304 1127 4609 1005 35352 287711 284 252267 89518 1127 30.5048828125 4.9072265625 0.193359375 1.3447265625
map_0 71 0 5 5 5 1 1 0.001087292 0.000983583 0.0011032834 0.0009841998 0.001087 0.000983 0.0011008 0.0009828 6080 2066 3773 1611 32522 836260 527 648514 89198 2066 26.4228515625 7.8662109375 0.1640625 1.48828125
map_1 71 1 5 5 5 1 1 0.001211833 0.000276125 0.0012232832 0.0002769002 0.001211 0.000276 0.0012216 0.000276 6624 974 4609 864 43477 208386 384 186481 95181 974 30.5048828125 4.21875 0.1787109375 1.3564453125
map_2 71 0 5 5 5 1 1 0.00080275 0.000390875 0.0008051168 0.0003914668 0.000802 0.00039 0.000804 0.0003904 4407 1245 2241 1010 25279 310372 51 254969 59367 1245 18.9423828125 4.931640625 0.181640625 1.423828125
map_3 71 1 5 5 5 1 1 0.0012355 0.002174333 0.0012520666 0.0021761582 0.001232 0.002171 0.0012498 0.0021742 6771 3248 5354 2406 39797 1922557 535 1447039 100120 3248 34.142578125 11.748046875 0.205078125 1.400390625
map_4 71 0 5 5 5 1 1 0.001002958 0.000512084 0.0010124084 0.0004618336 0.001003 0.000511 0.001011 0.0004616 5521 1224 3293 982 32843 291156 96 240879 78873 1224 24.0791015625 4.794921875 0.1875 1.435546875
map_5 71 1 5 5 5 1 1 0.000958917 0.000522375 0.000959 0.0005237496 0.000956 0.000522 0.000957 0.0005226 5207 1571 3151 1158 29774 426282 49 335025 74809 1571 23.3857421875 5.654296875 0.1728515625 1.4619140625
map_6 71 0 5 5 5 1 1 0.000886416 0.000345791 0.0008973164 0.0003460664 0.000886 0.000344 0.0008964 0.000345 4863 1191 3293 949 31250 270841 12 225094 72320 1191 24.0791015625 4.6337890625 0.1669921875 1.39453125
map_7 71 1 5 5 5 1 1 0.000807583 0.00136075 0.0008191166 0.0013607836 0.000807 0.001358 0.0008186 0.0013594 4430 2434 2649 1870 25640 1207065 200 873454 64732 2434 20.9345703125 9.130859375 0.1875 1.412109375
map_8 71 0 5 5 5 1 1 0.001132292 0.001617375 0.0011492168 0.001616675 0.001129 0.001614 0.0011478 0.0016142 6229 2626 4675 2106 31696 1381235 300 1108507 92644 2626 30.8271484375 10.283203125 0.2431640625 1.3916015625
map_9 71 1 5 5 5 1 1 0.000894333 0.001337958 0.000901425 0.0013268664 0.000894 0.001336 0.0009006 0.0013242 4855 2244 2665 1649 25588 963431 9 679480 68610 2244 21.0126953125 8.0517578125 0.1787109375 1.4794921875
map_0 72 1 5 5 5 1 1 0.000566875 0.000388208 0.0005716084 0.0003887084 0.000566 0.000388 0.0005702 0.000388 3022 1227 982 1014 19131 303560 39 256872 40531 1227 12.794921875 4.951171875 0.1728515625 1.34765625
map_1 72 0 5 5 5 1 1 0.001190083 0.000718625 0.0012033082 0.0007673416 0.001187 0.000715 0.001201 0.000765 6561 1763 4572 1286 35676 601829 216 413444 93743 1763 30.32421875 6.279296875 0.234375 1.4765625
map_2 72 1 5 5 5 1 1 0.001062958 0.00049875 0.001080375 0.0004995418 0.00106 0.000499 0.0010786 0.000499 5898 1369 3755 1141 31489 409176 112 325322 81225 1369 26.3349609375 5.5712890625 0.240234375 1.3974609375
map_3 72 0 5 5 5 1 1 0.000995875 0.001350209 0.0010051084 0.0013507752 0.000996 0.001347 0.001004 0.001349 5463 2434 3953 1877 33344 1186528 67 880119 79984 2434 27.3017578125 9.1650390625 0.17578125 1.34765625
map_4 72 1 5 5 5 1 1 0.000970958 0.000785417 0.0009946582 0.0007860082 0.000968 0.000782 0.0009934 0.0007834 5458 1787 3750 1420 34942 669379 72 503811 79788 1787 26.310546875 6.93359375 0.193359375 1.4150390625
map_5 72 0 5 5 5 1 1 0.000925583 0.000441541 0.0009343416 0.0004413584 0.000924 0.00044 0.0009328 0.0004408 5005 1286 2584 1082 25547 350938 15 292550 69375 1286 20.6171875 5.283203125 0.2021484375 1.4091796875
map_6 72 1 5 5 5 1 1 0.000960916 0.001152125 0.000974825 0.0011540084 0.00096 0.001153 0.0009742 0.0011542 5347 2208 3879 1743 32023 995582 196 758810 78605 2208 26.9404296875 8.5107421875 0.1376953125 1.32421875
map_7 72 0 5 5 5 1 1 0.001123292 0.00067325 0.0011360916 0.000672875 0.001123 0.000672 0.0011358 0.0006724 6138 1732 3996 1307 31569 573049 388 426687 88971 1732 27.51171875 6.3818359375 0.2080078125 1.330078125
map_8 72 1 5 5 5 1 1 0.001052584 0.000450333 0.0010657332 0.0004507248 0.001051 0.00045 0.001065 0.0004506 5856 1410 4446 1052 29043 374824 235 276476 88130 1410 29.708984375 5.13671875 0.1904296875 1.365234375
map_9 72 0 5 5 5 1 1 0.001034125 0.000292125 0.0010437666 0.0002921002 0.001035 0.000291 0.0010432 0.0002914 5688 1022 3645 875 30436 225529 148 191269 80163 1022 25.7978515625 4.2724609375 0.216796875 1.3564453125
map_0 73 0 5 5 5 1 1 0.001043417 0.000501959 0.0010566916 0.0005027498 0.001044 0.000501 0.0010548 0.0005014 5835 1405 3726 1150 31320 407034 208 330393 79604 1405 26.193359375 5.615234375 0.2080078125 1.34765625
map_1 73 1 5 5 5 1 1 0.000657667 0.008582292 0.0006638168 0.0085866836 0.000656 0.00858 0.000663 0.008584 3563 6556 2055 4872 20767 7777162 28 5931661 53527 6554 18.0341796875 23.7890625 0.1669921875 1.2890625
map_2 73 0 5 5 5 1 1 0.001024041 0.00095875 0.0010382332 0.0009590166 0.001022 0.000957 0.0010366 0.0009574 5719 3837 3362 1462 30401 846089 100 534176 81763 3837 24.416015625 7.138671875 0.19921875 1.5
map_3 73 1 5 5 5 1 1 0.000871958 0.000319459 0.0008814416 0.0003195084 0.000871 0.000318 0.0008794 0.0003186 4754 894 3160 778 24610 175657 39 151310 70382 893 23.4296875 3.798828125 0.205078125 1.365234375
map_4 73 0 5 5 5 1 1 0.001091833 0.000483334 0.0010995166 0.0004860668 0.001089 0.000483 0.0010974 0.0004852 5956 1418 3595 1106 36449 398764 133 305722 85186 1418 25.5537109375 5.400390625 0.205078125 1.4091796875
map_5 73 1 5 5 5 1 1 0.001078208 0.000575958 0.0010904332 0.0005834 0.001075 0.000575 0.0010896 0.0005818 5949 1392 4035 1162 30532 397645 250 337547 85178 1392 27.7021484375 5.673828125 0.1875 1.388671875
map_6 73 0 5 5 5 1 1 0.001001 0.003566125 0.0010161666 0.0035676248 0.001 0.003566 0.001014 0.0035672 5589 4084 4120 3116 32534 3194508 81 2427309 85412 4084 28.1171875 15.21484375 0.205078125 1.4208984375
map_7 73 1 5 5 5 1 1 0.001255083 0.008892125 0.0012690498 0.0088861752 0.001255 0.008889 0.0012674 0.0088842 6948 6829 5290 4933 33009 8112201 569 6081434 103316 6828 33.830078125 24.0869140625 0.193359375 1.447265625
map_8 73 0 5 5 5 1 1 0.001159875 0.005353708 0.0011757416 0.0053538082 0.00116 0.00535 0.0011744 0.0053506 6383 5157 4135 3771 31622 4939418 108 3553370 93741 5157 28.1904296875 18.4130859375 0.2197265625 1.4326171875
map_9 73 1 5 5 5 1 1 0.001231792 0.004693875 0.0012502168 0.0048335664 0.001231 0.004691 0.0012482 0.0048312 6826 4930 4674 3486 35022 4356520 239 3037823 96615 4930 30.822265625 17.021484375 0.19921875 1.8193359375
map_0 74 1 5 5 5 1 1 0.00114225 0.000507792 0.0011559916 0.0005080998 0.001141 0.000507 0.0011542 0.0005074 6310 1416 4928 1133 34359 424695 236 320646 92584 1416 32.0625 5.5322265625 0.2080078125 1.3740234375
map_1 74 0 5 5 5 1 1 0.001203917 0.002694292 0.0012176918 0.00269715 0.001203 0.002692 0.0012158 0.002694 6521 3491 4799 2700 38773 2394825 200 1821290 97290 3491 31.4326171875 13.18359375 0.1728515625 1.20703125
map_2 74 1 5 5 5 1 1 0.000911459 0.000515125 0.000919875 0.0005184164 0.000911 0.000512 0.0009188 0.0005174 4963 1414 1752 1147 20200 424762 130 328572 71434 1413 16.5546875 5.6005859375 0.1640625 1.376953125
map_3 74 0 5 5 5 1 1 0.001010417 0.000968083 0.0010236248 0.0009676664 0.001007 0.000966 0.0010224 0.0009662 5585 2119 4708 1578 28025 835137 240 621877 83803 2119 30.98828125 7.705078125 0.1962890625 1.330078125
map_4 74 1 5 5 5 1 1 0.001308375 0.00032225 0.001319675 0.0003224332 0.001306 0.000321 0.0013176 0.0003216 7219 1134 5620 910 38927 252767 585 206836 104793 1134 35.44140625 4.443359375 0.1845703125 1.3623046875
map_5 74 0 5 5 5 1 1 0.001257042 0.000753167 0.0012667836 0.0007537004 0.001257 0.000752 0.0012664 0.0007528 7010 1832 5748 1376 38368 644982 553 472864 101078 1832 36.06640625 6.71875 0.1845703125 1.3505859375
map_6 74 1 5 5 5 1 1 0.001405667 0.006471834 0.0014056334 0.006475342 0.001405 0.006468 0.0014052 0.0064742 7623 5786 6817 4121 40680 6038639 1213 4243700 115035 5786 41.2861328125 20.1220703125 0.1787109375 1.3388671875
map_7 74 0 5 5 5 1 1 0.001167 0.003138792 0.0011845082 0.0031398084 0.001168 0.003138 0.0011846 0.0031392 6559 3831 4893 2930 33110 2786879 471 2144861 94226 3831 31.8916015625 14.306640625 0.1728515625 1.30078125
map_8 74 1 5 5 5 1 1 0.000862208 0.000714584 0.000875175 0.0007150086 0.000862 0.000712 0.000873 0.0007132 4708 1703 3402 1370 23778 594582 23 468941 69702 1703 24.611328125 6.689453125 0.15234375 1.4296875
map_9 74 0 5 5 5 1 1 0.001118125 0.000674458 0.0011265168 0.0006761332 0.001115 0.000674 0.0011248 0.000675 6078 1636 4288 1336 30731 560806 116 445941 87735 1635 28.9375 6.5234375 0.2314453125 1.4384765625
map_0 75 0 5 5 5 1 1 0.001189417 0.000612334 0.0012014668 0.0006134584 0.001189 0.000612 0.0011998 0.0006128 6632 1719 3807 1208 35105 530542 282 364790 96864 1719 26.5888671875 5.8984375 0.1845703125 1.46484375
map_1 75 1 5 5 5 1 1 0.001455333 0.00046575 0.0014333998 0.0004669336 0.001452 0.000464 0.001431 0.0004656 7763 1362 6017 1089 41431 382048 652 296154 112467 1362 37.3798828125 5.3173828125 0.205078125 1.3359375
map_2 75 0 5 5 5 1 1 0.001143667 0.000274083 0.0011551834 0.0002742498 0.001144 0.000274 0.0011544 0.000274 6250 969 3290 850 27064 211097 94 180499 91196 969 24.064453125 4.150390625 0.193359375 1.353515625
map_3 75 1 5 5 5 1 1 0.001121459 0.003589792 0.0011324918 0.0035890164 0.001121 0.003587 0.0011316 0.0035868 6144 4030 4068 3120 38142 3210902 215 2433193 90852 4030 27.86328125 15.234375 0.15234375 1.4326171875
map_4 75 0 5 5 5 1 1 0.001235958 0.000308458 0.0012457416 0.0003091916 0.001235 0.000308 0.0012452 0.0003088 6685 1107 3963 889 46833 242641 87 197486 96858 1107 27.3505859375 4.3408203125 0.193359375 1.376953125
map_5 75 1 5 5 5 1 1 0.000936541 0.001913625 0.0009456502 0.0019178748 0.000937 0.001911 0.000945 0.0019154 5038 3059 2619 2227 28298 1713474 8 1239013 73229 3059 20.7880859375 10.8740234375 0.1845703125 1.4208984375
map_6 75 0 5 5 5 1 1 0.001577333 0.000347709 0.0015917998 0.0003480668 0.001574 0.000347 0.0015904 0.0003468 8664 909 6664 825 47118 184277 1599 170020 120539 909 40.5390625 4.0283203125 0.205078125 1.3388671875
map_7 75 1 5 5 5 1 1 0.0008545 0.002909 0.0008471666 0.0029098584 0.000854 0.002906 0.0008446 0.0029074 4418 3650 2606 2798 24590 2584083 25 1955974 62700 3650 20.724609375 13.662109375 0.15234375 1.4208984375
map_8 75 0 5 5 5 1 1 0.001012583 0.002747917 0.0010272002 0.0029722336 0.001009 0.002747 0.0010256 0.0029716 5533 3418 3291 2761 28975 2397337 35 1905061 83337 3418 24.0693359375 13.4814453125 0.181640625 1.3154296875
map_9 75 1 5 5 5 1 1 0.001397875 0.000379375 0.0014127496 0.0003790918 0.001397 0.000378 0.0014122 0.0003786 7747 1172 5379 1014 42033 294022 625 256831 112512 1171 34.2646484375 4.951171875 0.2578125 1.34765625
map_0 76 1 5 5 5 1 1 0.001189958 0.00059675 0.0012044246 0.0006370416 0.001187 0.000594 0.001203 0.0006352 6641 1473 4221 1278 31323 475771 451 407916 97506 1473 28.6103515625 6.240234375 0.1962890625 1.388671875
map_1 76 0 5 5 5 1 1 0.00135475 0.000313125 0.0013662418 0.0003139998 0.001354 0.000312 0.0013648 0.0003124 7327 1061 4534 908 46270 236657 280 205998 103139 1061 30.138671875 4.43359375 0.169921875 1.3828125
map_2 76 1 5 5 5 1 1 0.001216292 0.000446 0.001236925 0.000446775 0.001217 0.000446 0.0012356 0.000446 6760 1264 4471 1088 34444 356302 482 295597 94671 1264 29.8310546875 5.3125 0.15234375 1.32421875
map_3 76 0 5 5 5 1 1 0.00114275 0.000526625 0.0011540252 0.0005278084 0.001143 0.000527 0.001153 0.0005268 6280 1525 4514 1164 35638 428693 185 338444 92913 1525 30.041015625 5.68359375 0.1875 1.46484375
map_4 76 1 5 5 5 1 1 0.000446625 0.00092325 0.0004511418 0.0009256668 0.000445 0.000921 0.0004502 0.0009236 2375 1950 877 1589 14568 765287 4 630648 34160 1950 12.2822265625 7.7587890625 0.15234375 1.318359375
map_5 76 0 5 5 5 1 1 0.000815125 0.00263075 0.0008163586 0.0026305914 0.000811 0.00263 0.000815 0.0026302 4370 3353 2350 2722 25077 2278203 78 1851920 62836 3353 19.474609375 13.291015625 0.1787109375 1.6083984375
map_6 76 1 5 5 5 1 1 0.001152708 0.00034475 0.0011635748 0.0003457834 0.00115 0.000345 0.0011614 0.000345 6249 1196 4726 948 35829 269711 195 224590 94485 1195 31.076171875 4.62890625 0.2197265625 1.4150390625
map_7 76 0 5 5 5 1 1 0.000476041 0.000343833 0.0004803748 0.0003449336 0.000477 0.000343 0.0004804 0.0003438 2573 1139 905 944 13151 271835 33 222736 36082 1139 12.4189453125 4.609375 0.1435546875 1.435546875
map_8 76 1 5 5 5 1 1 0.00118075 0.000758875 0.0011913418 0.0007598586 0.001177 0.000758 0.0011892 0.0007586 6416 1777 4271 1402 33536 641949 111 491034 94545 1777 28.8544921875 6.845703125 0.1904296875 1.400390625
map_9 76 0 5 5 5 1 1 0.001208 0.000250416 0.0012169 0.0002506584 0.001208 0.00025 0.0012148 0.0002506 6605 937 3812 806 38765 191545 71 162399 94992 937 26.61328125 3.935546875 0.205078125 1.353515625
map_0 77 0 5 5 5 1 1 0.001411959 0.001528292 0.001428875 0.0015300002 0.001412 0.001526 0.0014262 0.001528 7785 2617 5162 2033 42565 1318183 767 1032337 114273 2617 33.205078125 9.9267578125 0.181640625 1.283203125
map_1 77 1 5 5 5 1 1 0.000895209 0.0004335 0.0009053502 0.0004498168 0.000891 0.000433 0.0009038 0.0004454 4780 1311 2384 1023 27621 339826 15 261574 70990 1311 19.640625 4.9951171875 0.1904296875 1.4384765625
map_2 77 0 5 5 5 1 1 0.001243375 0.003428375 0.0012509002 0.0034291416 0.001243 0.003427 0.0012498 0.0034266 6741 4055 3614 3056 42540 3058850 121 2333393 96500 4055 25.646484375 14.921875 0.205078125 1.4326171875
map_3 77 1 5 5 5 1 1 0.000987333 0.00036625 0.0009988914 0.0003659584 0.000986 0.000365 0.0009966 0.0003654 5441 1288 3983 939 29867 297114 255 220373 83834 1288 27.4482421875 4.5849609375 0.1875 1.4384765625
map_4 77 0 5 5 5 1 1 0.001216917 0.000824209 0.0012319666 0.0008254668 0.001216 0.000823 0.0012298 0.0008238 6581 1971 3907 1438 42278 690762 126 516447 97124 1971 27.0771484375 7.021484375 0.19921875 1.365234375
map_5 77 1 5 5 5 1 1 0.001167125 0.000270584 0.001182675 0.0002710084 0.001162 0.00027 0.00118 0.0002704 6484 1041 4274 821 38185 212085 136 168454 94614 1041 28.869140625 4.0087890625 0.2021484375 1.388671875
map_6 77 0 5 5 5 1 1 0.001588417 0.003611333 0.0015932752 0.0036297752 0.001587 0.003609 0.0015926 0.0036278 8508 4247 6976 3080 49128 3300804 1068 2370173 129912 4247 42.0625 15.0390625 0.1904296875 1.482421875
map_7 77 1 5 5 5 1 1 0.001050333 0.000627125 0.001061058 0.0006277998 0.001047 0.000626 0.0010602 0.0006274 5723 1602 3746 1278 35346 520233 547 407907 84401 1602 26.291015625 6.240234375 0.1787109375 1.3505859375
map_8 77 0 5 5 5 1 1 0.001327375 0.001236625 0.0013469746 0.0012362414 0.001325 0.001235 0.0013456 0.0012348 7387 1959 5453 1513 37184 758618 1030 571697 109111 1959 34.6259765625 7.3876953125 0.17578125 1.3330078125
map_9 77 1 5 5 5 1 1 0.001085917 0.0005205 0.0010918584 0.0005579334 0.001086 0.00052 0.0010906 0.0005576 5865 1425 2781 1086 33927 377569 72 294769 80884 1425 21.5791015625 5.302734375 0.193359375 1.4765625
map_0 78 1 5 5 5 1 1 0.000880209 0.001309875 0.0008884834 0.0013101918 0.000877 0.001308 0.000887 0.001308 4847 2391 2420 1855 32774 1137783 226 859738 65071 2391 19.81640625 9.0576171875 0.1611328125 1.359375
map_1 78 0 5 5 5 1 1 0.001327 0.000505292 0.0013412664 0.0005050502 0.001324 0.000503 0.0013394 0.0005042 7367 1451 5627 1162 36796 402758 793 337390 107477 1451 35.4755859375 5.673828125 0.1962890625 1.4208984375
map_2 78 1 5 5 5 1 1 0.001737083 0.000515791 0.0017441498 0.0005156748 0.001734 0.000515 0.001742 0.0005148 9236 1418 7021 1150 52141 427316 1184 330299 135085 1418 42.2822265625 5.615234375 0.2138671875 1.306640625
map_3 78 0 5 5 5 1 1 0.001332583 0.001246917 0.0013501918 0.001254475 0.001329 0.001244 0.0013482 0.001253 7399 2301 5345 1799 46167 1091689 357 808622 110278 2301 34.0986328125 8.7841796875 0.2021484375 1.341796875
map_4 78 1 5 5 5 1 1 0.001365833 0.001718958 0.0013824334 0.0017201498 0.001362 0.001716 0.0013804 0.0017172 7551 2783 5838 2137 45275 1507124 782 1140889 112452 2783 36.505859375 10.4345703125 0.1962890625 1.388671875
map_5 78 0 5 5 5 1 1 0.000737958 0.001224292 0.0007382996 0.0013058668 0.000735 0.001222 0.0007374 0.0013042 3970 2230 2189 1765 20047 1005909 101 778444 56718 2230 18.6884765625 8.6181640625 0.17578125 1.4853515625
map_6 78 1 5 5 5 1 1 0.001354875 0.001998542 0.0013759 0.0019994082 0.001351 0.001995 0.0013744 0.0019968 7626 3064 5679 2257 44148 1812427 546 1272672 111544 3064 35.7294921875 11.0205078125 0.1904296875 1.3623046875
map_7 78 0 5 5 5 1 1 0.001131041 0.002666583 0.0011383582 0.0026715748 0.00113 0.002666 0.0011378 0.0026702 6290 3449 5606 2664 31789 2397795 642 1773131 95697 3449 35.373046875 13.0078125 0.1904296875 1.1982421875
map_8 78 1 5 5 5 1 1 0.000949166 0.000745917 0.00096295 0.000663625 0.000949 0.000745 0.0009614 0.0006626 5160 1401 3495 1202 27312 421470 84 360858 76618 1401 25.0654296875 5.869140625 0.228515625 1.3359375
map_9 78 0 5 5 5 1 1 0.001169084 0.006293292 0.001182617 0.0062955582 0.001168 0.00629 0.0011804 0.0062938 6432 5367 4167 4209 38165 5608682 156 4427410 90455 5367 28.3466796875 20.5517578125 0.1962890625 1.4443359375
map_0 79 0 5 5 5 1 1 0.000846125 0.000476875 0.0008511086 0.0004765164 0.000846 0.000474 0.00085 0.0004756 4586 1414 1778 1076 28824 401139 201 289179 61754 1414 16.681640625 5.25390625 0.1640625 1.3974609375
map_1 79 1 5 5 5 1 1 0.001467625 0.003475417 0.0014880252 0.0031939002 0.001464 0.003475 0.001486 0.0031916 8107 3291 6314 2685 49614 2276930 906 1802114 121000 3290 38.830078125 13.1103515625 0.2021484375 1.6787109375
map_2 79 0 5 5 5 1 1 0.001079709 0.000387792 0.0010945252 0.0003879918 0.001076 0.000386 0.0010938 0.000387 5915 1231 3110 987 36463 315313 41 243349 83263 1231 23.185546875 4.8193359375 0.1669921875 1.3798828125
map_3 79 1 5 5 5 1 1 0.000871583 0.000581792 0.0008870334 0.0005571584 0.000872 0.000579 0.0008858 0.0005564 4745 1302 3141 1086 29153 361366 31 294766 70511 1302 23.3369140625 5.302734375 0.234375 1.4501953125
map_4 79 0 5 5 5 1 1 0.000919459 0.003347667 0.0009218166 0.0033487752 0.000916 0.003345 0.000921 0.0033458 4901 3794 2632 3084 35177 2906745 80 2376370 68799 3794 20.8515625 15.05859375 0.181640625 1.341796875
map_5 79 1 5 5 5 1 1 0.001112541 0.00051575 0.001120025 0.0005172502 0.001111 0.000515 0.0011186 0.0005168 6067 1380 3799 1174 29425 418453 112 344191 84973 1380 26.5498046875 5.732421875 0.2080078125 1.341796875
map_6 79 0 5 5 5 1 1 0.001394416 0.001685666 0.0014037164 0.0015881332 0.001391 0.001682 0.0014008 0.0015858 7605 2256 3726 1795 45830 1003683 327 804823 102759 2256 26.193359375 8.7646484375 0.1962890625 1.3828125
map_7 79 1 5 5 5 1 1 0.001164959 0.001298375 0.0011674418 0.0012989086 0.001164 0.001295 0.0011668 0.0012966 6356 2396 3652 1856 39958 1123180 168 860726 92017 2395 25.83203125 9.0625 0.1904296875 1.359375
map_8 79 0 5 5 5 1 1 0.000741 0.000841125 0.000749325 0.0008411 0.00074 0.000838 0.0007478 0.0008396 3968 1854 1983 1493 23027 706464 11 556706 57922 1854 17.6826171875 7.2900390625 0.1787109375 1.341796875
map_9 79 1 5 5 5 1 1 0.001153333 0.000761083 0.0011591916 0.0007611334 0.00115 0.00076 0.0011574 0.0007608 6169 1783 3394 1398 35849 648982 45 488356 84524 1783 24.572265625 6.826171875 0.1787109375 1.3857421875
map_0 80 1 5 5 5 1 1 0.001242208 0.001482166 0.0012465834 0.0014817662 0.001242 0.001479 0.0012458 0.00148 6823 2893 4280 2006 40658 1262172 474 1005937 98650 2893 28.8984375 9.794921875 0.169921875 1.6171875
map_1 80 0 5 5 5 1 1 0.000901708 0.00123 0.0009091666 0.0012277084 0.000898 0.001227 0.0009074 0.0012254 4924 2272 3319 1794 24622 1057556 176 803906 69271 2272 24.2060546875 8.759765625 0.1875 1.376953125
map_2 80 1 5 5 5 1 1 0.000813083 0.000395 0.0008223582 0.0003953502 0.000812 0.000394 0.0008204 0.0003944 4428 1287 2078 974 29419 331752 8 237016 58111 1287 18.146484375 4.755859375 0.169921875 1.376953125
map_3 80 0 5 5 5 1 1 0.00087125 0.000323292 0.0008808002 0.0003236666 0.000869 0.000322 0.0008786 0.0003226 4727 1106 3051 901 29389 258849 33 202903 70072 1106 22.8974609375 4.3994140625 0.19921875 1.3916015625
map_4 80 1 5 5 5 1 1 0.000916583 0.000385084 0.000919358 0.0003849252 0.000917 0.000383 0.0009178 0.0003842 4926 1234 3424 1002 28395 302945 44 250841 73536 1234 24.71875 4.892578125 0.1875 1.4091796875
map_5 80 0 5 5 5 1 1 0.000936291 0.003036333 0.0009414168 0.003042725 0.000937 0.003034 0.0009406 0.0030406 5101 3698 3362 2862 26505 2648830 103 2046995 74118 3697 24.416015625 13.974609375 0.169921875 1.388671875
map_6 80 1 5 5 5 1 1 0.001119458 0.000623291 0.0011319414 0.0006237832 0.00112 0.000623 0.0011314 0.0006232 6132 1528 3636 1316 38301 497679 212 432759 87478 1528 25.75390625 6.42578125 0.1962890625 1.3798828125
map_7 80 0 5 5 5 1 1 0.001200542 0.000726667 0.0012038502 0.0007271584 0.001197 0.000725 0.0012016 0.0007258 6537 1770 4617 1379 35414 604537 333 475248 94797 1770 30.5439453125 6.7333984375 0.193359375 1.4677734375
map_8 80 1 5 5 5 1 1 0.001155208 0.001985417 0.0011688248 0.0019857416 0.001152 0.001982 0.0011678 0.001983 6459 2868 4968 2342 32902 1704782 309 1370702 94329 2868 32.2578125 11.435546875 0.1787109375 1.541015625
map_9 80 0 5 5 5 1 1 0.001329458 0.000392916 0.0013364834 0.0003935166 0.001329 0.000393 0.0013348 0.0003926 7307 1198 4674 1036 43128 304968 93 268090 100746 1198 30.822265625 5.05859375 0.2021484375 1.3623046875
map_0 81 0 5 5 5 1 1 0.000872375 0.002195125 0.0008853834 0.0021961916 0.000873 0.002192 0.000884 0.0021946 4883 3012 3297 2469 23066 1900414 114 1522847 71788 3012 24.0986328125 12.0556640625 0.1875 1.294921875
map_1 81 1 5 5 5 1 1 0.00113375 0.000465708 0.0011522 0.0004665584 0.001134 0.000466 0.0011508 0.0004658 6324 1407 4398 1079 34675 384129 271 290710 91316 1407 29.474609375 5.2685546875 0.1845703125 1.3447265625
map_2 81 0 5 5 5 1 1 0.000931833 0.000240708 0.0009459914 0.0002408 0.000931 0.00024 0.0009454 0.0002402 5153 913 3341 784 30004 184838 89 153595 69216 913 24.3134765625 3.828125 0.1904296875 1.3037109375
map_3 81 1 5 5 5 1 1 0.001175084 0.000270625 0.0011897918 0.0002728082 0.001175 0.00027 0.001188 0.000272 6523 1045 4943 794 39307 205019 142 157519 99887 1045 32.1357421875 3.876953125 0.216796875 1.3564453125
map_4 81 0 5 5 5 1 1 0.000967208 0.001829875 0.0009770914 0.0018301584 0.000967 0.001825 0.0009762 0.0018272 5253 15063 3026 1521 31857 1806014 19 578103 76354 15063 22.775390625 7.4267578125 0.205078125 1.3505859375
map_5 81 1 5 5 5 1 1 0.001243208 0.000331875 0.001257675 0.0003322502 0.00124 0.000332 0.001256 0.000332 6884 1168 5139 928 37986 259118 359 215196 97272 1168 33.0927734375 4.53125 0.205078125 1.341796875
map_6 81 0 5 5 5 1 1 0.001418792 0.000287208 0.0014308584 0.000287333 0.001418 0.000286 0.001429 0.0002866 7753 1038 6070 844 45111 229135 769 177999 112531 1038 37.638671875 4.12109375 0.19921875 1.359375
map_7 81 1 5 5 5 1 1 0.00111 0.002213 0.0011278752 0.002214675 0.001107 0.002211 0.0011264 0.0022124 6213 2974 5092 2502 34359 1889051 502 1564011 92146 2974 32.86328125 12.216796875 0.1611328125 1.3388671875
map_8 81 0 5 5 5 1 1 0.001192125 0.000841792 0.0012051334 0.0008214168 0.00119 0.000838 0.0012042 0.00082 6645 1785 5543 1327 32337 610424 532 440110 100115 1785 35.0654296875 6.4794921875 0.2109375 1.4208984375
map_9 81 1 5 5 5 1 1 0.000997625 0.001120333 0.001007275 0.0011194584 0.000998 0.001117 0.0010062 0.0011186 5506 2137 3913 1740 29697 949777 96 756774 77438 2137 27.1064453125 8.49609375 0.1669921875 1.5673828125
map_0 82 1 5 5 5 1 1 0.000857083 0.000318625 0.0008637084 0.0003153584 0.000856 0.000318 0.0008624 0.000315 4601 1045 2493 914 26490 243551 10 208848 67123 1045 20.1728515625 4.462890625 0.1875 1.306640625
map_1 82 0 5 5 5 1 1 0.001530042 0.000840083 0.0015366086 0.0008397418 0.001527 0.000837 0.0015348 0.000838 8389 1792 6215 1503 47865 701277 665 564217 121985 1792 38.3466796875 7.3388671875 0.19921875 1.3681640625
map_2 82 1 5 5 5 1 1 0.001223084 0.004051417 0.0012304334 0.0040491832 0.001221 0.004049 0.0012284 0.0040472 6640 4333 3500 3297 36687 3663023 1 2717530 92759 4333 25.08984375 16.0986328125 0.1787109375 1.65234375
map_3 82 0 5 5 5 1 1 0.001299333 0.007415458 0.0013132916 0.0074166416 0.001299 0.007412 0.001312 0.007414 7215 5976 5523 4518 39779 6745457 612 5103030 110296 5975 34.9677734375 22.060546875 0.2021484375 1.9423828125
map_4 82 1 5 5 5 1 1 0.00128875 0.001352541 0.0012804584 0.001352075 0.001289 0.001351 0.001279 0.0013504 6815 2447 5197 1913 38113 1153270 345 914864 102697 2447 33.3759765625 9.3408203125 0.1875 1.6669921875
map_5 82 0 5 5 5 1 1 0.00091775 0.000315459 0.0009239416 0.0003156 0.000915 0.000316 0.0009224 0.0003154 4970 1054 3139 908 27581 247375 76 205986 74099 1054 23.3271484375 4.43359375 0.1787109375 1.341796875
map_6 82 1 5 5 5 1 1 0.001267042 0.002756709 0.00128615 0.0027563502 0.001268 0.002754 0.0012846 0.0027544 7003 3549 5007 2689 43177 2496110 286 1806743 105939 3549 32.4482421875 13.1298828125 0.2080078125 1.3798828125
map_7 82 0 5 5 5 1 1 0.00097025 0.001894791 0.000980725 0.00189525 0.00097 0.001891 0.0009802 0.0018922 5295 2797 3283 2293 32502 1629058 57 1313415 80406 2797 24.0302734375 11.1962890625 0.1669921875 1.283203125
map_8 82 1 5 5 5 1 1 0.001449334 0.002602709 0.001473275 0.0026064502 0.001449 0.002603 0.0014732 0.002606 8005 3599 6039 2666 42386 2290705 522 1775676 123009 3598 37.4873046875 13.017578125 0.1728515625 1.3212890625
map_9 82 0 5 5 5 1 1 0.000958917 0.000612375 0.0009677586 0.000612 0.000956 0.00061 0.000967 0.0006104 5184 1596 2916 1248 29602 513552 58 389307 74110 1596 22.23828125 6.09375 0.1875 1.400390625
map_0 83 0 5 5 5 1 1 0.000936875 0.000493833 0.0009401002 0.0004939416 0.000934 0.000493 0.0009382 0.0004934 5102 1405 2872 1125 29017 407640 145 316063 74296 1405 22.0234375 5.4931640625 0.158203125 1.3212890625
map_1 83 1 5 5 5 1 1 0.000959458 0.000356291 0.000970325 0.0003570584 0.000959 0.000357 0.000969 0.0003564 5205 1211 2944 930 28816 293582 38 216064 72926 1211 22.375 4.541015625 0.17578125 1.34765625
map_2 83 0 5 5 5 1 1 0.001079667 0.001581917 0.0010911418 0.00158225 0.001079 0.001579 0.00109 0.0015802 5964 2637 3504 2089 29139 1346268 122 1090212 83617 2637 25.109375 10.2001953125 0.1904296875 1.37109375
map_3 83 1 5 5 5 1 1 0.001138166 0.000230292 0.0011513664 0.0002318332 0.001137 0.00023 0.0011502 0.00023 6261 887 5169 772 33475 175171 613 148973 92855 887 33.2392578125 3.76953125 0.1728515625 1.3447265625
map_4 83 0 5 5 5 1 1 0.001465667 0.001600833 0.0014746418 0.0016017832 0.001466 0.001598 0.0014728 0.001599 7998 2696 5871 2058 46933 1399930 900 1058011 113848 2696 36.6669921875 10.048828125 0.2021484375 1.3857421875
map_5 83 1 5 5 5 1 1 0.001083625 0.000440625 0.0010941502 0.0004408916 0.00108 0.000439 0.001092 0.0004398 5931 1265 4120 1084 30642 351221 68 293498 85236 1265 28.1171875 5.29296875 0.1787109375 1.341796875
map_6 83 0 5 5 5 1 1 0.001190292 0.000802958 0.0012118002 0.0008031666 0.001187 0.000802 0.0012094 0.0008018 6710 1732 4858 1515 39867 641619 218 573579 98763 1732 31.720703125 7.3974609375 0.2109375 1.306640625
map_7 83 1 5 5 5 1 1 0.000958 0.000495125 0.0009684832 0.0004958084 0.000954 0.000493 0.0009666 0.0004946 5236 1461 4228 1114 25854 410768 59 309963 79783 1461 28.64453125 5.439453125 0.1875 1.3828125
map_8 83 0 5 5 5 1 1 0.001232875 0.000567584 0.0012440334 0.000568175 0.00123 0.000567 0.0012418 0.0005672 6817 1506 5015 1217 39425 467235 449 369865 100643 1506 32.4873046875 5.9423828125 0.193359375 1.318359375
map_9 83 1 5 5 5 1 1 0.001461208 0.000442917 0.0014759582 0.000442775 0.001457 0.000443 0.0014742 0.0004424 8006 1291 4696 1077 43390 356573 492 289664 110189 1291 30.9296875 5.2587890625 0.1875 1.330078125
map_0 84 1 5 5 5 1 1 0.001208791 0.001798958 0.0012123832 0.0017986834 0.001208 0.001796 0.0012104 0.0017972 6475 2876 4330 2184 39872 1583687 422 1191500 93455 2876 29.142578125 10.6640625 0.169921875 1.3125
map_1 84 0 5 5 5 1 1 0.001420875 0.0013215 0.0014376086 0.0013255496 0.001421 0.001321 0.0014344 0.0013248 7778 2381 6129 1889 46686 1135091 1050 891397 111177 2381 37.9267578125 9.2236328125 0.2109375 1.359375
map_2 84 1 5 5 5 1 1 0.001442 0.001123959 0.0014509586 0.0011229836 0.001438 0.001122 0.0014484 0.0011216 7769 2177 5216 1692 42018 991385 514 715055 110884 2177 33.46875 8.26171875 0.1904296875 1.3447265625
map_3 84 0 5 5 5 1 1 0.001013875 0.000700667 0.001020233 0.0007008334 0.001013 0.000698 0.0010196 0.0006988 5593 1620 3923 1387 27800 568679 290 480538 83955 1620 27.1552734375 6.7724609375 0.1875 1.3212890625
map_4 84 1 5 5 5 1 1 0.001087 0.00542175 0.0010950418 0.005498925 0.001087 0.005419 0.0010934 0.0054966 5886 5166 3697 3800 37450 4960288 213 3608232 81148 5166 26.0517578125 18.5546875 0.2021484375 1.4384765625
map_5 84 0 5 5 5 1 1 0.000894791 0.000372709 0.0009030748 0.0003732252 0.000895 0.000373 0.0009022 0.0003726 4867 1179 2949 979 21026 300302 48 239459 70544 1179 22.3994140625 4.7802734375 0.193359375 1.3564453125
map_6 84 1 5 5 5 1 1 0.001315958 0.000561417 0.0013245414 0.000561625 0.001316 0.00056 0.001323 0.0005606 7222 1501 5106 1224 40764 452468 260 374221 105027 1501 32.931640625 5.9765625 0.2021484375 1.4033203125
map_7 84 0 5 5 5 1 1 0.001286625 0.005137958 0.001290575 0.0051450666 0.001283 0.005135 0.0012886 0.0051428 7024 5087 5488 3687 40059 4733755 641 3397304 104782 5087 34.796875 18.0029296875 0.2138671875 1.412109375
map_8 84 1 5 5 5 1 1 0.00102725 0.000648083 0.0010380502 0.0006466254 0.001024 0.000645 0.0010362 0.0006452 5619 1772 3540 1250 29925 555311 160 390307 81656 1772 25.28515625 6.103515625 0.15234375 1.4267578125
map_9 84 0 5 5 5 1 1 0.001124542 0.000414416 0.0011303168 0.0004146332 0.001124 0.000414 0.0011292 0.0004142 6113 1219 4075 1059 28432 325551 137 280120 87313 1219 27.8974609375 5.1708984375 0.2021484375 1.3828125
map_0 85 0 5 5 5 1 1 0.001120417 0.000686542 0.0011363832 0.000686142 0.001118 0.000685 0.001135 0.0006852 6208 4300 3308 1250 33069 556033 364 390297 86766 4300 24.15234375 6.103515625 0.205078125 1.44140625
map_1 85 1 5 5 5 1 1 0.001076375 0.000393958 0.0010914832 0.0003943582 0.001075 0.000393 0.0010898 0.0003936 5947 1247 3976 1020 31546 310915 107 259886 87443 1247 27.4140625 4.98046875 0.15234375 1.3271484375
map_2 85 0 5 5 5 1 1 0.000876417 0.001032708 0.0008820002 0.0010347334 0.000876 0.001032 0.0008808 0.0010338 4672 3668 1921 1620 30037 865908 32 655654 65339 3668 17.3798828125 7.91015625 0.169921875 1.412109375
map_3 85 1 5 5 5 1 1 0.001362958 0.000651584 0.0013812416 0.0006527084 0.001359 0.000651 0.0013788 0.0006518 7563 1729 6008 1286 48135 549749 532 413424 110992 1728 37.3359375 6.279296875 0.1962890625 1.552734375
map_4 85 0 5 5 5 1 1 0.001274583 0.000258375 0.001289183 0.0002589168 0.001274 0.000258 0.0012872 0.0002584 6913 1077 4746 808 42790 196930 608 163132 96230 1077 31.173828125 3.9453125 0.1787109375 1.376953125
map_5 85 1 5 5 5 1 1 0.001352041 0.001385292 0.001366725 0.0013861166 0.001351 0.001383 0.0013658 0.0013838 7510 2489 5307 1922 36430 1199008 830 923195 108235 2489 33.9130859375 9.384765625 0.146484375 1.5263671875
map_6 85 0 5 5 5 1 1 0.00144175 0.000760791 0.0014543166 0.0007603164 0.001441 0.000759 0.001452 0.0007596 7912 1790 4635 1440 49867 620325 235 517877 110072 1790 30.6318359375 7.03125 0.216796875 1.3359375
map_7 85 1 5 5 5 1 1 0.001172917 0.00075475 0.0011812586 0.0007540082 0.00117 0.000752 0.0011796 0.0007524 6404 1806 4484 1388 35939 640214 226 481192 94952 1806 29.89453125 6.77734375 0.1669921875 1.3388671875
map_8 85 0 5 5 5 1 1 0.001281958 0.000309541 0.0012958336 0.0003093248 0.00128 0.000308 0.001294 0.0003084 6903 1046 4790 896 33968 242334 305 200555 101397 1046 31.388671875 4.375 0.1904296875 1.3388671875
map_9 85 1 5 5 5 1 1 0.001357208 0.000786417 0.001369858 0.0007861916 0.001358 0.000785 0.001369 0.0007854 7477 2066 5487 1329 40542 716733 658 441396 111342 2066 34.7919921875 6.4892578125 0.17578125 1.4853515625
map_0 86 1 5 5 5 1 1 0.001265375 0.000603583 0.0012796418 0.000604925 0.001263 0.000602 0.0012776 0.0006034 6992 1567 4098 1252 38662 502498 244 391525 99408 1567 28.009765625 6.11328125 0.181640625 1.3564453125
map_1 86 0 5 5 5 1 1 0.00134925 0.000322125 0.0013674834 0.0003230748 0.001349 0.000322 0.0013656 0.0003226 7366 1133 5728 915 44340 251425 592 209256 107685 1133 35.96875 4.4677734375 0.1875 1.365234375
map_2 86 1 5 5 5 1 1 0.001061542 0.000235375 0.0010664166 0.0002356082 0.001061 0.000236 0.0010642 0.0002356 5837 926 3801 776 30161 179568 90 150529 81317 926 26.5595703125 3.7890625 0.2109375 1.353515625
map_3 86 0 5 5 5 1 1 0.001226041 0.000738625 0.0012391912 0.0007394498 0.001225 0.000737 0.001238 0.0007384 6762 1862 5454 1353 41460 638492 235 457426 99678 1862 34.630859375 6.6064453125 0.1728515625 1.458984375
map_4 86 1 5 5 5 1 1 0.00072825 0.002531083 0.0007387166 0.0025300248 0.000728 0.002528 0.000738 0.002529 3977 3206 1760 2698 25035 2146191 7 1818703 54972 3206 16.59375 13.173828125 0.1728515625 1.3330078125
map_5 86 0 5 5 5 1 1 0.001085625 0.000936792 0.0011020668 0.0009066334 0.001082 0.000936 0.0010992 0.0009056 6022 1695 3370 1336 32608 597493 41 445872 85783 1695 24.455078125 6.5234375 0.216796875 1.4326171875
map_6 86 1 5 5 5 1 1 0.000877583 0.000357625 0.0008891166 0.0003572416 0.000877 0.000357 0.0008884 0.0003566 4878 1182 3032 966 25798 279600 13 233082 70589 1182 22.8046875 4.716796875 0.169921875 1.3271484375
map_7 86 0 5 5 5 1 1 0.000528 0.001422958 0.0005340166 0.0014225584 0.000529 0.00142 0.000533 0.0014204 2894 2433 1657 1996 13898 1194135 66 995597 42360 2433 16.0908203125 9.74609375 0.146484375 1.388671875
map_8 86 1 5 5 5 1 1 0.000971458 0.001317042 0.0009814166 0.0013167752 0.000968 0.001316 0.0009804 0.0013162 5367 2266 3983 1896 27282 1124277 65 897921 78758 2266 27.4482421875 9.2578125 0.1962890625 1.3564453125
map_9 86 0 5 5 5 1 1 0.001050125 0.000341417 0.0010591918 0.0003425416 0.001047 0.000341 0.0010564 0.0003414 5746 1164 4197 931 28652 274114 113 216475 83782 1164 28.4931640625 4.5458984375 0.1728515625 1.359375
map_0 87 0 5 5 5 1 1 0.001187625 0.000768125 0.0011986084 0.0007685418 0.001187 0.000768 0.001197 0.0007676 6567 1723 4377 1449 37220 629163 383 524836 96536 1723 29.3720703125 7.0751953125 0.2109375 1.3681640625
map_1 87 1 5 5 5 1 1 0.000952583 0.000226417 0.0009687248 0.0002276002 0.000953 0.000226 0.0009666 0.0002268 5240 908 3339 767 28113 168819 140 146976 75684 908 24.3037109375 3.7451171875 0.2138671875 1.294921875
map_2 87 0 5 5 5 1 1 0.00114275 0.000532125 0.0011604748 0.0005331582 0.001142 0.000532 0.0011584 0.0005324 6402 1448 3767 1160 36975 449051 344 336021 91771 1448 26.3935546875 5.6640625 0.1787109375 1.294921875
map_3 87 1 5 5 5 1 1 0.000752709 0.00132 0.0007592502 0.0013209082 0.00075 0.001317 0.0007586 0.0013186 4043 2527 2054 1839 24761 1165235 18 844959 59904 2527 18.029296875 8.9794921875 0.17578125 1.4443359375
map_4 87 0 5 5 5 1 1 0.001129542 0.00295425 0.0011393334 0.0029553998 0.001129 0.00295 0.0011378 0.0029524 6140 3700 4088 2855 33052 2594930 186 2036492 89546 3700 27.9609375 13.9404296875 0.1875 1.3564453125
map_5 87 1 5 5 5 1 1 0.001268667 0.001367417 0.0012902584 0.0013701416 0.001268 0.001365 0.0012884 0.001368 7243 2427 6670 1886 36062 1204553 973 888797 107260 2427 40.568359375 9.208984375 0.234375 1.39453125
map_6 87 0 5 5 5 1 1 0.000945167 0.000404375 0.0009556332 0.0004050248 0.000945 0.000404 0.000955 0.0004042 5092 1247 3530 1036 27196 318969 42 268178 78024 1247 25.236328125 5.05859375 0.1904296875 1.3681640625
map_7 87 1 5 5 5 1 1 0.001315625 0.000762708 0.0013319084 0.0007757332 0.001312 0.000762 0.001331 0.0007744 7244 1757 5476 1426 37071 632431 310 507819 109350 1757 34.73828125 6.962890625 0.1611328125 1.3330078125
map_8 87 0 5 5 5 1 1 0.001121625 0.00477025 0.0011264916 0.004769283 0.001119 0.004767 0.0011238 0.004765 6044 4675 3802 3613 36387 4297723 68 3262338 92454 4675 26.564453125 17.6416015625 0.17578125 1.5263671875
map_9 87 1 5 5 5 1 1 0.001246125 0.000766916 0.0012677252 0.0007667912 0.001245 0.000766 0.0012656 0.000766 6923 1720 5040 1442 37844 633436 255 519342 101793 1720 32.609375 7.041015625 0.2197265625 1.3447265625
map_0 88 1 5 5 5 1 1 0.001109334 0.00046525 0.0011183918 0.0004668248 0.001109 0.000465 0.0011168 0.0004662 6037 1296 4040 1112 35930 374337 292 308969 87344 1296 27.7265625 5.4296875 0.2080078125 1.330078125
map_1 88 0 5 5 5 1 1 0.001118042 0.00110725 0.00112985 0.0011071168 0.001118 0.001105 0.0011282 0.0011054 6157 2183 4287 1708 34617 953348 304 729073 89293 2183 28.9326171875 8.33984375 0.1875 1.3271484375
map_2 88 1 5 5 5 1 1 0.001250959 0.00080675 0.0012613084 0.0008072918 0.00125 0.000806 0.0012606 0.0008058 6732 1783 3489 1473 41819 673323 51 542371 94163 1783 25.0361328125 7.1923828125 0.1728515625 1.505859375
map_3 88 0 5 5 5 1 1 0.001140792 0.001849833 0.001145425 0.0018504416 0.001137 0.001848 0.0011432 0.0018482 6150 2870 4151 2211 33509 1640127 77 1221505 92441 2870 28.2685546875 10.7958984375 0.17578125 1.32421875
map_4 88 1 5 5 5 1 1 0.001176625 0.001190917 0.0011834166 0.001194867 0.001176 0.001187 0.001182 0.0011922 6420 2355 4733 1726 39094 1060537 151 744103 96340 2355 31.1103515625 8.427734375 0.22265625 1.3623046875
map_5 88 0 5 5 5 1 1 0.001023667 0.000640792 0.0010298416 0.0006407168 0.001023 0.000637 0.0010288 0.0006396 5651 1686 3860 1284 29266 534547 110 411776 81488 1686 26.84765625 6.26953125 0.205078125 1.3916015625
map_6 88 1 5 5 5 1 1 0.001053542 0.00396275 0.0010600086 0.0039627498 0.001051 0.003959 0.0010582 0.00396 5812 4255 3241 3292 33128 3545428 183 2707846 82216 4255 23.8251953125 16.07421875 0.1640625 1.3916015625
map_7 88 0 5 5 5 1 1 0.001131083 0.001107333 0.0011444416 0.0011120748 0.001131 0.001105 0.0011436 0.0011106 6337 2222 4857 1685 34664 968030 442 709171 93202 2222 31.7158203125 8.2275390625 0.1962890625 1.3681640625
map_8 88 1 5 5 5 1 1 0.001125083 0.000857917 0.0011428082 0.0008699582 0.001125 0.000856 0.0011412 0.0008682 6236 2029 4864 1432 31031 757718 204 512095 92350 2029 31.75 6.9921875 0.2138671875 1.2978515625
map_9 88 0 5 5 5 1 1 0.001299833 0.003314708 0.0013229334 0.003314025 0.001299 0.003312 0.0013208 0.0033116 7285 3783 5142 3015 45441 2949210 237 2271620 105339 3783 33.107421875 14.7216796875 0.2138671875 1.3740234375
map_0 89 0 5 5 5 1 1 0.000830541 0.000787584 0.0008394334 0.00078975 0.00083 0.000787 0.000837 0.0007888 4473 1850 2259 1398 26817 689572 76 488516 64407 1850 19.0302734375 6.826171875 0.17578125 1.5673828125
map_1 89 1 5 5 5 1 1 0.001046708 0.000371833 0.0010640502 0.0003732418 0.001047 0.000372 0.0010626 0.0003722 5804 1186 3761 972 30663 300968 20 236022 85757 1186 26.3642578125 4.74609375 0.205078125 1.3916015625
map_2 89 0 5 5 5 1 1 0.000889459 0.001787417 0.000898992 0.0017888168 0.000888 0.001786 0.0008974 0.0017866 4894 2761 2681 2202 23288 1555939 23 1211718 67733 2761 21.0908203125 10.751953125 0.1787109375 1.3623046875
map_3 89 1 5 5 5 1 1 0.001028166 0.000449958 0.0010359334 0.0004499832 0.001025 0.000449 0.001035 0.000449 5687 1325 3660 1092 33180 359606 378 297991 84148 1325 25.87109375 5.33203125 0.169921875 1.435546875
map_4 89 0 5 5 5 1 1 0.001388125 0.002907916 0.0014038998 0.002908733 0.001388 0.002904 0.0014022 0.0029064 7696 3509 5757 2869 43084 2518731 716 2057665 108856 3508 36.1103515625 14.0087890625 0.193359375 1.3681640625
map_5 89 1 5 5 5 1 1 0.001434209 0.001014416 0.00144735 0.0010153082 0.001434 0.001011 0.0014456 0.0010138 8005 2095 5965 1595 43702 889553 765 635755 114836 2095 37.1259765625 7.7880859375 0.216796875 1.4033203125
map_6 89 0 5 5 5 1 1 0.001253375 0.000356667 0.0012718 0.00035725 0.001253 0.000357 0.0012696 0.0003566 6955 1104 4882 996 45699 272854 244 247938 101903 1104 31.837890625 4.86328125 0.1845703125 1.423828125
map_7 89 1 5 5 5 1 1 0.001173958 0.001188 0.0011816748 0.0011884584 0.00117 0.001188 0.0011786 0.001188 6427 2166 4809 1806 35313 1006255 318 814659 97036 2166 31.4814453125 8.818359375 0.1728515625 1.2978515625
map_8 89 0 5 5 5 1 1 0.001042417 0.00058575 0.001055325 0.0005854586 0.001042 0.000584 0.0010536 0.0005842 5687 1454 3726 1264 28407 473110 89 399127 84531 1454 26.193359375 6.171875 0.15234375 1.3798828125
map_9 89 1 5 5 5 1 1 0.000950917 0.00061625 0.0009614418 0.000615817 0.000948 0.000614 0.0009604 0.0006146 5225 1630 2685 1245 29966 522501 36 387253 72503 1630 21.1103515625 6.0791015625 0.17578125 1.5029296875
map_0 90 1 5 5 5 1 1 0.0009875 0.001137334 0.0009872502 0.0012322754 0.000984 0.001134 0.000985 0.0012298 5361 2103 3800 1739 26996 930268 74 755738 76903 2103 26.5546875 8.4912109375 0.2255859375 1.3212890625
map_1 90 0 5 5 5 1 1 0.001083375 0.000433791 0.0010921414 0.0004077584 0.00108 0.000433 0.0010898 0.0004066 5910 1112 4080 893 34100 254442 103 199270 88860 1112 27.921875 4.3603515625 0.2138671875 1.359375
map_2 90 1 5 5 5 1 1 0.0009005 0.000628084 0.000911225 0.0006280502 0.0009 0.000628 0.0009108 0.0006278 4948 1600 2541 1277 28609 523230 6 407364 67926 1600 20.4072265625 6.2353515625 0.193359375 1.4033203125
map_3 90 0 5 5 5 1 1 0.001308208 0.000338833 0.0013176666 0.0003391502 0.001307 0.000338 0.001316 0.0003386 7354 1121 5642 926 41984 271132 899 214177 108229 1121 35.548828125 4.521484375 0.2021484375 1.3447265625
map_4 90 1 5 5 5 1 1 0.001184667 0.000214667 0.0011927 0.00021435 0.001182 0.000214 0.0011912 0.0002134 6480 929 4788 737 37797 160108 335 135762 92530 929 31.37890625 3.5986328125 0.234375 1.341796875
map_5 90 0 5 5 5 1 1 0.001263 0.000760917 0.00127895 0.0007604668 0.001264 0.000759 0.001277 0.0007596 6983 1776 4557 1405 35796 642891 497 493158 101454 1776 30.2509765625 6.8603515625 0.2138671875 1.4150390625
map_6 90 1 5 5 5 1 1 0.001485541 0.000323625 0.00149385 0.0003234586 0.001485 0.000323 0.0014922 0.0003226 8261 1220 5568 890 41493 257311 829 197900 113580 1220 35.1875 4.345703125 0.2109375 1.3681640625
map_7 90 0 5 5 5 1 1 0.000885583 0.000258583 0.0008949418 0.0002584246 0.000885 0.000258 0.0008936 0.0002578 4837 950 3373 820 25834 197628 63 168018 72426 950 24.4697265625 4.00390625 0.181640625 1.4150390625
map_8 90 1 5 5 5 1 1 0.001139917 0.000418834 0.0011545668 0.0004174836 0.00114 0.000416 0.001154 0.0004164 6257 1284 4140 1031 33016 339119 211 265559 92847 1284 28.21484375 5.0341796875 0.216796875 1.3916015625
map_9 90 0 5 5 5 1 1 0.001233958 0.005977416 0.001249 0.0059768416 0.001233 0.005975 0.0012462 0.0059746 6909 5224 4971 4053 37033 5417214 405 4104762 98051 5224 32.2724609375 19.7900390625 0.2021484375 1.3681640625
map_0 91 0 5 5 5 1 1 0.000889459 0.003401084 0.0008993918 0.0034012834 0.000886 0.003399 0.000897 0.003399 4884 4035 2619 3011 31265 3077125 26 2266395 69874 4035 20.7880859375 14.7021484375 0.1611328125 1.728515625
map_1 91 1 5 5 5 1 1 0.001119625 0.001067416 0.0011346582 0.0009807666 0.001119 0.001067 0.0011334 0.0009786 6200 1821 4229 1407 36167 649496 437 494480 88019 1821 28.6494140625 6.8701171875 0.19921875 1.3974609375
map_2 91 0 5 5 5 1 1 0.000994792 0.000730875 0.0010070334 0.0007304584 0.000994 0.000729 0.0010048 0.0007292 5392 1702 3002 1399 32478 606667 40 488796 77454 1702 22.658203125 6.8310546875 0.158203125 1.3505859375
map_3 91 1 5 5 5 1 1 0.001219125 0.000724125 0.001235075 0.0007229002 0.001216 0.000721 0.0012336 0.000721 6653 1722 4448 1386 50111 597652 183 480216 96887 1722 29.71875 6.767578125 0.1962890625 1.458984375
map_4 91 0 5 5 5 1 1 0.001150417 0.000698541 0.0011384752 0.0006985582 0.001147 0.000698 0.0011344 0.000698 6001 1684 3799 1356 41311 582228 285 459234 88766 1684 26.5498046875 6.62109375 0.169921875 1.3740234375
map_5 91 1 5 5 5 1 1 0.001124459 0.00073325 0.0011334586 0.0007301332 0.001124 0.000731 0.001132 0.0007274 6219 1697 4414 1394 33650 610233 178 485356 92597 1697 29.552734375 6.806640625 0.2197265625 1.3623046875
map_6 91 0 5 5 5 1 1 0.000959625 0.000734667 0.0009728836 0.0007345498 0.000959 0.000732 0.0009712 0.0007324 5253 1867 3427 1338 29671 636777 41 447456 79302 1867 24.7333984375 6.533203125 0.1845703125 1.576171875
map_7 91 1 5 5 5 1 1 0.000953541 0.002617875 0.0009638832 0.0026183998 0.000954 0.002617 0.000963 0.0026164 5223 3335 3369 2709 29604 2267497 13 1833564 77641 3335 24.4501953125 13.2275390625 0.1845703125 1.39453125
map_8 91 0 5 5 5 1 1 0.001068042 0.0001775 0.0010747998 0.00017815 0.001068 0.000177 0.0010732 0.0001772 5842 779 3929 665 29761 133469 58 110552 83670 779 27.1845703125 3.2470703125 0.2255859375 1.318359375
map_9 91 1 5 5 5 1 1 0.0011725 0.000515042 0.0011830164 0.0005162086 0.001172 0.000515 0.001182 0.0005154 6470 1396 4727 1177 33452 415501 281 345940 96049 1396 31.0810546875 5.7470703125 0.1904296875 1.2802734375
